gene,baseMean,log2FoldChange,lfcSE,pvalue,padj,entrez_id,description,
CDCA8,1894.844057,-3.463662006,0.06993591,0,0,55143,cell division cycle associated 8,
CDC20,6282.636887,-2.853754647,0.070218198,0,0,991,cell division cycle 20,
KIF2C,1981.576999,-3.34612309,0.082640955,0,0,11004,kinesin family member 2C,
NES,6116.478198,-2.067325136,0.055099875,0,0,10763,nestin,
NUF2,1662.559547,-3.454903416,0.073332421,0,0,83540,NUF2 component of NDC80 kinetochore complex,
NEK2,1072.890873,-3.159384246,0.082409702,0,0,4751,NIMA related kinase 2,
DTL,2276.113091,-3.538664182,0.080256659,0,0,51514,denticleless E3 ubiquitin protein ligase homolog,
EXO1,2037.767395,-3.371807455,0.072389362,0,0,9156,exonuclease 1,
NCAPH,1925.920758,-3.70592399,0.083920604,0,0,23397,non-SMC condensin I complex subunit H,
BUB1,3859.695696,-3.170093809,0.071605485,0,0,699,BUB1 mitotic checkpoint serine/threonine kinase,
CKAP2L,1181.263055,-3.417573231,0.086611768,0,0,150468,cytoskeleton associated protein 2 like,
ITGA6,6017.42784,-2.390380811,0.057511184,0,0,3655,integrin subunit alpha 6,
SGO2,1432.023205,-2.826667066,0.073894202,0,0,151246,shugoshin 2,
HJURP,2043.070813,-3.785336986,0.066950643,0,0,55355,Holliday junction recognition protein,
PLCD1,1086.405345,3.49457473,0.090569187,0,0,5333,phospholipase C delta 1,
KIAA1524,2294.974719,-2.77332729,0.062017738,0,0,NA,NA,
NCAPG,1715.796665,-3.322720573,0.074212848,0,0,64151,non-SMC condensin I complex subunit G,
CCNG2,1967.557787,3.362508196,0.070283338,0,0,901,cyclin G2,
CENPE,2059.768925,-3.27518924,0.080759991,0,0,1062,centromere protein E,
MAD2L1,1335.979618,-3.015543885,0.075716946,0,0,4085,mitotic arrest deficient 2 like 1,
CCNA2,1681.422331,-3.468023749,0.068699235,0,0,890,cyclin A2,
PLK4,1027.889723,-2.794830663,0.072379102,0,0,10733,polo like kinase 4,
TRIP13,3092.982836,-2.81974368,0.070831477,0,0,9319,thyroid hormone receptor interactor 13,
CCNB1,8580.491937,-2.868145908,0.061198343,0,0,891,cyclin B1,
TCOF1,7007.775885,-2.730542712,0.072131979,0,0,6949,treacle ribosome biogenesis factor 1,
HMMR,2127.44712,-3.261621421,0.066140304,0,0,3161,hyaluronan mediated motility receptor,
KIFC1,1785.12673,-3.499451773,0.090553311,0,0,3833,kinesin family member C1,
TTK,1321.775622,-3.2566423,0.079605479,0,0,7272,TTK protein kinase,
XRCC2,1379.093074,-3.474503418,0.083326303,0,0,7516,X-ray repair cross complementing 2,
CDCA2,1339.891491,-3.267400493,0.074155972,0,0,157313,cell division cycle associated 2,
PBK,1353.957134,-3.4954887,0.089288973,0,0,55872,PDZ binding kinase,
MCM10,1431.369591,-4.036802121,0.102344285,0,0,55388,minichromosome maintenance 10 replication initiation factor,
CDK1,2973.591512,-3.598402519,0.093376871,0,0,983,cyclin dependent kinase 1,
CEP55,2662.474901,-3.03635727,0.067163982,0,0,55165,centrosomal protein 55,
CDCA5,3195.713795,-2.906886819,0.060584405,0,0,113130,cell division cycle associated 5,
FOSL1,6211.231812,-4.383276841,0.102583102,0,0,8061,"FOS like 1, AP-1 transcription factor subunit",
DDIAS,1439.800684,-3.365796032,0.072580739,0,0,220042,DNA damage induced apoptosis suppressor,
ESPL1,1994.065526,-3.340189908,0.083917863,0,0,9700,"extra spindle pole bodies like 1, separase",
CALCOCO1,4466.017822,1.970577675,0.052212928,0,0,57658,calcium binding and coiled-coil domain 1,
TMPO,3310.851372,-2.214028829,0.055915414,0,0,7112,thymopoietin,
SKA3,1373.432038,-3.377102993,0.074476521,0,0,221150,spindle and kinetochore associated complex subunit 3,
CDKN3,1369.669514,-3.176246503,0.078741875,0,0,1033,cyclin dependent kinase inhibitor 3,
DLGAP5,2249.749544,-3.498448203,0.0845583,0,0,9787,DLG associated protein 5,
BUB1B,1908.907043,-3.347200052,0.0825027,0,0,701,BUB1 mitotic checkpoint serine/threonine kinase B,
CASC5,1187.215949,-3.492043641,0.083381116,0,0,NA,NA,
KIF23,3434.235473,-3.082953709,0.074559959,0,0,9493,kinesin family member 23,
FANCI,3037.251021,-2.490749292,0.06415875,0,0,55215,FA complementation group I,
KIF22,2872.01425,-2.142373174,0.054842781,0,0,3835,kinesin family member 22,
SHCBP1,2874.946763,-2.986004995,0.068956703,0,0,79801,SHC binding and spindle associated 1,
GINS2,1606.104232,-2.725393238,0.071743697,0,0,51659,GINS complex subunit 2,
AURKB,3446.915623,-3.41378213,0.074889728,0,0,9212,aurora kinase B,
CDC6,2812.771472,-3.013503829,0.074036526,0,0,990,cell division cycle 6,
ETV4,807.8752923,-3.80363204,0.099493916,0,0,2118,ETS variant transcription factor 4,
KIF18B,1843.361774,-4.193740894,0.098442075,0,0,146909,kinesin family member 18B,
KPNA2,9704.81964,-2.7910974,0.052660735,0,0,3838,karyopherin subunit alpha 2,
BIRC5,3339.182177,-3.399904419,0.065897033,0,0,332,baculoviral IAP repeat containing 5,
SKA1,779.3899648,-3.128975093,0.083524601,0,0,220134,spindle and kinetochore associated complex subunit 1,
SLC44A2,24881.07518,2.584451034,0.064443647,0,0,57153,solute carrier family 44 member 2 (CTL2 blood group),
ASF1B,1996.938135,-2.98277891,0.070196899,0,0,55723,anti-silencing function 1B histone chaperone,
PCNA,7246.342896,-2.40461031,0.06046891,0,0,5111,proliferating cell nuclear antigen,
TPX2,9137.865879,-3.052741637,0.078081315,0,0,22974,TPX2 microtubule nucleation factor,
FAM83D,2758.010261,-3.426046346,0.077908483,0,0,81610,family with sequence similarity 83 member D,
AURKA,3310.219777,-2.864230049,0.073977185,0,0,6790,aurora kinase A,
CDC45,1976.764471,-2.973157563,0.075965889,0,0,8318,cell division cycle 45,
GTSE1,1577.876419,-3.401938061,0.084808208,0,0,51512,G2 and S-phase expressed 1,
MAGED2,15686.00706,2.029883498,0.050880558,0,0,10916,MAGE family member D2,
KIF4A,2847.679762,-3.216507043,0.078074238,0,0,24137,kinesin family member 4A,
ERCC6L,1162.446188,-3.738733462,0.082654076,0,0,54821,"ERCC excision repair 6 like, spindle assembly checkpoint helicase",
ZWINT,3988.781679,-2.251375169,0.060112277,5.44E-308,2.08E-305,11130,ZW10 interacting kinetochore protein,
POLA2,1907.418905,-2.342625448,0.062683402,1.10E-306,4.14E-304,23649,"DNA polymerase alpha 2, accessory subunit",
BRCA1,2825.950404,-2.566854398,0.0688914,6.96E-305,2.59E-302,672,BRCA1 DNA repair associated,
NDC80,1050.12001,-3.629368458,0.097879909,7.39E-302,2.71E-299,10403,NDC80 kinetochore complex component,
ARHGAP11A,2828.118761,-2.873564887,0.077654715,7.94E-301,2.87E-298,9824,Rho GTPase activating protein 11A,
PSG4,4248.134237,2.425946948,0.065652128,5.95E-300,2.12E-297,5672,pregnancy specific beta-1-glycoprotein 4,
MYBL2,6545.718176,-2.453882713,0.067396423,3.83E-291,1.35E-288,4605,MYB proto-oncogene like 2,
NUSAP1,2729.932465,-2.943967953,0.081126907,2.93E-290,1.02E-287,51203,nucleolar and spindle associated protein 1,
TROAP,1853.895197,-2.713055333,0.074681546,3.89E-290,1.33E-287,10024,trophinin associated protein,
BLM,699.3012674,-3.282713532,0.090465109,2.09E-289,7.08E-287,641,BLM RecQ like helicase,
KIF15,1306.83106,-3.638368526,0.100240903,2.28E-289,7.61E-287,56992,kinesin family member 15,
FANCA,1622.978738,-2.527237219,0.06968192,3.78E-289,1.25E-286,2175,FA complementation group A,
ORC6,1354.90724,-2.882721466,0.079912992,4.57E-286,1.49E-283,23594,origin recognition complex subunit 6,
RACGAP1,4896.188829,-2.382048657,0.066081273,1.44E-285,4.62E-283,29127,Rac GTPase activating protein 1,
KIF11,2801.447245,-2.935890951,0.081521464,4.76E-285,1.51E-282,3832,kinesin family member 11,
LMNB1,2963.344973,-3.022449029,0.083984103,1.07E-284,3.36E-282,4001,lamin B1,
CCND1,7388.20771,-4.124621092,0.114691479,1.58E-284,4.92E-282,595,cyclin D1,
CCNB2,1916.825924,-2.684216195,0.074748043,1.82E-283,5.58E-281,9133,cyclin B2,
TOP2A,12969.46285,-3.806010506,0.106082471,4.89E-283,1.48E-280,7153,DNA topoisomerase II alpha,
ATAD2,3587.405112,-2.442341027,0.068245828,1.64E-281,4.90E-279,29028,ATPase family AAA domain containing 2,
TICRR,753.0241367,-3.072619034,0.085906331,4.03E-281,1.20E-278,90381,TOPBP1 interacting checkpoint and replication regulator,
TCF19,2362.823209,-2.521719723,0.070534677,4.93E-281,1.45E-278,6941,transcription factor 19,
MAP2,1079.14393,3.36926244,0.094279152,1.04E-280,3.01E-278,4133,microtubule associated protein 2,
NUPR1,2444.56602,2.590055607,0.072723293,7.13E-279,2.05E-276,26471,"nuclear protein 1, transcriptional regulator",
KLHL24,1923.225619,2.60789381,0.073466406,4.84E-277,1.37E-274,54800,kelch like family member 24,
ORC1,880.3648614,-3.291068006,0.092884475,4.98E-276,1.40E-273,4998,origin recognition complex subunit 1,
IQGAP3,3344.612154,-2.677879124,0.076323083,9.22E-271,2.56E-268,128239,IQ motif containing GTPase activating protein 3,
ABHD4,8702.970119,2.336906339,0.066670087,2.95E-270,8.11E-268,63874,"abhydrolase domain containing 4, N-acyl phospholipase B",
PIF1,535.9661853,-4.256130456,0.121402589,5.16E-270,1.40E-267,80119,PIF1 5'-to-3' DNA helicase,
MUC1,5722.125533,4.359855134,0.124763383,8.93E-269,2.41E-266,4582,"mucin 1, cell surface associated",
PTTG1,2754.463149,-2.683142179,0.076848853,3.45E-268,9.20E-266,9232,"PTTG1 regulator of sister chromatid separation, securin",
SPAG5,3752.29964,-3.124544222,0.090171383,3.65E-264,9.63E-262,10615,sperm associated antigen 5,
GINS1,1264.912995,-2.393024118,0.069589671,4.12E-260,1.08E-257,9837,GINS complex subunit 1,
PLK1,4062.237257,-3.250189693,0.094823219,1.36E-258,3.51E-256,5347,polo like kinase 1,
KIF20B,1997.793769,-2.888903119,0.084342384,3.86E-258,9.88E-256,9585,kinesin family member 20B,
CLSPN,878.6396226,-3.496363254,0.102267039,4.39E-257,1.11E-254,63967,claspin,
CENPA,984.795823,-3.122704701,0.091445011,1.01E-256,2.54E-254,1058,centromere protein A,
CDCA3,1403.636636,-3.387629172,0.099238867,1.36E-256,3.39E-254,83461,cell division cycle associated 3,
ASPM,1812.9554,-3.476622444,0.101863291,2.56E-256,6.31E-254,259266,assembly factor for spindle microtubules,
ANLN,15289.12468,-2.842450857,0.083305099,2.91E-256,7.11E-254,54443,"anillin, actin binding protein",
FEN1,4047.001844,-2.161737701,0.063468964,2.71E-255,6.56E-253,2237,flap structure-specific endonuclease 1,
PIK3IP1,726.9614884,3.533474419,0.105449051,3.68E-247,8.83E-245,113791,phosphoinositide-3-kinase interacting protein 1,
DEPDC1B,868.1276519,-3.052038939,0.091314603,6.25E-246,1.49E-243,55789,DEP domain containing 1B,
MYEOV,812.3401905,-5.451452437,0.163363721,3.46E-245,8.16E-243,26579,myeloma overexpressed,
STK32A,942.774901,3.194109883,0.095774136,7.45E-245,1.74E-242,202374,serine/threonine kinase 32A,
CCNF,1729.98285,-2.400820229,0.072061117,2.14E-244,4.94E-242,899,cyclin F,
NDC1,1947.397643,-1.948990624,0.05859328,1.50E-243,3.45E-241,55706,NDC1 transmembrane nucleoporin,
TSC22D3,1968.123698,2.093307301,0.062988864,3.90E-243,8.88E-241,1831,TSC22 domain family member 3,
TYMS,1479.502135,-3.030695176,0.091274131,6.44E-243,1.45E-240,7298,thymidylate synthetase,
ESCO2,552.3712675,-3.295808703,0.099640415,5.54E-241,1.24E-238,157570,establishment of sister chromatid cohesion N-acetyltransferase 2,
DEPDC1,784.0119699,-3.632365076,0.109790245,6.06E-241,1.34E-238,55635,DEP domain containing 1,
FAM111B,978.5303657,-3.036630292,0.091826195,7.03E-241,1.55E-238,374393,FAM111 trypsin like peptidase B,
PHF19,2493.728104,-2.223166585,0.067235367,9.33E-241,2.03E-238,26147,PHD finger protein 19,
STAT2,5177.772248,2.145440759,0.064892464,1.05E-240,2.27E-238,6773,signal transducer and activator of transcription 2,
HSD17B14,665.2169529,3.152328775,0.095538201,1.05E-239,2.26E-237,51171,hydroxysteroid 17-beta dehydrogenase 14,
FAM64A,1187.808812,-3.142550888,0.095310886,1.85E-239,3.94E-237,NA,NA,
SPP1,1137.65116,2.604933106,0.079095183,6.81E-239,1.44E-236,6696,secreted phosphoprotein 1,
WDR76,825.9273588,-2.596740895,0.078964679,3.58E-238,7.50E-236,79968,WD repeat domain 76,
MCM3,5257.181217,-2.208045008,0.067153508,3.86E-238,8.03E-236,4172,minichromosome maintenance complex component 3,
CENPU,1097.007777,-2.547840417,0.077819726,3.64E-236,7.51E-234,79682,centromere protein U,
WDR62,994.2925035,-3.552485174,0.109200135,2.48E-233,5.08E-231,284403,WD repeat domain 62,
NT5E,6198.537329,-2.729974907,0.084084139,2.52E-232,5.11E-230,4907,5'-nucleotidase ecto,
CENPI,890.2190378,-2.897619375,0.089311304,6.98E-232,1.41E-229,2491,centromere protein I,
C1RL,1186.753882,2.218680139,0.068412936,1.05E-231,2.10E-229,51279,complement C1r subcomponent like,
FANCD2,2207.962778,-2.372144218,0.073525685,2.26E-229,4.49E-227,2177,FA complementation group D2,
ACOX2,580.6103932,-3.739869548,0.116162537,2.29E-228,4.50E-226,8309,acyl-CoA oxidase 2,
GPAT3,2222.00352,-2.094745014,0.065156296,9.12E-228,1.78E-225,84803,glycerol-3-phosphate acyltransferase 3,
SPC25,451.6957916,-3.423576664,0.106615744,4.48E-227,8.69E-225,57405,SPC25 component of NDC80 kinetochore complex,
FBXO5,860.5149471,-2.381578217,0.074276731,1.41E-226,2.72E-224,26271,F-box protein 5,
POLQ,1001.920385,-3.050312307,0.0963072,3.67E-221,7.02E-219,10721,DNA polymerase theta,
BMF,1412.865619,3.66075748,0.116212812,5.99E-219,1.14E-216,90427,Bcl2 modifying factor,
LBH,1770.925351,2.203503945,0.070314988,1.30E-216,2.45E-214,81606,LBH regulator of WNT signaling pathway,
CHAF1A,2462.229783,-2.580571068,0.082648764,4.45E-215,8.34E-213,10036,chromatin assembly factor 1 subunit A,
WDHD1,2083.657324,-2.296167145,0.07375078,8.31E-214,1.54E-211,11169,WD repeat and HMG-box DNA binding protein 1,
GMNN,1320.106101,-2.005999837,0.064644241,2.33E-212,4.30E-210,51053,geminin DNA replication inhibitor,
MCM7,16189.47562,-1.793694265,0.05788888,9.27E-212,1.70E-209,4176,minichromosome maintenance complex component 7,
POC1A,1280.126859,-2.091500757,0.068076557,3.11E-208,5.67E-206,25886,POC1 centriolar protein A,
TRAIP,748.8351716,-2.358291408,0.076794001,4.18E-208,7.56E-206,10293,TRAF interacting protein,
PRIM1,1741.485572,-2.393490771,0.078133621,3.79E-207,6.81E-205,5557,DNA primase subunit 1,
ECT2,3408.519888,-1.728516248,0.056412242,4.67E-207,8.32E-205,1894,epithelial cell transforming 2,
DBF4,1312.774487,-2.434873768,0.079777331,1.03E-205,1.83E-203,10926,DBF4-CDC7 kinase regulatory subunit,
TP53INP1,458.8821147,3.257417503,0.1066939,1.09E-205,1.93E-203,94241,tumor protein p53 inducible nuclear protein 1,
CDC25A,1021.614623,-2.821976332,0.0927464,1.79E-204,3.12E-202,993,cell division cycle 25A,
RFC3,745.6362851,-2.472613293,0.082587703,4.93E-198,8.56E-196,5983,replication factor C subunit 3,
GBP1,2000.733965,1.856716015,0.062054743,1.18E-197,2.03E-195,2633,guanylate binding protein 1,
TPPP,554.0177071,3.078652332,0.103131321,1.11E-196,1.91E-194,11076,tubulin polymerization promoting protein,
CHAF1B,1081.467165,-1.982406874,0.066591585,1.01E-195,1.71E-193,8208,chromatin assembly factor 1 subunit B,
FILIP1L,3650.532219,2.618993235,0.088324351,2.96E-194,5.02E-192,11259,filamin A interacting protein 1 like,
NSD2,6065.057114,-1.531238095,0.051639883,4.86E-194,8.17E-192,7468,nuclear receptor binding SET domain protein 2,
NGFR,1080.511904,7.959724464,0.267816952,1.39E-193,2.31E-191,4804,nerve growth factor receptor,
SPRY4,403.5537041,-5.346975835,0.180465965,2.52E-193,4.18E-191,81848,sprouty RTK signaling antagonist 4,
RRM2,5621.883871,-3.407671205,0.115326004,4.23E-193,6.98E-191,6241,ribonucleotide reductase regulatory subunit M2,
CIT,1090.453756,-2.561631426,0.086967573,1.11E-191,1.82E-189,11113,citron rho-interacting serine/threonine kinase,
RAD54L,619.6373884,-2.823149588,0.095847544,1.18E-191,1.93E-189,8438,RAD54 like,
MMS22L,1100.023358,-2.13598929,0.072522811,1.30E-191,2.10E-189,253714,"MMS22 like, DNA repair protein",
GPNMB,7377.249483,3.438750695,0.117279497,4.09E-190,6.58E-188,10457,glycoprotein nmb,
POLE2,748.0557219,-2.657150314,0.09073095,1.21E-189,1.93E-187,5427,"DNA polymerase epsilon 2, accessory subunit",
RRM1,5634.495854,-1.802499794,0.061807839,7.53E-188,1.20E-185,6240,ribonucleotide reductase catalytic subunit M1,
CSE1L,9584.421925,-1.738075273,0.059587932,8.51E-188,1.34E-185,1434,chromosome segregation 1 like,
C14orf145,1356.912616,-2.41581671,0.082914769,1.15E-187,1.80E-185,NA,NA,
KIF24,516.5199132,-2.539728869,0.087226874,2.43E-187,3.80E-185,347240,kinesin family member 24,
GABARAPL1,1128.092113,2.471861072,0.085072205,1.32E-186,2.05E-184,23710,GABA type A receptor associated protein like 1,
FTCD,1351.154957,2.201422155,0.076098445,5.34E-185,8.25E-183,10841,formimidoyltransferase cyclodeaminase,
MCM2,8261.578632,-1.888630312,0.066032477,7.03E-181,1.08E-178,4171,minichromosome maintenance complex component 2,
YPEL5,3449.335461,2.130169766,0.074607751,1.33E-180,2.03E-178,51646,yippee like 5,
TPP1,8897.09874,1.558893436,0.054576106,3.70E-180,5.61E-178,1200,tripeptidyl peptidase 1,
DSCC1,761.3040991,-2.620611576,0.092081295,2.95E-179,4.46E-177,79075,DNA replication and sister chromatid cohesion 1,
MRTO4,3046.759226,-1.611501764,0.056646543,6.36E-179,9.54E-177,51154,"MRT4 homolog, ribosome maturation factor",
ARHGEF39,460.6341129,-2.866883296,0.100832474,8.26E-179,1.23E-176,84904,Rho guanine nucleotide exchange factor 39,
RFC5,1520.678879,-1.887533965,0.066377369,8.77E-179,1.30E-176,5985,replication factor C subunit 5,
SMC4,6442.939027,-2.323553093,0.082000818,1.15E-177,1.69E-175,10051,structural maintenance of chromosomes 4,
ZWILCH,1897.202144,-2.088644689,0.073797865,3.09E-177,4.53E-175,55055,zwilch kinetochore protein,
RAD51AP1,591.0250525,-2.730187552,0.096621317,1.09E-176,1.59E-174,10635,RAD51 associated protein 1,
MCM4,9080.401172,-2.042861674,0.072339747,1.73E-176,2.50E-174,4173,minichromosome maintenance complex component 4,
NCAPG2,4388.859923,-1.811593849,0.064265324,9.86E-176,1.42E-173,54892,non-SMC condensin II complex subunit G2,
DUSP15,779.3749209,7.319505009,0.259120013,3.03E-175,4.35E-173,128853,dual specificity phosphatase 15,
SGO1,363.2819055,-3.050341174,0.108915364,1.73E-173,2.47E-171,151648,shugoshin 1,
SCNN1A,712.7795582,3.853755328,0.137692671,2.46E-173,3.50E-171,6337,sodium channel epithelial 1 subunit alpha,
PHYH,1939.607067,1.738172658,0.062138182,4.75E-173,6.70E-171,5264,phytanoyl-CoA 2-hydroxylase,
POLA1,1619.850734,-1.638662351,0.058780767,8.58E-172,1.20E-169,5422,"DNA polymerase alpha 1, catalytic subunit",
CDCA7,1636.587201,-2.516061857,0.090364896,1.12E-171,1.57E-169,83879,cell division cycle associated 7,
SPC24,1227.300425,-2.335326144,0.084014501,5.39E-171,7.49E-169,147841,SPC24 component of NDC80 kinetochore complex,
Mar-04,930.4182446,-2.632097806,0.094827116,9.62E-171,1.33E-168,NA,NA,
GSG2,503.2105685,-2.860925969,0.103054863,1.24E-170,1.70E-168,NA,NA,
CMSS1,3013.705168,-1.807914733,0.065232187,5.38E-170,7.35E-168,84319,cms1 ribosomal small subunit homolog,
GPATCH4,4274.18837,-1.372652116,0.04954247,1.02E-169,1.39E-167,54865,G-patch domain containing 4 (gene/pseudogene),
SUV39H1,1077.374661,-1.994913362,0.072101305,2.02E-169,2.74E-167,6839,SUV39H1 histone lysine methyltransferase,
NCAPD3,2593.300603,-2.136673407,0.07725894,2.52E-169,3.39E-167,23310,non-SMC condensin II complex subunit D3,
KIF14,1021.84342,-3.812039257,0.138259506,2.19E-168,2.93E-166,9928,kinesin family member 14,
IGFBP3,1245.508304,2.372585877,0.086342705,2.98E-167,3.97E-165,3486,insulin like growth factor binding protein 3,
PCLO,2001.356899,2.293346837,0.083560505,6.59E-167,8.74E-165,27445,piccolo presynaptic cytomatrix protein,
MND1,527.6847995,-2.596620262,0.094720815,1.95E-166,2.57E-164,84057,meiotic nuclear divisions 1,
TOMM40,3880.22599,-1.786631022,0.065174223,2.22E-166,2.92E-164,10452,translocase of outer mitochondrial membrane 40,
AXL,5586.466568,-1.924173931,0.070358079,1.42E-165,1.86E-163,558,AXL receptor tyrosine kinase,
NEIL3,395.8664028,-3.766281905,0.137909277,5.39E-165,7.00E-163,55247,nei like DNA glycosylase 3,
GSN,5704.124501,2.344906939,0.086004769,7.65E-165,9.89E-163,2934,gelsolin,
CKS2,3356.345404,-2.090140487,0.076831255,5.45E-164,7.02E-162,1164,CDC28 protein kinase regulatory subunit 2,
NEDD9,1631.72068,2.197271947,0.08080396,7.77E-164,9.96E-162,4739,"neural precursor cell expressed, developmentally down-regulated 9",
TMEM86A,772.3047612,3.367555629,0.124045036,2.47E-163,3.15E-161,144110,transmembrane protein 86A,
NOLC1,14879.06027,-1.585099568,0.058398997,5.13E-163,6.51E-161,9221,nucleolar and coiled-body phosphoprotein 1,
SLFN13,1692.401867,-1.866156169,0.068928931,2.32E-162,2.92E-160,146857,schlafen family member 13,
ATAD5,550.4680333,-2.652672733,0.098202469,1.15E-161,1.44E-159,79915,ATPase family AAA domain containing 5,
CDC25C,559.1896365,-2.570844734,0.095251416,2.31E-161,2.89E-159,995,cell division cycle 25C,
CTNNAL1,5667.40133,-1.668812412,0.062395893,2.10E-158,2.61E-156,8727,catenin alpha like 1,
SLC43A2,2597.965244,2.661772546,0.099656381,3.26E-158,4.04E-156,124935,solute carrier family 43 member 2,
EME1,583.9666378,-2.571936144,0.096598021,3.71E-157,4.58E-155,146956,essential meiotic structure-specific endonuclease 1,
NUP93,6504.149847,-1.346751931,0.05055347,4.16E-157,5.11E-155,9688,nucleoporin 93,
IFITM10,834.217855,2.734510179,0.102750242,4.84E-157,5.91E-155,402778,interferon induced transmembrane protein 10,
TFDP1,3181.471602,-1.402578696,0.052819348,3.86E-156,4.70E-154,7027,transcription factor Dp-1,
MKI67,9014.029297,-3.683881356,0.138898082,4.02E-156,4.87E-154,4288,marker of proliferation Ki-67,
CENPF,6551.994904,-2.84358921,0.107344523,7.31E-156,8.81E-154,1063,centromere protein F,
NASP,5583.79892,-1.590244548,0.06000595,1.38E-155,1.65E-153,4678,nuclear autoantigenic sperm protein,
RFC2,3713.538089,-1.749352524,0.066092735,2.71E-155,3.24E-153,5982,replication factor C subunit 2,
CEP78,1649.109532,-1.49590079,0.056646141,1.67E-154,1.98E-152,84131,centrosomal protein 78,
KNSTRN,1826.488961,-2.179233114,0.08258765,1.67E-154,1.98E-152,90417,kinetochore localized astrin (SPAG5) binding protein,
STIL,1203.928509,-2.23455795,0.08480612,5.74E-154,6.76E-152,6491,STIL centriolar assembly protein,
KRT17,3212.957284,3.750431773,0.142459644,7.29E-154,8.55E-152,3872,keratin 17,
MCM5,4304.541478,-2.241293329,0.085119321,7.45E-154,8.71E-152,4174,minichromosome maintenance complex component 5,
TUBA1B,9735.351488,-1.786972633,0.067857697,8.58E-154,9.98E-152,10376,tubulin alpha 1b,
RFWD3,4635.93105,-1.576923039,0.059867248,9.29E-154,1.08E-151,55159,ring finger and WD repeat domain 3,
MTMR11,1648.833298,1.743334301,0.066258725,1.91E-153,2.20E-151,10903,myotubularin related protein 11,
UBE2C,3301.25099,-2.698430341,0.103165177,6.87E-152,7.89E-150,11065,ubiquitin conjugating enzyme E2 C,
TRA2B,7087.55083,-1.119147182,0.042778053,2.09E-151,2.39E-149,6434,transformer 2 beta homolog,
TCAM1P,389.0190743,-2.544048034,0.097415441,2.85E-151,3.24E-149,146771,"testicular cell adhesion molecule 1, pseudogene",
RP11-420L9.5,818.9916567,3.391721802,0.13019493,9.74E-151,1.10E-148,NA,NA,
AGT,559.7516409,3.417847302,0.13114716,1.23E-150,1.38E-148,183,angiotensinogen,
YPEL2,664.6608729,2.632243823,0.101116822,1.70E-150,1.91E-148,388403,yippee like 2,
DBF4B,936.4768174,-2.276874321,0.087674709,1.03E-149,1.15E-147,80174,DBF4B-CDC7 kinase regulatory subunit,
RENBP,828.2378828,3.537890778,0.136664637,6.79E-149,7.56E-147,5973,renin binding protein,
NPM3,2452.376742,-1.574821912,0.060920079,3.35E-148,3.72E-146,10360,nucleophosmin/nucleoplasmin 3,
ATP6V0D2,831.8583608,3.877195212,0.150371577,1.07E-147,1.18E-145,245972,ATPase H+ transporting V0 subunit d2,
E2F1,2456.74073,-2.355824324,0.091650304,8.34E-147,9.17E-145,1869,E2F transcription factor 1,
SLC17A5,692.1261726,2.218011197,0.086355318,1.85E-146,2.02E-144,26503,solute carrier family 17 member 5,
ZNF117,2408.059571,2.278195647,0.089159586,4.82E-145,5.26E-143,51351,zinc finger protein 117,
ATG9B,1562.899609,2.530574022,0.099195134,1.34E-144,1.45E-142,285973,autophagy related 9B,
ASS1,4595.758468,1.690642731,0.066362835,4.73E-144,5.12E-142,445,argininosuccinate synthase 1,
OPTN,5287.334678,1.721020494,0.067567316,5.27E-144,5.68E-142,10133,optineurin,
ZFYVE1,2412.704769,1.625937982,0.063931549,1.69E-143,1.81E-141,53349,zinc finger FYVE-type containing 1,
KNTC1,2265.565562,-1.637265244,0.064475146,4.06E-143,4.34E-141,9735,kinetochore associated 1,
SOX4,2728.274032,2.015912964,0.079678599,1.96E-142,2.09E-140,6659,SRY-box transcription factor 4,
PSMC3IP,453.0526293,-2.331205378,0.092124497,2.68E-142,2.84E-140,29893,PSMC3 interacting protein,
HELLS,1413.635805,-2.32003837,0.091690538,3.09E-142,3.26E-140,3070,"helicase, lymphoid specific",
CLSTN3,854.5662722,2.07187383,0.082027863,1.14E-141,1.20E-139,9746,calsyntenin 3,
EXOSC2,3250.283184,-1.46131899,0.057863415,1.49E-141,1.55E-139,23404,exosome component 2,
GINS3,1645.3732,-1.537450606,0.060878434,1.49E-141,1.55E-139,64785,GINS complex subunit 3,
VRK1,1656.291172,-2.133442498,0.084542872,1.53E-141,1.59E-139,7443,VRK serine/threonine kinase 1,
DSN1,2212.478247,-1.500126625,0.059426553,1.97E-141,2.04E-139,79980,DSN1 component of MIS12 kinetochore complex,
DNA2,927.4541376,-2.323069576,0.092134089,2.50E-141,2.57E-139,1763,DNA replication helicase/nuclease 2,
MCM8,2900.035471,-2.356369245,0.093388024,2.58E-141,2.65E-139,84515,minichromosome maintenance 8 homologous recombination repair factor,
GBP2,1655.45253,2.693353261,0.106930893,4.65E-141,4.76E-139,2634,guanylate binding protein 2,
PRR11,3252.802747,-2.597304374,0.103186766,6.89E-141,7.03E-139,55771,proline rich 11,
ARRDC3,5083.906358,1.713771986,0.068207241,3.45E-140,3.51E-138,57561,arrestin domain containing 3,
CENPK,745.4389135,-2.248388587,0.089653842,7.63E-140,7.71E-138,64105,centromere protein K,
GEN1,1442.97998,-1.65357182,0.065922161,9.94E-140,1.00E-137,348654,GEN1 Holliday junction 5' flap endonuclease,
POLR3G,1016.763918,-1.896443657,0.075925179,1.09E-138,1.09E-136,10622,RNA polymerase III subunit G,
UBE2T,1293.354101,-2.595315533,0.104005092,1.63E-138,1.63E-136,29089,ubiquitin conjugating enzyme E2 T,
KIF20A,2557.101778,-3.250150883,0.130569489,6.78E-138,6.75E-136,10112,kinesin family member 20A,
DDR1,3279.279104,1.474069364,0.059152166,7.57E-138,7.51E-136,780,discoidin domain receptor tyrosine kinase 1,
EZH2,2640.183804,-1.60548524,0.064608649,3.62E-137,3.58E-135,2146,enhancer of zeste 2 polycomb repressive complex 2 subunit,
UBA7,2383.473778,1.978580319,0.079651496,3.77E-137,3.71E-135,7318,ubiquitin like modifier activating enzyme 7,
RMI1,1052.985788,-1.639399518,0.066103702,1.27E-136,1.24E-134,80010,RecQ mediated genome instability 1,
PSRC1,834.9882525,-1.859066547,0.075126387,3.90E-136,3.81E-134,84722,proline and serine rich coiled-coil 1,
CTB-175P5.4,795.1386691,-2.398135353,0.097377018,6.50E-135,6.33E-133,NA,NA,
GINS4,804.2436076,-2.504427867,0.101774661,1.03E-134,1.00E-132,84296,GINS complex subunit 4,
SRSF1,9195.64965,-1.398961178,0.056859565,1.92E-134,1.85E-132,6426,serine and arginine rich splicing factor 1,
TGFB2,3604.751325,1.623647247,0.066046279,2.54E-134,2.45E-132,7042,transforming growth factor beta 2,
C9orf3,2968.507566,1.442094605,0.058658155,3.10E-134,2.98E-132,NA,NA,
PGAM5,2599.864926,-1.630007615,0.066523504,1.78E-133,1.71E-131,192111,"PGAM family member 5, mitochondrial serine/threonine protein phosphatase",
BARD1,569.7897691,-2.268863049,0.092707127,3.29E-133,3.13E-131,580,BRCA1 associated RING domain 1,
TNC,20009.07247,-1.36324963,0.05580083,1.51E-132,1.43E-130,3371,tenascin C,
CDCA7L,2420.317941,-1.927826896,0.079207773,8.77E-132,8.30E-130,55536,cell division cycle associated 7 like,
MYL9,12462.60695,1.951437243,0.080274457,1.08E-131,1.01E-129,10398,myosin light chain 9,
RFC4,2821.264478,-1.801381548,0.074095741,1.69E-131,1.59E-129,5984,replication factor C subunit 4,
SLC16A13,1302.554863,2.990635505,0.123113576,1.91E-131,1.79E-129,201232,solute carrier family 16 member 13,
FARSB,4247.472171,-1.457670366,0.060344579,1.11E-129,1.03E-127,10056,phenylalanyl-tRNA synthetase subunit beta,
PTX3,259.352276,-3.643006072,0.151038115,2.02E-129,1.88E-127,5806,pentraxin 3,
C1R,1734.681064,2.397377675,0.099460952,2.11E-129,1.95E-127,715,complement C1r,
RP5-995J12.2,588.3082738,2.296166109,0.095363374,4.04E-129,3.72E-127,NA,NA,
ETV1,388.6066736,-4.114435517,0.171955857,2.02E-127,1.85E-125,2115,ETS variant transcription factor 1,
NCAPD2,7135.201776,-1.908487317,0.079868816,3.85E-127,3.53E-125,9918,non-SMC condensin I complex subunit D2,
HAUS8,649.7219248,-2.482925379,0.10429773,2.50E-126,2.28E-124,93323,HAUS augmin like complex subunit 8,
NAA15,3441.534586,-1.254942191,0.052639214,2.55E-126,2.32E-124,80155,"N-alpha-acetyltransferase 15, NatA auxiliary subunit",
C16orf89,285.4217619,4.834400393,0.202826887,4.47E-126,4.05E-124,146556,chromosome 16 open reading frame 89,
DEK,5049.428827,-1.350444973,0.056771199,8.45E-126,7.64E-124,7913,DEK proto-oncogene,
SLC25A18,511.7065834,3.110934916,0.13124253,3.83E-125,3.45E-123,83733,solute carrier family 25 member 18,
LSS,5902.494802,2.087803392,0.088249757,5.73E-125,5.15E-123,4047,lanosterol synthase,
RUVBL1,6788.003026,-1.344006911,0.056784805,1.24E-124,1.11E-122,8607,RuvB like AAA ATPase 1,
CTSF,2718.620034,1.490224615,0.063138427,6.54E-124,5.83E-122,8722,cathepsin F,
MELK,2559.014943,-1.923583535,0.081653101,1.10E-123,9.75E-122,9833,maternal embryonic leucine zipper kinase,
PDCD4,2383.952316,1.62771645,0.06919012,3.21E-123,2.84E-121,27250,programmed cell death 4,
TOPBP1,4719.469125,-1.381142193,0.058735688,5.21E-123,4.60E-121,11073,DNA topoisomerase II binding protein 1,
FUBP1,2859.490781,-1.280436663,0.054473616,7.21E-123,6.35E-121,8880,far upstream element binding protein 1,
EPHA2,2791.122588,-2.574786732,0.109922118,1.90E-122,1.67E-120,1969,EPH receptor A2,
TIMP2,9130.571291,1.653757478,0.070573979,2.13E-122,1.86E-120,7077,TIMP metallopeptidase inhibitor 2,
CENPO,1127.627377,-2.07936397,0.088880889,5.21E-122,4.54E-120,79172,centromere protein O,
FAM214B,1207.086274,2.005271696,0.086084112,5.50E-121,4.78E-119,NA,NA,
SLF1,864.3751149,-1.610401752,0.069118993,6.69E-121,5.79E-119,84250,SMC5-SMC6 complex localization factor 1,
UNG,2857.467319,-1.503187696,0.064512208,6.78E-121,5.85E-119,7374,uracil DNA glycosylase,
UTP4,5788.904056,-1.299866319,0.055781831,7.91E-121,6.80E-119,84916,UTP4 small subunit processome component,
SRSF7,6740.624758,-1.349198164,0.057936794,1.06E-120,9.09E-119,6432,serine and arginine rich splicing factor 7,
LPAR5,343.4056151,4.554662974,0.196220129,3.86E-120,3.30E-118,57121,lysophosphatidic acid receptor 5,
YPEL3,536.7749187,2.626889174,0.113210321,3.92E-120,3.34E-118,83719,yippee like 3,
NCL,57062.78375,-1.30100245,0.056100756,1.29E-119,1.09E-117,4691,nucleolin,
SNRNP40,1684.940983,-1.411868273,0.061355026,6.09E-118,5.15E-116,9410,small nuclear ribonucleoprotein U5 subunit 40,
KIF18A,1252.449056,-2.132802913,0.092907032,1.37E-117,1.16E-115,81930,kinesin family member 18A,
UHRF1,2447.588236,-3.086922058,0.134643457,1.82E-117,1.53E-115,29128,ubiquitin like with PHD and ring finger domains 1,
MYH16,397.0929822,-2.615526475,0.114117172,2.44E-117,2.04E-115,84176,myosin heavy chain 16,
MFSD6,873.0415507,2.165825207,0.094481456,2.61E-117,2.18E-115,54842,major facilitator superfamily domain containing 6,
ATRIP,1019.758442,-1.551271029,0.067706756,5.49E-117,4.57E-115,84126,ATR interacting protein,
BRIX1,2372.260126,-1.419200799,0.061975492,7.50E-117,6.22E-115,55299,biogenesis of ribosomes BRX1,
PBXIP1,4696.360132,2.513547377,0.109956818,1.00E-116,8.31E-115,57326,PBX homeobox interacting protein 1,
AUNIP,243.5864758,-3.078571348,0.134634268,1.12E-116,9.24E-115,79000,aurora kinase A and ninein interacting protein,
UCK2,4141.276636,-1.414879714,0.06194357,2.93E-116,2.41E-114,7371,uridine-cytidine kinase 2,
ZGRF1,463.4613301,-2.480688382,0.108771571,4.40E-116,3.60E-114,55345,zinc finger GRF-type containing 1,
PASK,1030.307235,-1.681356529,0.073747314,5.88E-116,4.81E-114,23178,PAS domain containing serine/threonine kinase,
MTFR2,543.4707672,-2.302667599,0.101183244,1.00E-115,8.15E-114,113115,mitochondrial fission regulator 2,
TUBG1,3039.508278,-1.72745872,0.075884449,1.24E-115,1.01E-113,7283,tubulin gamma 1,
G2E3,1180.492278,-1.422115175,0.062462399,1.69E-115,1.37E-113,55632,G2/M-phase specific E3 ubiquitin protein ligase,
MCMBP,4277.699982,-1.18248901,0.051928408,2.00E-115,1.61E-113,79892,minichromosome maintenance complex binding protein,
FAM189A2,299.0251016,2.722661704,0.119783937,2.45E-115,1.97E-113,NA,NA,
CENPW,905.3826525,-1.650920293,0.072627717,2.97E-115,2.38E-113,387103,centromere protein W,
TRPM4,1916.404691,2.502744272,0.110203102,3.30E-115,2.64E-113,54795,transient receptor potential cation channel subfamily M member 4,
NOL6,5220.088587,-1.470803105,0.064734685,7.06E-115,5.63E-113,65083,nucleolar protein 6,
VAT1,24162.87974,1.281791269,0.056430508,7.09E-115,5.64E-113,10493,vesicle amine transport 1,
ZNF433,677.2433691,1.991008765,0.087786133,8.54E-115,6.77E-113,163059,zinc finger protein 433,
DKC1,11409.50942,-1.489915443,0.065849086,3.77E-114,2.98E-112,1736,dyskerin pseudouridine synthase 1,
MCM6,5246.282276,-1.426030056,0.063022496,3.93E-114,3.10E-112,4175,minichromosome maintenance complex component 6,
POLR3K,1138.264871,-2.031903611,0.089904463,4.01E-114,3.15E-112,51728,RNA polymerase III subunit K,
LYAR,2041.891356,-2.044189559,0.090563772,8.01E-114,6.27E-112,55646,Ly1 antibody reactive,
KCP,259.6443865,3.130223157,0.138758068,1.26E-113,9.83E-112,375616,kielin cysteine rich BMP regulator,
GART,6077.14616,-1.201677615,0.053253787,2.09E-113,1.62E-111,2618,"phosphoribosylglycinamide formyltransferase, phosphoribosylglycinamide synthetase, phosphoribosylaminoimidazole synthetase",
PRIM2,656.9785767,-1.644084741,0.072981643,3.19E-113,2.48E-111,5558,DNA primase subunit 2,
PAICS,9949.805661,-1.208444849,0.053612945,3.63E-113,2.81E-111,10606,phosphoribosylaminoimidazole carboxylase and phosphoribosylaminoimidazolesuccinocarboxamide synthase,
JUP,8367.208129,2.197404629,0.097699575,5.10E-113,3.94E-111,3728,junction plakoglobin,
PNPT1,2300.568472,-1.42538779,0.063392465,9.68E-113,7.45E-111,87178,polyribonucleotide nucleotidyltransferase 1,
POLE3,5102.878229,-1.264696896,0.056225524,9.77E-113,7.50E-111,54107,"DNA polymerase epsilon 3, accessory subunit",
FANCB,297.1729446,-2.629921398,0.117431043,4.67E-112,3.57E-110,2187,FA complementation group B,
HRK,270.2310664,3.115103853,0.139233889,1.05E-111,8.04E-110,8739,"harakiri, BCL2 interacting protein",
DHODH,1015.509512,-1.557708471,0.069761047,2.93E-111,2.23E-109,1723,dihydroorotate dehydrogenase (quinone),
GAS2L3,392.3783359,-2.335513167,0.104882972,8.60E-111,6.52E-109,283431,growth arrest specific 2 like 3,
TPCN1,8349.670566,1.158506106,0.051999911,1.42E-110,1.07E-108,53373,two pore segment channel 1,
RRAGD,529.4806998,3.595755605,0.161868135,2.01E-110,1.52E-108,58528,Ras related GTP binding D,
DDAH2,2023.011817,2.129870513,0.095942789,3.64E-110,2.74E-108,23564,"DDAH family member 2, ADMA-independent",
LBR,2310.099572,-1.585725745,0.07143787,4.84E-110,3.63E-108,3930,lamin B receptor,
TLCD2,453.3456458,2.359212731,0.10635803,4.98E-110,3.72E-108,727910,TLC domain containing 2,
URB2,1402.487204,-1.755510145,0.079282209,1.53E-109,1.14E-107,9816,URB2 ribosome biogenesis homolog,
PRMT5,3787.810463,-1.119183753,0.050647638,8.37E-109,6.23E-107,10419,protein arginine methyltransferase 5,
NUP35,1055.010136,-1.675209198,0.075924702,8.77E-109,6.50E-107,129401,nucleoporin 35,
MFSD2A,190.7337347,-4.236324199,0.192442672,3.47E-108,2.56E-106,84879,"MFSD2 lysolipid transporter A, lysophospholipid",
TINCR,609.3330336,2.747125669,0.125190767,9.72E-108,7.17E-106,257000,TINCR ubiquitin domain containing,
TRIM2,1719.126103,2.655925407,0.121078366,1.00E-107,7.38E-106,23321,tripartite motif containing 2,
HMGA1,14527.29743,-1.67630519,0.076375524,1.22E-107,8.96E-106,3159,high mobility group AT-hook 1,
PNRC1,1132.455281,2.087685237,0.095362947,3.05E-107,2.23E-105,10957,proline rich nuclear receptor coactivator 1,
FANCG,1382.44165,-1.360770553,0.062228769,9.47E-107,6.90E-105,2189,FA complementation group G,
AATF,7302.159643,-1.068177782,0.048862778,1.61E-106,1.17E-104,26574,apoptosis antagonizing transcription factor,
PROS1,2968.487549,1.614058765,0.074048312,3.57E-106,2.59E-104,5627,protein S,
TACC3,6003.509423,-1.527468139,0.070116118,4.81E-106,3.48E-104,10460,transforming acidic coiled-coil containing protein 3,
BCCIP,5358.381174,-1.351974513,0.062088694,7.26E-106,5.24E-104,56647,BRCA2 and CDKN1A interacting protein,
PRPF4,4100.053066,-1.156177655,0.053086985,8.63E-106,6.20E-104,9128,pre-mRNA splicing tri-snRNP complex factor PRPF4,
CHAC2,401.4699255,-2.396741163,0.110306148,9.47E-106,6.79E-104,494143,ChaC glutathione specific gamma-glutamylcyclotransferase 2,
DONSON,756.8706987,-1.65208235,0.076023179,1.43E-105,1.03E-103,29980,DNA replication fork stabilization factor DONSON,
RECQL4,1342.94723,-2.110059276,0.097421687,4.65E-105,3.32E-103,9401,RecQ like helicase 4,
USP1,2211.199654,-1.333934193,0.061521825,5.74E-105,4.08E-103,7398,ubiquitin specific peptidase 1,
MSH2,2876.702759,-1.331829642,0.061442328,6.54E-105,4.64E-103,4436,mutS homolog 2,
RANBP1,4893.50588,-1.774213585,0.082077145,1.48E-104,1.05E-102,5902,RAN binding protein 1,
CNKSR1,1404.592488,1.704268,0.078878677,2.16E-104,1.52E-102,10256,connector enhancer of kinase suppressor of Ras 1,
AEN,1465.933007,-2.707027876,0.12556406,2.88E-104,2.03E-102,64782,apoptosis enhancing nuclease,
DUSP7,1194.731516,-1.892787142,0.087762821,3.93E-104,2.76E-102,1849,dual specificity phosphatase 7,
NOP16,2108.973768,-1.562351851,0.07241589,4.19E-104,2.94E-102,51491,NOP16 nucleolar protein,
UBE2G2,2928.634806,-1.219574054,0.056552141,8.05E-104,5.62E-102,7327,ubiquitin conjugating enzyme E2 G2,
CCDC18,324.3345632,-2.436255672,0.11320207,1.07E-103,7.45E-102,343099,coiled-coil domain containing 18,
ADM2,499.3594875,2.157377008,0.100327594,1.70E-103,1.18E-101,79924,adrenomedullin 2,
TRANK1,983.809719,2.451426579,0.114250779,3.76E-103,2.60E-101,9881,tetratricopeptide repeat and ankyrin repeat containing 1,
EFHD2,3039.202145,-1.882097062,0.087891949,1.08E-102,7.44E-101,79180,EF-hand domain family member D2,
DESI1,3009.440526,-1.114386221,0.051990815,1.57E-102,1.08E-100,27351,desumoylating isopeptidase 1,
NCOA7,1795.049618,1.649211853,0.077072141,1.97E-102,1.36E-100,135112,nuclear receptor coactivator 7,
WDR43,5118.126854,-1.226724825,0.057330502,2.94E-102,2.02E-100,23160,WD repeat domain 43,
ZNF367,372.2351543,-2.290398699,0.107300944,4.04E-102,2.76E-100,195828,zinc finger protein 367,
NOP58,5901.507026,-1.158382382,0.054152177,4.24E-102,2.89E-100,51602,NOP58 ribonucleoprotein,
WRAP53,1661.776751,-1.296664687,0.060673552,4.75E-102,3.23E-100,55135,WD repeat containing antisense to TP53,
CENPV,2075.009312,-1.362556503,0.063778695,5.06E-102,3.43E-100,201161,centromere protein V,
MIS18A,1040.439392,-1.462915989,0.068514137,6.06E-102,4.10E-100,54069,MIS18 kinetochore protein A,
CARNS1,403.3799025,2.870953627,0.134774735,1.12E-101,7.59E-100,57571,carnosine synthase 1,
PNCK,209.6247404,5.357998835,0.25059816,1.88E-101,1.26E-99,139728,pregnancy up-regulated nonubiquitous CaM kinase,
UCHL5,1831.416965,-1.518430131,0.071310114,2.04E-101,1.37E-99,51377,ubiquitin C-terminal hydrolase L5,
ANKRD1,3376.852714,2.756907972,0.12967324,2.14E-101,1.43E-99,27063,ankyrin repeat domain 1,
LAMB1,571.7086715,-2.682981165,0.126314909,3.66E-101,2.45E-99,3912,laminin subunit beta 1,
RFT1,1599.12718,-1.400770001,0.065886806,4.58E-101,3.05E-99,91869,RFT1 homolog,
TP53I3,7465.81114,2.068105792,0.097362739,4.76E-101,3.16E-99,9540,tumor protein p53 inducible protein 3,
MTHFR,761.2959181,2.157636744,0.101635995,5.81E-101,3.85E-99,4524,methylenetetrahydrofolate reductase,
MTMR9L,588.6051728,1.751158428,0.082520424,7.80E-101,5.16E-99,NA,NA,
MAF,194.3105763,4.898996585,0.230293367,9.28E-101,6.13E-99,4094,MAF bZIP transcription factor,
KIAA1161,1458.765798,1.786929842,0.084328797,1.61E-100,1.06E-98,NA,NA,
ACVR1,2343.868198,1.295755121,0.061138729,2.12E-100,1.39E-98,90,activin A receptor type 1,
GPCPD1,1854.909372,1.337536332,0.063163924,3.14E-100,2.05E-98,56261,glycerophosphocholine phosphodiesterase 1,
DIAPH3,668.9057705,-1.684069677,0.079640168,3.90E-100,2.54E-98,81624,diaphanous related formin 3,
ABTB1,1161.127898,2.004613376,0.09487115,4.89E-100,3.18E-98,80325,ankyrin repeat and BTB domain containing 1,
DOK4,598.1855263,1.72776255,0.081810977,7.59E-100,4.91E-98,55715,docking protein 4,
BRCA2,389.9149185,-2.54522429,0.120593902,7.75E-100,5.00E-98,675,BRCA2 DNA repair associated,
NUP88,4829.795526,-1.054442862,0.049935295,1.99E-99,1.28E-97,4927,nucleoporin 88,
GMPS,4571.754863,-1.090375037,0.051692503,2.34E-99,1.50E-97,8833,guanine monophosphate synthase,
FANCM,648.9965626,-2.044786078,0.097111326,2.35E-99,1.51E-97,57697,FA complementation group M,
FBXO2,933.714588,2.070295962,0.098343596,2.57E-99,1.64E-97,26232,F-box protein 2,
TIPIN,685.0612178,-1.828448316,0.086888601,3.25E-99,2.07E-97,54962,TIMELESS interacting protein,
UBR7,3146.636643,-1.23317361,0.058535173,3.36E-99,2.14E-97,55148,ubiquitin protein ligase E3 component n-recognin 7,
RBMX,4830.72834,-1.21578799,0.05779888,6.74E-99,4.28E-97,27316,RNA binding motif protein X-linked,
NOP56,16310.24915,-1.414181726,0.067278673,7.25E-99,4.59E-97,10528,NOP56 ribonucleoprotein,
LRR1,846.4455592,-1.947481767,0.092766535,7.44E-99,4.70E-97,122769,leucine rich repeat protein 1,
DNASE2,4875.718485,1.279266386,0.060880753,1.11E-98,7.01E-97,1777,"deoxyribonuclease 2, lysosomal",
ABCE1,3926.200966,-1.250164679,0.05953134,1.35E-98,8.51E-97,6059,ATP binding cassette subfamily E member 1,
PDSS1,470.4108792,-1.79469987,0.085583086,1.54E-98,9.68E-97,23590,decaprenyl diphosphate synthase subunit 1,
TIMELESS,8329.139349,-1.013518563,0.048268642,1.92E-98,1.20E-96,8914,timeless circadian regulator,
FERMT1,4041.849004,-1.494972113,0.071453494,5.09E-98,3.18E-96,55612,FERM domain containing kindlin 1,
CKS1B,888.7940126,-1.723130472,0.082412862,5.57E-98,3.47E-96,1163,CDC28 protein kinase regulatory subunit 1B,
HNRNPAB,9620.427049,-1.458363063,0.069710282,5.60E-98,3.48E-96,3182,heterogeneous nuclear ribonucleoprotein A/B,
CALD1,17379.59674,1.002784947,0.047843602,6.02E-98,3.73E-96,800,caldesmon 1,
HSPA14,1106.639555,-1.484259314,0.070987797,6.94E-98,4.29E-96,51182,heat shock protein family A (Hsp70) member 14,
RP11-368I7.2,1583.457798,-1.920175778,0.092092594,1.64E-97,1.01E-95,NA,NA,
MDK,6077.659883,2.222703717,0.106667659,2.08E-97,1.28E-95,4192,midkine,
VAMP2,1625.077334,1.235428824,0.059292226,4.47E-97,2.75E-95,6844,vesicle associated membrane protein 2,
RNASE1,1177.130593,1.57052012,0.075444001,4.81E-97,2.94E-95,6035,"ribonuclease A family member 1, pancreatic",
CTDSP2,8171.000178,1.209577044,0.058078376,5.51E-97,3.37E-95,10106,CTD small phosphatase 2,
PPM1G,13897.79633,-1.138666027,0.054715376,8.21E-97,5.00E-95,5496,"protein phosphatase, Mg2+/Mn2+ dependent 1G",
ITGB3,1646.655719,2.023503899,0.097468598,1.06E-96,6.44E-95,3690,integrin subunit beta 3,
FAM216A,815.2691548,-1.586247325,0.076383387,1.19E-96,7.23E-95,29902,family with sequence similarity 216 member A,
RIBC2,347.3223535,-2.598785119,0.12524844,1.20E-96,7.29E-95,26150,RIB43A domain with coiled-coils 2,
UCA1,3748.539928,2.049805809,0.098783999,1.32E-96,7.97E-95,652995,urothelial cancer associated 1,
PLD1,1243.9805,1.698628925,0.081803051,1.36E-96,8.18E-95,5337,phospholipase D1,
POLE,2866.090704,-1.502424739,0.072357355,1.41E-96,8.46E-95,5426,"DNA polymerase epsilon, catalytic subunit",
B3GALT5,277.4689782,-2.855767466,0.137753478,2.12E-96,1.27E-94,10317,"beta-1,3-galactosyltransferase 5",
RTL1,221.8660902,-2.97117361,0.1433921,2.28E-96,1.36E-94,388015,retrotransposon Gag like 1,
CNN1,509.4242611,2.992161046,0.144509317,2.51E-96,1.50E-94,1264,calponin 1,
RP4-562J12.2,299.1119557,2.4981477,0.120571703,2.86E-96,1.70E-94,NA,NA,
TACSTD2,6345.27895,2.227151947,0.107562656,3.11E-96,1.85E-94,4070,tumor associated calcium signal transducer 2,
C1S,1553.837123,2.56860903,0.124198183,4.34E-96,2.57E-94,716,complement C1s,
EBNA1BP2,6751.131035,-1.261453304,0.060657373,4.85E-96,2.87E-94,10969,EBNA1 binding protein 2,
COPS3,5057.594227,-1.120926298,0.054120679,6.86E-96,4.05E-94,8533,COP9 signalosome subunit 3,
NUP85,3144.041595,-1.211602646,0.058528536,7.17E-96,4.22E-94,79902,nucleoporin 85,
TCP11L2,304.6582459,2.692067978,0.130241024,7.74E-96,4.55E-94,255394,t-complex 11 like 2,
GRN,32151.74024,1.857484378,0.089878511,8.38E-96,4.92E-94,2896,granulin precursor,
FOXM1,4607.056477,-1.352273148,0.065380963,8.96E-96,5.24E-94,2305,forkhead box M1,
PPAT,1250.109912,-1.400072917,0.067727875,9.93E-96,5.80E-94,5471,phosphoribosyl pyrophosphate amidotransferase,
INCENP,2197.852123,-2.147211262,0.104015184,1.07E-95,6.26E-94,3619,inner centromere protein,
UBE2H,12394.56377,1.354508072,0.065654432,1.25E-95,7.28E-94,7328,ubiquitin conjugating enzyme E2 H,
DDX18,6557.516861,-1.065233564,0.051501861,1.31E-95,7.61E-94,8886,DEAD-box helicase 18,
KRT16,212.5611326,3.200196526,0.154937778,1.31E-95,7.61E-94,3868,keratin 16,
NUP205,8578.229775,-1.302809375,0.063046929,1.33E-95,7.69E-94,23165,nucleoporin 205,
AC004381.6,641.9115243,-1.886978156,0.091483951,1.93E-95,1.11E-93,NA,NA,
C12orf48,467.325062,-2.2115081,0.107274965,2.29E-95,1.32E-93,NA,NA,
FCHSD1,1656.640167,1.308026432,0.063523493,6.44E-95,3.70E-93,89848,FCH and double SH3 domains 1,
PAPLN,945.3973442,1.644523789,0.079936256,6.93E-95,3.97E-93,89932,"papilin, proteoglycan like sulfated glycoprotein",
WFDC2,227.8526784,4.659792362,0.226474814,8.02E-95,4.58E-93,10406,WAP four-disulfide core domain 2,
DCTPP1,3337.190326,-1.293772902,0.062911513,1.06E-94,6.04E-93,79077,dCTP pyrophosphatase 1,
RBM14,3053.996163,-1.425765293,0.069408057,1.52E-94,8.62E-93,10432,RNA binding motif protein 14,
NNMT,8490.306481,2.094118698,0.10221322,2.86E-94,1.62E-92,4837,nicotinamide N-methyltransferase,
CENPH,866.1086237,-1.897128839,0.092697201,4.86E-94,2.76E-92,64946,centromere protein H,
HBP1,2220.175561,1.584165141,0.077351207,5.19E-94,2.93E-92,26959,HMG-box transcription factor 1,
PNO1,1811.052809,-1.620693286,0.079199095,5.84E-94,3.29E-92,56902,partner of NOB1 homolog,
ODF2,3268.344871,-1.098199138,0.053597467,6.86E-94,3.86E-92,4957,outer dense fiber of sperm tails 2,
C1QBP,12380.48252,-1.155753354,0.056440332,7.91E-94,4.44E-92,708,complement C1q binding protein,
ZNF239,825.723592,-1.519576798,0.074310261,1.10E-93,6.14E-92,8187,zinc finger protein 239,
TNFRSF14,671.140957,2.158241706,0.105755821,1.42E-93,7.93E-92,8764,TNF receptor superfamily member 14,
RP11-799O21.1,269.5939469,-2.988426223,0.146913054,5.71E-93,3.18E-91,NA,NA,
PUS7,2447.0329,-1.343118259,0.0659758,6.84E-93,3.80E-91,54517,pseudouridine synthase 7,
DCLRE1B,768.4728066,-1.401808138,0.068890695,8.70E-93,4.82E-91,64858,DNA cross-link repair 1B,
MATK,462.8346983,3.02641176,0.149040927,9.57E-93,5.29E-91,4145,megakaryocyte-associated tyrosine kinase,
CDK2,3011.632785,-1.517205747,0.074617351,1.00E-92,5.52E-91,1017,cyclin dependent kinase 2,
RP1-186E20.2,378.5639666,-2.293799126,0.113010715,1.31E-92,7.22E-91,NA,NA,
RPA2,1740.43624,-1.218039651,0.059906718,1.45E-92,7.95E-91,6118,replication protein A2,
MAP3K12,1247.261252,1.341018434,0.066133387,3.96E-92,2.17E-90,7786,mitogen-activated protein kinase kinase kinase 12,
RBM28,3924.384812,-1.157491684,0.057074451,4.27E-92,2.34E-90,55131,RNA binding motif protein 28,
RRP1B,3789.133647,-1.404412238,0.069388814,7.43E-92,4.06E-90,23076,ribosomal RNA processing 1B,
TMEM158,1604.533672,-1.35842227,0.067153344,9.68E-92,5.28E-90,25907,transmembrane protein 158,
RPIA,1217.771082,-1.347132352,0.066625148,1.20E-91,6.53E-90,22934,ribose 5-phosphate isomerase A,
SF3A3,4969.415739,-1.03977549,0.051396955,1.56E-91,8.47E-90,10946,splicing factor 3a subunit 3,
PARP2,2368.735703,-1.336906291,0.066203741,1.95E-91,1.06E-89,10038,poly(ADP-ribose) polymerase 2,
POLD3,1359.407017,-1.475533547,0.073101954,2.22E-91,1.20E-89,10714,"DNA polymerase delta 3, accessory subunit",
CTPS1,3136.02153,-1.792266743,0.088876267,2.24E-91,1.21E-89,1503,CTP synthase 1,
WISP2,6491.979182,2.957091308,0.146921718,3.37E-91,1.81E-89,NA,NA,
C17orf53,390.1508946,-1.851931223,0.091956233,4.39E-91,2.35E-89,NA,NA,
MGME1,1692.18234,-1.266228524,0.062837264,5.45E-91,2.92E-89,92667,mitochondrial genome maintenance exonuclease 1,
MTBP,524.3992569,-1.7396776,0.086433052,5.72E-91,3.06E-89,27085,MDM2 binding protein,
NEU1,5539.394981,1.370914151,0.06806025,7.38E-91,3.93E-89,4758,neuraminidase 1,
AK2,4088.366052,-1.083661488,0.053872982,1.14E-90,6.07E-89,204,adenylate kinase 2,
ZBTB22,605.0787265,1.551028353,0.07720134,1.46E-90,7.76E-89,9278,zinc finger and BTB domain containing 22,
ZNF554,827.7187066,1.816459664,0.090571461,2.19E-90,1.16E-88,115196,zinc finger protein 554,
LAS1L,4687.722246,-1.180660854,0.058830222,3.15E-90,1.66E-88,81887,LAS1 like ribosome biogenesis factor,
ACP5,2599.116736,2.481759903,0.123971718,3.33E-90,1.75E-88,54,"acid phosphatase 5, tartrate resistant",
RORC,419.7215496,3.685428592,0.184142181,3.84E-90,2.02E-88,6097,RAR related orphan receptor C,
UBE2S,939.70414,-2.414803744,0.1207402,4.42E-90,2.32E-88,27338,ubiquitin conjugating enzyme E2 S,
NAT10,5470.747671,-1.166900084,0.058290359,4.47E-90,2.34E-88,55226,N-acetyltransferase 10,
CKAP2,1300.275361,-1.535816484,0.076931552,1.81E-89,9.45E-88,26586,cytoskeleton associated protein 2,
DTYMK,2179.608414,-1.796659976,0.090261809,4.18E-89,2.18E-87,1841,deoxythymidylate kinase,
USP13,1434.791094,-1.214238876,0.060925966,5.07E-89,2.64E-87,8975,ubiquitin specific peptidase 13,
CTD-2561J22.4,506.9236629,-1.90513986,0.095810653,6.79E-89,3.53E-87,NA,NA,
CTSO,746.4214307,1.889469921,0.095192398,1.37E-88,7.08E-87,1519,cathepsin O,
KLC4,976.0022808,1.446523175,0.072898173,2.17E-88,1.12E-86,89953,kinesin light chain 4,
COL13A1,550.6600063,-2.226530383,0.112437107,2.77E-88,1.43E-86,1305,collagen type XIII alpha 1 chain,
HSPD1,31851.38495,-1.088538014,0.054834541,2.77E-88,1.43E-86,3329,heat shock protein family D (Hsp60) member 1,
APLN,471.6410813,-2.367281057,0.119682194,4.02E-88,2.07E-86,8862,apelin,
TOE1,540.2818529,-1.642095479,0.083013309,6.05E-88,3.11E-86,114034,"target of EGR1, exonuclease",
SECTM1,1125.070211,2.716046967,0.137757874,1.33E-87,6.82E-86,6398,secreted and transmembrane 1,
TTLL3,518.7504324,1.775576434,0.089976438,1.48E-87,7.59E-86,26140,tubulin tyrosine ligase like 3,
E2F8,748.4233656,-2.529540578,0.128358605,1.82E-87,9.31E-86,79733,E2F transcription factor 8,
CREBRF,442.5357928,2.181215898,0.110686112,1.98E-87,1.01E-85,153222,CREB3 regulatory factor,
KIAA1462,3353.434816,-1.143691894,0.058107795,2.92E-87,1.49E-85,NA,NA,
CTD-2510F5.4,279.0047852,-2.661854818,0.135289403,3.30E-87,1.68E-85,NA,NA,
TOP1,6723.972494,-1.212609685,0.061580979,3.61E-87,1.83E-85,7150,DNA topoisomerase I,
CENPN,1575.465929,-1.912888464,0.097226203,3.62E-87,1.83E-85,55839,centromere protein N,
SRRT,6166.281712,-1.067752457,0.054193546,3.75E-87,1.89E-85,51593,"serrate, RNA effector molecule",
IMP4,4673.747582,-1.255712899,0.063737372,4.23E-87,2.13E-85,92856,IMP U3 small nucleolar ribonucleoprotein 4,
SNX33,1413.045363,1.231968692,0.062594947,6.89E-87,3.46E-85,257364,sorting nexin 33,
STEAP1B,295.6481758,-3.200612526,0.163314291,1.20E-86,6.00E-85,256227,STEAP family member 1B,
ZSCAN31,1723.011986,2.539101452,0.129504714,1.26E-86,6.30E-85,64288,zinc finger and SCAN domain containing 31,
PPP1R3B,1780.430282,1.589571828,0.081001681,1.54E-86,7.70E-85,79660,protein phosphatase 1 regulatory subunit 3B,
CTD-2228K2.7,2751.731146,2.158216361,0.110128885,1.68E-86,8.38E-85,NA,NA,
TEP1,2700.393014,1.082674015,0.05513742,2.05E-86,1.02E-84,7011,telomerase associated protein 1,
SPDL1,3572.530959,-1.469516633,0.07498644,2.06E-86,1.02E-84,54908,spindle apparatus coiled-coil protein 1,
MAMLD1,324.2736774,-2.47513578,0.126383306,2.14E-86,1.06E-84,10046,mastermind like domain containing 1,
RPF2,1928.177843,-1.290814057,0.065895839,3.63E-86,1.80E-84,84154,ribosome production factor 2 homolog,
MEGF8,770.8508511,1.592601694,0.081377905,4.31E-86,2.13E-84,1954,multiple EGF like domains 8,
DDX21,13212.29329,-1.386926112,0.070903761,5.39E-86,2.66E-84,9188,DExD-box helicase 21,
APOE,470.4157848,2.755321435,0.141101689,5.83E-86,2.87E-84,348,apolipoprotein E,
CHST4,217.1136093,-3.299660199,0.16911774,7.82E-86,3.85E-84,10164,carbohydrate sulfotransferase 4,
NECTIN4,432.0344634,2.391562828,0.122641783,1.07E-85,5.25E-84,81607,nectin cell adhesion molecule 4,
PLA2G4C,475.4493666,2.656877255,0.136354193,1.17E-85,5.72E-84,8605,phospholipase A2 group IVC,
EFNA1,2044.967456,1.304964928,0.06682784,1.36E-85,6.66E-84,1942,ephrin A1,
H2AFZ,8373.02138,-1.507452518,0.077296574,1.64E-85,7.99E-84,NA,NA,
GLMP,2350.332332,1.565670268,0.080368013,2.36E-85,1.14E-83,112770,glycosylated lysosomal membrane protein,
TMC4,874.5181309,2.721481974,0.139995515,2.76E-85,1.34E-83,147798,transmembrane channel like 4,
SSX2IP,736.1697544,-1.516837956,0.077945995,3.88E-85,1.88E-83,117178,SSX family member 2 interacting protein,
RRP9,2933.608011,-1.605280335,0.08272222,9.09E-85,4.39E-83,9136,"ribosomal RNA processing 9, U3 small nucleolar RNA binding protein",
C5AR1,164.56497,2.965786154,0.152818141,1.00E-84,4.85E-83,728,complement C5a receptor 1,
ILF2,16407.7121,-1.084553296,0.055820194,2.38E-84,1.15E-82,3608,interleukin enhancer binding factor 2,
SRPK1,4506.568318,-1.281355318,0.066241183,4.55E-84,2.18E-82,6732,SRSF protein kinase 1,
FCGRT,459.8841526,2.021683571,0.104654769,4.63E-84,2.21E-82,2217,Fc gamma receptor and transporter,
SRM,5385.318441,-1.749846786,0.090585218,4.65E-84,2.22E-82,6723,spermidine synthase,
MARS2,693.4376621,-1.627395926,0.084209723,4.78E-84,2.28E-82,92935,"methionyl-tRNA synthetase 2, mitochondrial",
SLC25A19,479.8911857,-2.068464976,0.107172512,5.13E-84,2.44E-82,60386,solute carrier family 25 member 19,
POLR1E,2178.305781,-1.405190882,0.072885211,1.37E-83,6.47E-82,64425,RNA polymerase I subunit E,
CCDC34,790.6263074,-1.606541128,0.083391777,1.54E-83,7.27E-82,91057,coiled-coil domain containing 34,
TAF5,431.1332406,-1.834480449,0.095378878,2.42E-83,1.14E-81,6877,TATA-box binding protein associated factor 5,
ERV3-1,995.9539076,2.203052021,0.114653041,2.91E-83,1.37E-81,2086,"endogenous retrovirus group 3 member 1, envelope",
INAFM2,624.882517,-1.858143748,0.096745742,3.54E-83,1.67E-81,100505573,InaF motif containing 2,
MLKL,1307.965556,-1.318471696,0.068554133,3.56E-83,1.67E-81,197259,mixed lineage kinase domain like pseudokinase,
RBBP8,2135.232371,-1.058960245,0.055028176,4.25E-83,1.99E-81,5932,"RB binding protein 8, endonuclease",
NOM1,2391.150206,-1.145193826,0.059554664,4.98E-83,2.33E-81,64434,nucleolar protein with MIF4G domain 1,
DDX10,1984.82625,-1.271385181,0.066147278,5.02E-83,2.34E-81,1662,DEAD-box helicase 10,
CCNE2,283.8389976,-2.351743115,0.12262489,5.76E-83,2.69E-81,9134,cyclin E2,
P2RX4,1289.000335,1.775321004,0.092653937,9.94E-83,4.63E-81,5025,purinergic receptor P2X 4,
PRMT3,1909.61372,-1.148435347,0.059855493,1.12E-82,5.21E-81,10196,protein arginine methyltransferase 3,
PA2G4,8862.32035,-1.470792083,0.076749366,1.14E-82,5.28E-81,5036,proliferation-associated 2G4,
JADE2,1425.65451,-1.36047016,0.070992588,1.36E-82,6.31E-81,23338,jade family PHD finger 2,
ALDH6A1,1107.214404,1.576323806,0.082317331,1.51E-82,6.99E-81,4329,aldehyde dehydrogenase 6 family member A1,
CTH,760.3588329,1.787617644,0.093436187,1.67E-82,7.71E-81,1491,cystathionine gamma-lyase,
SMC1B,956.8431251,-1.662940386,0.086929579,1.86E-82,8.59E-81,27127,structural maintenance of chromosomes 1B,
NOC3L,1559.960903,-1.557618956,0.081425063,2.20E-82,1.01E-80,64318,NOC3 like DNA replication regulator,
MASTL,911.8349114,-1.598363557,0.08358851,2.36E-82,1.08E-80,84930,microtubule associated serine/threonine kinase like,
AGO4,560.3927216,1.494978512,0.078194442,2.92E-82,1.34E-80,192670,argonaute RISC component 4,
NOV,933.7597376,1.951065095,0.102334527,6.33E-82,2.90E-80,NA,NA,
C1orf112,370.4123848,-1.763239749,0.092476916,6.55E-82,2.99E-80,NA,NA,
TTF2,2120.036416,-1.550807391,0.081316141,6.56E-82,2.99E-80,8458,transcription termination factor 2,
IPO5,9535.434698,-1.011686029,0.053001155,7.66E-82,3.49E-80,3843,importin 5,
RAD18,1147.753262,-1.470246259,0.077136677,8.80E-82,4.00E-80,56852,RAD18 E3 ubiquitin protein ligase,
NUP43,1917.944041,-1.093687272,0.057332528,1.04E-81,4.72E-80,348995,nucleoporin 43,
CTF1,434.3303977,1.902950721,0.099982678,1.08E-81,4.90E-80,1489,cardiotrophin 1,
STK17A,5200.019289,-1.01933014,0.053475108,1.49E-81,6.75E-80,9263,serine/threonine kinase 17a,
CBLB,1051.425345,1.575831086,0.082810635,1.50E-81,6.78E-80,868,Cbl proto-oncogene B,
PAK1IP1,1773.720899,-1.219926758,0.064067511,1.63E-81,7.36E-80,55003,PAK1 interacting protein 1,
LIG1,1339.111821,-1.646458003,0.086619893,2.02E-81,9.07E-80,3978,DNA ligase 1,
TUBA1A,6900.135719,1.443415969,0.07594085,2.46E-81,1.10E-79,7846,tubulin alpha 1a,
HIRIP3,1082.301698,-1.293978114,0.068079388,3.19E-81,1.43E-79,8479,HIRA interacting protein 3,
CDC7,734.6678771,-1.57158855,0.082798273,3.49E-81,1.56E-79,8317,cell division cycle 7,
TRMU,1787.429738,-1.163324897,0.061221583,3.65E-81,1.63E-79,55687,tRNA mitochondrial 2-thiouridylase,
MGC14436,144.5432221,-3.196845939,0.168615563,6.42E-81,2.86E-79,NA,NA,
HMOX2,3844.407019,-1.039690265,0.05483321,9.93E-81,4.42E-79,3163,heme oxygenase 2,
THBS3,4684.363155,1.100278946,0.0580873,1.42E-80,6.33E-79,7059,thrombospondin 3,
PODXL,2130.837323,-1.651641536,0.087390851,1.51E-80,6.72E-79,5420,podocalyxin like,
BRI3BP,777.6074478,-1.641964273,0.086907424,1.66E-80,7.33E-79,140707,BRI3 binding protein,
SLCO4A1,930.6446783,-1.685208708,0.089212794,1.78E-80,7.87E-79,28231,solute carrier organic anion transporter family member 4A1,
HLA-E,7690.212757,1.150235746,0.060886884,3.36E-80,1.48E-78,3133,"major histocompatibility complex, class I, E",
NFE2,367.0679965,3.180399622,0.168884682,4.04E-80,1.78E-78,4778,"nuclear factor, erythroid 2",
DDX39A,5396.828812,-1.165172467,0.061843017,6.62E-80,2.91E-78,10212,DExD-box helicase 39A,
LURAP1L,1243.381217,2.30616777,0.122716333,7.90E-80,3.47E-78,286343,leucine rich adaptor protein 1 like,
TBC1D31,852.9135423,-1.613938805,0.086015242,2.04E-79,8.93E-78,93594,TBC1 domain family member 31,
ARHGAP19,700.71567,-1.765817188,0.094196351,2.66E-79,1.16E-77,84986,Rho GTPase activating protein 19,
XPO5,3517.117311,-1.15845637,0.061717384,3.01E-79,1.32E-77,57510,exportin 5,
C3,8494.748221,2.293549503,0.122590417,5.01E-79,2.18E-77,718,complement C3,
PSAP,70653.64706,1.03710875,0.055303677,5.49E-79,2.39E-77,5660,prosaposin,
C19orf66,916.169794,1.331672277,0.071108685,5.78E-79,2.51E-77,NA,NA,
MYO7A,581.5653491,1.464366058,0.078249355,7.18E-79,3.12E-77,4647,myosin VIIA,
TMEM194A,2962.50689,-1.190976862,0.063637923,7.80E-79,3.38E-77,NA,NA,
C18orf54,434.6314996,-1.83017755,0.097946208,8.45E-79,3.66E-77,162681,chromosome 18 open reading frame 54,
IL12B,154.4298709,4.717687453,0.251800076,1.02E-78,4.42E-77,3593,interleukin 12B,
SMIM24,230.6531685,4.743879882,0.254065172,1.14E-78,4.90E-77,284422,small integral membrane protein 24,
REPS2,647.3394687,1.485821967,0.079553117,1.26E-78,5.40E-77,9185,RALBP1 associated Eps domain containing 2,
NDRG1,7375.110865,1.402469172,0.075136608,1.61E-78,6.92E-77,10397,N-myc downstream regulated 1,
PSMG1,1833.694804,-1.357040632,0.072714062,1.72E-78,7.39E-77,8624,proteasome assembly chaperone 1,
RMI2,828.4665138,-1.615642342,0.086689669,2.35E-78,1.01E-76,116028,RecQ mediated genome instability 2,
HGSNAT,1959.853937,1.060126599,0.056806977,2.92E-78,1.25E-76,138050,heparan-alpha-glucosaminide N-acetyltransferase,
CLIC3,1072.993973,2.928376909,0.157651402,4.26E-78,1.82E-76,9022,chloride intracellular channel 3,
GGCT,1641.066803,-1.502801285,0.080844021,5.74E-78,2.44E-76,79017,gamma-glutamylcyclotransferase,
CENPP,313.8499035,-1.837875573,0.098940796,6.90E-78,2.93E-76,401541,centromere protein P,
SIGMAR1,6152.696429,-1.315380945,0.070763339,6.93E-78,2.94E-76,10280,sigma non-opioid intracellular receptor 1,
LIN9,482.8128523,-1.647678296,0.088730826,7.71E-78,3.27E-76,286826,lin-9 DREAM MuvB core complex component,
CDT1,1186.413479,-2.72046575,0.146799719,8.20E-78,3.47E-76,81620,chromatin licensing and DNA replication factor 1,
UAP1L1,2310.780719,1.259811286,0.067893697,1.52E-77,6.40E-76,91373,UDP-N-acetylglucosamine pyrophosphorylase 1 like 1,
CAPN5,3370.66374,1.875052352,0.101180921,1.59E-77,6.69E-76,726,calpain 5,
GPRC5C,1403.922518,2.01163502,0.108701478,2.01E-77,8.42E-76,55890,G protein-coupled receptor class C group 5 member C,
KIAA1370,804.9209238,1.553816575,0.083880816,2.14E-77,8.96E-76,NA,NA,
PTDSS1,3991.926691,-1.337317682,0.072207731,2.56E-77,1.07E-75,9791,phosphatidylserine synthase 1,
CFB,236.1669898,2.332848327,0.126299878,4.04E-77,1.69E-75,629,complement factor B,
MRPL17,2873.380594,-1.098759783,0.059485435,8.81E-77,3.67E-75,63875,mitochondrial ribosomal protein L17,
DHFR,486.6875085,-1.74401675,0.094589533,9.35E-77,3.89E-75,1719,dihydrofolate reductase,
PCDH7,3091.350739,1.11594612,0.060420224,9.49E-77,3.94E-75,5099,protocadherin 7,
EIF2B3,1188.48607,-1.463355038,0.079479056,1.64E-76,6.82E-75,8891,eukaryotic translation initiation factor 2B subunit gamma,
NT5DC2,5116.977484,-1.069270932,0.058009007,1.88E-76,7.76E-75,64943,5'-nucleotidase domain containing 2,
HMGB1,1243.057104,-1.234884698,0.067142225,3.14E-76,1.30E-74,3146,high mobility group box 1,
MUC16,519.0228752,2.202194657,0.120063528,3.85E-76,1.59E-74,94025,"mucin 16, cell surface associated",
TMEM209,1713.70579,-1.194675188,0.065017636,4.54E-76,1.87E-74,84928,transmembrane protein 209,
PLCD4,754.9154638,2.291639627,0.125252228,8.45E-76,3.47E-74,84812,phospholipase C delta 4,
SDSL,1921.460773,1.565928001,0.085514215,9.85E-76,4.04E-74,113675,serine dehydratase like,
TUBGCP5,1113.650144,-1.17818076,0.06424799,1.02E-75,4.19E-74,114791,tubulin gamma complex component 5,
ARSD,1979.469102,1.243928343,0.067897461,1.22E-75,5.00E-74,414,arylsulfatase D,
IDH1,5749.603771,1.1373143,0.062070563,1.35E-75,5.51E-74,3417,isocitrate dehydrogenase (NADP(+)) 1,
RBL1,1486.201978,-1.724088257,0.094319156,1.57E-75,6.42E-74,5933,RB transcriptional corepressor like 1,
PFAS,6068.265941,-1.748672276,0.095717827,1.75E-75,7.13E-74,5198,phosphoribosylformylglycinamidine synthase,
MX1,621.7048971,1.920912432,0.105166899,1.87E-75,7.60E-74,4599,MX dynamin like GTPase 1,
RCAN1,2374.958639,1.439664146,0.078802579,2.19E-75,8.89E-74,1827,regulator of calcineurin 1,
FTL,85388.60754,1.193675829,0.06525307,2.56E-75,1.04E-73,2512,ferritin light chain,
SMC2,3473.461986,-1.61266567,0.088334178,2.72E-75,1.10E-73,10592,structural maintenance of chromosomes 2,
ZDHHC11B,174.3184554,2.877620608,0.157806288,3.60E-75,1.45E-73,653082,zinc finger DHHC-type containing 11B,
CA11,369.5810453,2.220543243,0.121852591,3.75E-75,1.51E-73,770,carbonic anhydrase 11,
TUBB,29943.4313,-1.154873208,0.063090533,3.84E-75,1.54E-73,203068,tubulin beta class I,
XRCC3,1297.196164,-2.02025252,0.110903435,3.86E-75,1.55E-73,7517,X-ray repair cross complementing 3,
RRP15,1872.645995,-1.333772069,0.073133137,4.75E-75,1.91E-73,51018,ribosomal RNA processing 15 homolog,
ORAI3,322.5789532,2.184451577,0.120126774,7.10E-75,2.85E-73,93129,ORAI calcium release-activated calcium modulator 3,
EIF3B,28978.4803,-1.004348282,0.054789051,9.69E-75,3.87E-73,8662,eukaryotic translation initiation factor 3 subunit B,
ELOVL6,4862.610176,-1.118191516,0.061391302,9.90E-75,3.95E-73,79071,ELOVL fatty acid elongase 6,
PDE5A,1116.144555,1.910384068,0.105132607,1.05E-74,4.19E-73,8654,phosphodiesterase 5A,
EHD1,1777.651128,-1.479656399,0.081379429,1.14E-74,4.54E-73,10938,EH domain containing 1,
SMIM14,3139.268415,1.778384374,0.097879714,1.15E-74,4.58E-73,201895,small integral membrane protein 14,
CCBE1,1297.831317,-1.16956495,0.064316116,1.48E-74,5.87E-73,147372,collagen and calcium binding EGF domains 1,
LMNB2,10634.63803,-1.804664457,0.099518233,1.71E-74,6.79E-73,84823,lamin B2,
IL1RN,433.617034,1.932428784,0.10655317,1.93E-74,7.63E-73,3557,interleukin 1 receptor antagonist,
TSEN2,1026.804477,-1.404470972,0.077413001,2.36E-74,9.31E-73,80746,tRNA splicing endonuclease subunit 2,
ING4,678.5609661,1.469061937,0.081081602,3.67E-74,1.45E-72,51147,inhibitor of growth family member 4,
OSBPL6,904.0444311,-1.342807966,0.074089665,3.89E-74,1.53E-72,114880,oxysterol binding protein like 6,
TGFB1I1,2326.954785,1.246834654,0.06879071,4.30E-74,1.69E-72,7041,transforming growth factor beta 1 induced transcript 1,
MYBL1,3070.352991,-1.441320549,0.079661164,5.53E-74,2.17E-72,4603,MYB proto-oncogene like 1,
ARHGAP26,1296.908991,-1.590218273,0.08804412,9.53E-74,3.73E-72,23092,Rho GTPase activating protein 26,
PKMYT1,1218.513214,-2.969089938,0.16489301,1.17E-73,4.59E-72,9088,"protein kinase, membrane associated tyrosine/threonine 1",
TFCP2L1,565.5194672,1.554429705,0.086441004,4.09E-73,1.60E-71,29842,transcription factor CP2 like 1,
SULT1C2,190.9866738,5.826841948,0.32246549,4.76E-73,1.86E-71,6819,sulfotransferase family 1C member 2,
CTD-2514K5.2,137.4859034,3.184762518,0.177225625,5.09E-73,1.98E-71,NA,NA,
OAS2,654.2655117,2.324271866,0.12958638,6.17E-73,2.40E-71,4939,2'-5'-oligoadenylate synthetase 2,
ICA1,244.3127135,2.23166773,0.124442484,7.44E-73,2.88E-71,3382,islet cell autoantigen 1,
UMPS,3079.337651,-1.145762324,0.0638227,1.07E-72,4.12E-71,7372,uridine monophosphate synthetase,
ATP2A3,1366.241564,2.121553484,0.118519502,1.19E-72,4.62E-71,489,ATPase sarcoplasmic/endoplasmic reticulum Ca2+ transporting 3,
THSD7A,282.1386419,2.717995302,0.152062087,1.75E-72,6.77E-71,221981,thrombospondin type 1 domain containing 7A,
WDR4,1688.240484,-1.378995143,0.077032544,1.94E-72,7.49E-71,10785,WD repeat domain 4,
CCND3,1686.870748,-1.744528199,0.097600407,2.22E-72,8.54E-71,896,cyclin D3,
ATP9A,3954.797885,1.162408539,0.064875894,2.37E-72,9.11E-71,10079,ATPase phospholipid transporting 9A (putative),
TMEM201,645.5805551,-2.161892672,0.121169004,3.26E-72,1.25E-70,199953,transmembrane protein 201,
WDR77,1316.015483,-1.440771523,0.080725454,4.67E-72,1.79E-70,79084,WD repeat domain 77,
NUP188,6379.855916,-1.346050432,0.075524851,8.59E-72,3.29E-70,23511,nucleoporin 188,
RP11-54H7.4,1345.524648,1.586491915,0.089106751,9.46E-72,3.62E-70,NA,NA,
SAAL1,1505.929059,-1.106619566,0.062082862,1.13E-71,4.29E-70,113174,serum amyloid A like 1,
PIGW,1181.409327,-1.298743364,0.072932681,1.16E-71,4.42E-70,284098,phosphatidylinositol glycan anchor biosynthesis class W,
H2AFX,2600.435634,-2.164444856,0.121909477,1.46E-71,5.56E-70,NA,NA,
CDC20P,155.262867,-2.950933136,0.166007675,1.52E-71,5.78E-70,NA,NA,
RGL3,626.1000711,1.520426099,0.085546895,1.71E-71,6.46E-70,57139,ral guanine nucleotide dissociation stimulator like 3,
TRIM22,173.4595528,4.98870282,0.281058433,3.24E-71,1.22E-69,10346,tripartite motif containing 22,
ACTA2,205.4575723,2.400801018,0.135523101,3.93E-71,1.48E-69,59,"actin alpha 2, smooth muscle",
TUBGCP3,1049.762997,-1.1410134,0.064288565,4.23E-71,1.59E-69,10426,tubulin gamma complex component 3,
HNRNPD,10895.69449,-1.015516409,0.057194578,4.54E-71,1.71E-69,3184,heterogeneous nuclear ribonucleoprotein D,
NECTIN1,2156.259529,-1.614912868,0.09118368,4.94E-71,1.86E-69,5818,nectin cell adhesion molecule 1,
KIAA0355,732.3139231,1.491691231,0.084232499,6.10E-71,2.29E-69,NA,NA,
NME1,4685.050487,-1.021248042,0.057610675,7.36E-71,2.75E-69,4830,NME/NM23 nucleoside diphosphate kinase 1,
ZNF44,1434.781958,1.463513411,0.08277147,9.56E-71,3.58E-69,51710,zinc finger protein 44,
GRWD1,2195.882793,-1.452382574,0.082153766,1.00E-70,3.74E-69,83743,glutamate rich WD repeat containing 1,
B3GNT7,659.9234861,1.818415288,0.102934301,1.01E-70,3.75E-69,93010,"UDP-GlcNAc:betaGal beta-1,3-N-acetylglucosaminyltransferase 7",
PLXNA3,5613.953282,1.266436529,0.071591386,1.06E-70,3.95E-69,55558,plexin A3,
RP4-647C14.2,548.6107871,1.583756168,0.089658234,1.26E-70,4.67E-69,NA,NA,
THEMIS2,1181.023884,2.066116735,0.117137613,1.26E-70,4.69E-69,9473,thymocyte selection associated family member 2,
BCS1L,2271.020894,-1.012795551,0.057311151,1.96E-70,7.28E-69,617,"BCS1 homolog, ubiquinol-cytochrome c reductase complex chaperone",
PIP5KL1,410.7321986,2.184588473,0.124234437,3.20E-70,1.18E-68,138429,phosphatidylinositol-4-phosphate 5-kinase like 1,
CBLN3,215.9254868,2.288229963,0.130131506,3.55E-70,1.31E-68,643866,cerebellin 3 precursor,
CDKN2B,779.7324597,1.559147448,0.088645175,4.62E-70,1.71E-68,1030,cyclin dependent kinase inhibitor 2B,
ME2,2870.939185,-1.087703971,0.061761948,5.15E-70,1.90E-68,4200,malic enzyme 2,
CCT5,19609.64527,-1.061895579,0.060306344,5.63E-70,2.07E-68,22948,chaperonin containing TCP1 subunit 5,
ZNF331,2706.230408,-1.41268706,0.080473289,5.90E-70,2.17E-68,55422,zinc finger protein 331,
CENPQ,290.3604167,-1.871257684,0.106539607,6.16E-70,2.26E-68,55166,centromere protein Q,
FADS3,2698.202229,1.425831613,0.081199184,8.64E-70,3.17E-68,3995,fatty acid desaturase 3,
KCNK15,154.7734223,4.092283508,0.233271932,9.29E-70,3.40E-68,60598,potassium two pore domain channel subfamily K member 15,
PCBP3,412.3978476,1.635588153,0.093433764,1.99E-69,7.28E-68,54039,poly(rC) binding protein 3,
WNT7B,1130.792288,-1.807968336,0.103384095,2.02E-69,7.38E-68,7477,Wnt family member 7B,
OIP5,181.9243156,-2.808879221,0.160733452,2.33E-69,8.49E-68,11339,Opa interacting protein 5,
PITPNC1,561.4774658,-1.881968907,0.107686108,2.38E-69,8.67E-68,26207,phosphatidylinositol transfer protein cytoplasmic 1,
PHLDA1,3413.044075,-1.935793291,0.110805805,2.52E-69,9.16E-68,22822,pleckstrin homology like domain family A member 1,
NOP14,2729.33537,-1.100234623,0.062812192,2.67E-69,9.69E-68,8602,NOP14 nucleolar protein,
ZNF442,395.5757636,1.595982717,0.091344866,3.55E-69,1.28E-67,79973,zinc finger protein 442,
BCAS3,984.9351654,1.614203633,0.092396814,3.61E-69,1.30E-67,54828,BCAS3 microtubule associated cell migration factor,
TK1,3025.096003,-1.707286361,0.097829376,4.17E-69,1.50E-67,7083,thymidine kinase 1,
IRF6,3408.709065,2.19748449,0.126142217,5.54E-69,1.99E-67,3664,interferon regulatory factor 6,
CENPJ,795.8606103,-1.74048196,0.099835583,6.03E-69,2.16E-67,55835,centromere protein J,
KIAA1683,384.2909289,3.411788677,0.196187995,6.87E-69,2.46E-67,NA,NA,
PLEKHF1,570.2670621,1.988806241,0.114242148,8.07E-69,2.89E-67,79156,pleckstrin homology and FYVE domain containing 1,
GAL3ST4,240.6209958,2.296725285,0.131959274,8.40E-69,3.00E-67,79690,galactose-3-O-sulfotransferase 4,
GLP2R,686.2463274,1.657634857,0.095300754,1.37E-68,4.87E-67,9340,glucagon like peptide 2 receptor,
TUBB4B,18371.68529,-1.775572274,0.102216773,1.62E-68,5.75E-67,10383,tubulin beta 4B class IVb,
HDAC5,1316.792703,1.749701835,0.100773961,2.05E-68,7.30E-67,10014,histone deacetylase 5,
RP11-356J5.12,267.3766378,1.945908064,0.112100771,2.18E-68,7.74E-67,NA,NA,
HAS3,2794.609468,-2.48696983,0.143782154,4.13E-68,1.46E-66,3038,hyaluronan synthase 3,
ZNF763,169.1233803,2.452489611,0.141615308,4.18E-68,1.48E-66,284390,zinc finger protein 763,
TBC1D9,1643.373423,1.095087791,0.063149316,6.15E-68,2.18E-66,23158,TBC1 domain family member 9,
LRRC16B,135.5001793,3.255687628,0.18835521,9.32E-68,3.29E-66,NA,NA,
AC008697.1,145.5097957,3.446073491,0.199739737,1.22E-67,4.29E-66,NA,NA,
BORA,209.6345209,-2.592558627,0.15039329,1.25E-67,4.39E-66,79866,BORA aurora kinase A activator,
SNRPD1,2309.935465,-1.25299098,0.072506008,1.32E-67,4.65E-66,6632,small nuclear ribonucleoprotein D1 polypeptide,
SCLT1,427.7954944,-1.643294538,0.095246385,1.47E-67,5.16E-66,132320,sodium channel and clathrin linker 1,
DHX29,2849.047004,-1.036176212,0.059995644,2.13E-67,7.47E-66,54505,DExH-box helicase 29,
POP7,2043.564382,-1.365494424,0.079200214,2.29E-67,8.01E-66,10248,"POP7 homolog, ribonuclease P/MRP subunit",
LYNX1,727.4986739,1.670748474,0.096978997,2.38E-67,8.32E-66,66004,Ly6/neurotoxin 1,
HIST1H2AC,1272.509005,1.269093109,0.073582694,2.56E-67,8.92E-66,NA,NA,
CENPL,572.1429575,-1.551621012,0.09021883,4.09E-67,1.42E-65,91687,centromere protein L,
TM7SF2,293.3374243,2.51727615,0.14658573,4.50E-67,1.56E-65,7108,transmembrane 7 superfamily member 2,
C16orf59,655.19097,-2.269366852,0.132281009,5.07E-67,1.76E-65,NA,NA,
SLC25A11,2666.121155,-1.29271457,0.075281285,5.73E-67,1.99E-65,8402,solute carrier family 25 member 11,
SFR1,487.9769857,-1.588969217,0.092530459,5.98E-67,2.07E-65,119392,SWI5 dependent homologous recombination repair protein 1,
BRIP1,1522.374779,-1.29893065,0.075553122,6.22E-67,2.15E-65,83990,BRCA1 interacting DNA helicase 1,
MYO15B,302.1055338,2.515024146,0.146681839,7.54E-67,2.60E-65,80022,myosin XVB,
DNMT1,10272.85345,-1.620371407,0.094633279,1.22E-66,4.21E-65,1786,DNA methyltransferase 1,
ARL14EPL,184.3293267,-2.226150071,0.130037772,1.26E-66,4.35E-65,644100,ARF like GTPase 14 effector protein like,
TWNK,2211.566526,-1.079774491,0.062912662,1.30E-66,4.47E-65,56652,twinkle mtDNA helicase,
TSR1,6258.143088,-1.159528974,0.067582848,1.32E-66,4.53E-65,55720,TSR1 ribosome maturation factor,
FAM81A,499.4339594,-1.52008078,0.088744522,1.46E-66,5.00E-65,145773,family with sequence similarity 81 member A,
GPSM2,939.8980329,-1.249106396,0.07294219,2.07E-66,7.09E-65,29899,G protein signaling modulator 2,
STRA13,1052.993245,-1.418981223,0.08300005,2.58E-66,8.83E-65,NA,NA,
SH2D2A,165.9721775,-2.432307982,0.14249627,2.81E-66,9.60E-65,9047,SH2 domain containing 2A,
SLC1A4,1306.438881,1.260172372,0.073715145,3.41E-66,1.16E-64,6509,solute carrier family 1 member 4,
LXN,661.0465723,1.451103185,0.084949292,3.55E-66,1.21E-64,56925,latexin,
GDF15,578.0900524,2.197455652,0.128884779,3.66E-66,1.24E-64,9518,growth differentiation factor 15,
ZNF876P,269.7511248,-2.007044309,0.117727342,3.87E-66,1.31E-64,642280,"zinc finger protein 876, pseudogene",
HYLS1,803.3522218,-1.335359047,0.078189743,3.89E-66,1.32E-64,219844,HYLS1 centriolar and ciliogenesis associated,
TRIM8,3809.522675,1.237341038,0.072434923,4.35E-66,1.47E-64,81603,tripartite motif containing 8,
PSME3,8468.003477,-1.045182662,0.061144906,4.67E-66,1.58E-64,10197,proteasome activator subunit 3,
CHDH,469.0588615,-1.462393885,0.085763932,5.28E-66,1.79E-64,55349,choline dehydrogenase,
CDCA4,1674.221225,-1.740783808,0.102190863,5.46E-66,1.84E-64,55038,cell division cycle associated 4,
DNMBP,2350.7342,-1.345294135,0.078938193,7.32E-66,2.47E-64,23268,dynamin binding protein,
OSER1,2873.452291,1.093350711,0.064105797,8.16E-66,2.75E-64,51526,oxidative stress responsive serine rich 1,
HGH1,859.813232,-1.459906055,0.085828156,1.07E-65,3.61E-64,51236,HGH1 homolog,
SLC20A2,2752.557734,1.282401772,0.075338291,1.10E-65,3.70E-64,6575,solute carrier family 20 member 2,
TONSL,920.7879849,-2.035616115,0.119894039,1.15E-65,3.85E-64,4796,"tonsoku like, DNA repair protein",
EPOP,610.1943265,-1.40610275,0.082811838,1.93E-65,6.47E-64,100170841,elongin BC and polycomb repressive complex 2 associated protein,
SH2B3,1159.060171,-1.321428962,0.077803957,1.98E-65,6.61E-64,10019,SH2B adaptor protein 3,
ACKR3,319.6502703,2.169191923,0.128050548,2.48E-65,8.29E-64,57007,atypical chemokine receptor 3,
EEF2KMT,571.820028,-1.720834021,0.101549561,2.50E-65,8.32E-64,196483,eukaryotic elongation factor 2 lysine methyltransferase,
FAM117A,728.8099898,1.350524385,0.079563953,2.54E-65,8.46E-64,81558,family with sequence similarity 117 member A,
TRMT6,1757.313741,-1.105634209,0.065167393,3.60E-65,1.19E-63,51605,tRNA methyltransferase 6 non-catalytic subunit,
RP11-309L24.4,176.548471,3.071983743,0.181722209,4.02E-65,1.33E-63,NA,NA,
ZNF726,242.8694953,-2.033761335,0.120222532,4.03E-65,1.33E-63,730087,zinc finger protein 726,
PRC1,131.075377,-2.772065694,0.163904102,4.96E-65,1.63E-63,9055,protein regulator of cytokinesis 1,
SNRPA1,1073.918843,-1.307633867,0.077275415,5.42E-65,1.78E-63,6627,small nuclear ribonucleoprotein polypeptide A',
TMEM8B,434.8915453,1.666979568,0.09876024,9.36E-65,3.07E-63,51754,transmembrane protein 8B,
SERBP1,5933.241758,-1.087948548,0.064337896,9.58E-65,3.14E-63,26135,SERPINE1 mRNA binding protein 1,
RP11-117P22.1,160.9273579,-3.695655126,0.21915172,9.63E-65,3.15E-63,NA,NA,
TAP2,1410.473825,-1.238533999,0.073306077,9.82E-65,3.21E-63,6891,"transporter 2, ATP binding cassette subfamily B member",
SH3TC1,1043.15829,2.070799783,0.122979965,1.35E-64,4.39E-63,54436,SH3 domain and tetratricopeptide repeats 1,
PCDH1,1910.241264,1.305550942,0.07744181,1.83E-64,5.97E-63,5097,protocadherin 1,
SLC29A1,2714.82826,-1.224114712,0.072626164,2.03E-64,6.61E-63,2030,solute carrier family 29 member 1 (Augustine blood group),
PLA2G6,644.1290946,1.347989395,0.080096507,2.89E-64,9.34E-63,8398,phospholipase A2 group VI,
CUL7,3042.895722,1.461503254,0.086925393,3.04E-64,9.83E-63,9820,cullin 7,
TBC1D17,702.9836456,1.593544131,0.094822904,3.35E-64,1.08E-62,79735,TBC1 domain family member 17,
SPRED1,709.3222056,-1.507305299,0.089715504,3.53E-64,1.14E-62,161742,sprouty related EVH1 domain containing 1,
ZNF90,659.03053,-1.321495435,0.078591903,3.74E-64,1.20E-62,7643,zinc finger protein 90,
CSTF2,2670.126028,-1.025159252,0.060891781,3.79E-64,1.22E-62,1478,cleavage stimulation factor subunit 2,
SHB,548.1421436,-1.483220982,0.088297987,4.03E-64,1.30E-62,6461,SH2 domain containing adaptor protein B,
PRDM8,395.7382115,-1.811462533,0.107920847,4.08E-64,1.31E-62,56978,PR/SET domain 8,
RP4-564F22.2,1960.684727,-1.056331199,0.062834032,5.29E-64,1.69E-62,NA,NA,
MOK,1671.573563,-1.044008401,0.062086438,5.32E-64,1.70E-62,5891,MOK protein kinase,
MIS18BP1,1234.674596,-1.173082216,0.069930608,8.79E-64,2.81E-62,55320,MIS18 binding protein 1,
ZNF724P,227.7178986,-2.174480942,0.13006196,1.05E-63,3.33E-62,NA,NA,
MRPL3,6629.457841,-1.050325602,0.062754795,1.73E-63,5.50E-62,11222,mitochondrial ribosomal protein L3,
MLXIPL,290.6404856,1.750088825,0.104846088,2.14E-63,6.80E-62,51085,MLX interacting protein like,
NKAIN4,219.6985322,3.687878743,0.221507013,2.41E-63,7.66E-62,128414,sodium/potassium transporting ATPase interacting 4,
PAEP,311.8469767,2.19591968,0.131732142,2.43E-63,7.70E-62,5047,progestagen associated endometrial protein,
E2F2,205.7527897,-3.150457413,0.189306086,3.32E-63,1.05E-61,1870,E2F transcription factor 2,
MT-RNR2,589653.4786,1.040212333,0.062273984,3.53E-63,1.12E-61,NA,NA,
LDLRAD3,643.0387877,-1.242315552,0.074480017,3.87E-63,1.22E-61,143458,low density lipoprotein receptor class A domain containing 3,
RSPH3,950.9878868,1.444832144,0.086688891,3.94E-63,1.25E-61,83861,radial spoke head 3,
HAT1,3417.023663,-1.118029931,0.067037544,4.66E-63,1.47E-61,8520,histone acetyltransferase 1,
FAM129A,2295.734335,1.014945084,0.060832441,5.16E-63,1.63E-61,NA,NA,
CEP85,1716.339807,-1.049844227,0.062971885,5.78E-63,1.82E-61,64793,centrosomal protein 85,
RPS27L,2532.137176,1.412418263,0.084892337,6.42E-63,2.02E-61,51065,ribosomal protein S27 like,
CCDC138,428.1185848,-1.707542469,0.102836541,8.59E-63,2.69E-61,165055,coiled-coil domain containing 138,
WDR45,2764.383418,1.172081945,0.070457531,8.96E-63,2.80E-61,11152,WD repeat domain 45,
CCT6A,20601.51393,-1.265135311,0.076161107,1.11E-62,3.48E-61,908,chaperonin containing TCP1 subunit 6A,
NRIP3,589.8518476,-1.722184463,0.103865229,1.20E-62,3.74E-61,56675,nuclear receptor interacting protein 3,
TMEM92,693.5593343,1.64732937,0.099347717,1.25E-62,3.91E-61,162461,transmembrane protein 92,
NXT1,1259.064471,-1.229788658,0.074111321,1.59E-62,4.94E-61,29107,nuclear transport factor 2 like export factor 1,
SLC28A3,143.4800208,3.654267719,0.221171934,2.64E-62,8.19E-61,64078,solute carrier family 28 member 3,
WDR3,3566.299889,-1.333163313,0.08054862,2.84E-62,8.80E-61,10885,WD repeat domain 3,
LETM1,4090.52796,-1.1575048,0.069915085,3.32E-62,1.03E-60,3954,leucine zipper and EF-hand containing transmembrane protein 1,
PSMG3,2624.370073,-1.28799338,0.077953388,3.88E-62,1.20E-60,84262,proteasome assembly chaperone 3,
WIPI1,1180.621052,1.532257545,0.092682539,4.02E-62,1.24E-60,55062,"WD repeat domain, phosphoinositide interacting 1",
STAMBPL1,1091.96314,-1.325956921,0.080242703,4.76E-62,1.47E-60,57559,STAM binding protein like 1,
GFM1,4354.961237,-1.053601936,0.063738519,5.94E-62,1.83E-60,85476,G elongation factor mitochondrial 1,
HLA-F,494.1805781,1.631896275,0.098957353,6.47E-62,1.99E-60,3134,"major histocompatibility complex, class I, F",
MXD4,2524.299291,1.611482363,0.097997887,1.33E-61,4.07E-60,10608,MAX dimerization protein 4,
RANGAP1,10217.38485,-1.490411092,0.090691894,1.72E-61,5.27E-60,5905,Ran GTPase activating protein 1,
CTSC,6482.352517,-1.062092401,0.064555477,2.17E-61,6.65E-60,1075,cathepsin C,
CD274,1268.940961,-1.934392381,0.118008392,2.24E-61,6.86E-60,29126,CD274 molecule,
ARMCX1,718.5863312,1.243442399,0.075650483,2.25E-61,6.88E-60,51309,armadillo repeat containing X-linked 1,
SDCBP,5281.975567,1.144788627,0.069623195,2.31E-61,7.05E-60,6386,syndecan binding protein,
CACNG8,1713.816399,1.572328232,0.095803761,2.32E-61,7.06E-60,59283,calcium voltage-gated channel auxiliary subunit gamma 8,
SREBF2,5932.738326,1.317566721,0.080206028,2.36E-61,7.18E-60,6721,sterol regulatory element binding transcription factor 2,
MNS1,244.6645891,-1.850739517,0.112952054,3.19E-61,9.69E-60,55329,meiosis specific nuclear structural 1,
DEXI,256.7636893,-1.820578638,0.111181697,3.88E-61,1.18E-59,28955,Dexi homolog,
ANTXR2,3796.044372,-1.689483179,0.103211416,3.98E-61,1.21E-59,118429,ANTXR cell adhesion molecule 2,
NUP107,2820.944086,-1.067597411,0.065063461,4.44E-61,1.34E-59,57122,nucleoporin 107,
CCDC86,2194.43688,-1.650406043,0.100882098,4.87E-61,1.47E-59,79080,coiled-coil domain containing 86,
PGP,1337.104935,-1.758935372,0.107560355,4.88E-61,1.47E-59,283871,phosphoglycolate phosphatase,
CCNE1,882.5808569,-1.354977628,0.082821852,6.38E-61,1.92E-59,898,cyclin E1,
GTPBP4,4232.332301,-1.086607254,0.066374735,7.76E-61,2.34E-59,23560,GTP binding protein 4,
DDX46,5768.163348,-1.008550623,0.061667883,9.23E-61,2.77E-59,9879,DEAD-box helicase 46,
DNAJB2,3734.463751,1.587452155,0.097259448,1.03E-60,3.09E-59,3300,DnaJ heat shock protein family (Hsp40) member B2,
ZNF649,913.7466749,-1.241408873,0.075976173,1.08E-60,3.24E-59,65251,zinc finger protein 649,
MOSPD1,2370.692138,1.277150559,0.078222627,1.29E-60,3.86E-59,56180,motile sperm domain containing 1,
GSDMB,651.8139649,1.599357726,0.09817366,1.62E-60,4.85E-59,55876,gasdermin B,
KLF8,307.0957377,1.669052559,0.102584044,2.27E-60,6.80E-59,11279,KLF transcription factor 8,
SUN3,1729.756179,1.680481975,0.103309679,2.33E-60,6.96E-59,256979,Sad1 and UNC84 domain containing 3,
MSH6,6108.683559,-1.043532832,0.064010856,2.44E-60,7.26E-59,2956,mutS homolog 6,
CHD2,3355.026227,1.031782635,0.063309618,2.99E-60,8.90E-59,1106,chromodomain helicase DNA binding protein 2,
FBXO32,10389.20123,1.682398138,0.103532606,3.10E-60,9.21E-59,114907,F-box protein 32,
ORC3,1193.798493,-1.126393251,0.06923666,3.95E-60,1.17E-58,23595,origin recognition complex subunit 3,
RTN2,310.2375464,1.760195495,0.108607472,6.48E-60,1.92E-58,6253,reticulon 2,
PDP1,5631.20354,1.000640503,0.061574554,6.78E-60,2.00E-58,54704,pyruvate dehydrogenase phosphatase catalytic subunit 1,
TIMM21,1366.961928,-1.163545303,0.071785652,1.01E-59,2.99E-58,29090,translocase of inner mitochondrial membrane 21,
ZNF551,1593.460637,-1.081824842,0.066741448,1.13E-59,3.32E-58,90233,zinc finger protein 551,
CDA,3062.021132,1.152641032,0.071139515,1.16E-59,3.41E-58,978,cytidine deaminase,
VARS,7993.681317,-1.181560454,0.07300122,1.42E-59,4.17E-58,NA,NA,
POLR1B,3013.856709,-1.236260466,0.076449844,1.70E-59,4.98E-58,84172,RNA polymerase I subunit B,
KIAA1522,3842.342405,1.073726627,0.06634745,1.83E-59,5.36E-58,NA,NA,
PSG9,128.1704831,2.719558088,0.168583853,2.02E-59,5.93E-58,5678,pregnancy specific beta-1-glycoprotein 9,
RP11-492E3.1,2273.286037,1.225402274,0.075858582,2.43E-59,7.12E-58,NA,NA,
ALYREF,2697.70494,-1.390238227,0.086172042,2.52E-59,7.38E-58,10189,Aly/REF export factor,
LIMS2,209.3610272,2.088521106,0.129717471,3.26E-59,9.51E-58,55679,LIM zinc finger domain containing 2,
SPRED2,1216.637953,-1.275539764,0.079194394,4.43E-59,1.29E-57,200734,sprouty related EVH1 domain containing 2,
TCHP,785.0833705,-1.235387771,0.076722569,5.09E-59,1.48E-57,84260,trichoplein keratin filament binding,
EIF5A,23964.15283,-1.105176614,0.068515094,7.53E-59,2.19E-57,1984,eukaryotic translation initiation factor 5A,
FAM72B,107.2418013,-3.227834708,0.201214351,8.98E-59,2.60E-57,653820,family with sequence similarity 72 member B,
DYRK1B,263.3301975,1.984844694,0.123845407,1.05E-58,3.03E-57,9149,dual specificity tyrosine phosphorylation regulated kinase 1B,
KLHL23,577.163681,-1.236475909,0.077056625,1.23E-58,3.55E-57,151230,kelch like family member 23,
DUSP5,1155.048334,-1.951364053,0.121943878,1.24E-58,3.58E-57,1847,dual specificity phosphatase 5,
S1PR2,281.1288985,1.733703539,0.108199683,1.31E-58,3.78E-57,9294,sphingosine-1-phosphate receptor 2,
RNASEH1,1787.400277,-1.078596207,0.067226838,1.63E-58,4.69E-57,246243,ribonuclease H1,
ZNF836,773.6457057,1.376638357,0.085932759,1.67E-58,4.80E-57,162962,zinc finger protein 836,
CD24,2660.893613,1.147049821,0.07157705,2.05E-58,5.90E-57,100133941,CD24 molecule,
GALC,3512.024808,1.025048874,0.063909087,2.07E-58,5.92E-57,2581,galactosylceramidase,
PINK1,1689.719302,1.201169787,0.07500423,2.30E-58,6.59E-57,65018,PTEN induced kinase 1,
DYSF,1457.058182,1.034279965,0.064544886,2.49E-58,7.14E-57,8291,dysferlin,
RAB5B,7112.559449,1.051055085,0.065633189,2.85E-58,8.14E-57,5869,"RAB5B, member RAS oncogene family",
GPD1L,949.1602954,-1.11250813,0.069522556,3.15E-58,9.00E-57,23171,glycerol-3-phosphate dehydrogenase 1 like,
ATR,3319.951529,-1.088480152,0.068017919,3.16E-58,9.02E-57,545,ATR serine/threonine kinase,
CDK6,2092.322932,-1.003730142,0.062733415,3.79E-58,1.08E-56,1021,cyclin dependent kinase 6,
STAP2,1490.813409,1.215976956,0.076089936,3.99E-58,1.13E-56,55620,signal transducing adaptor family member 2,
COTL1,27227.81136,-1.017447305,0.063224566,5.86E-58,1.66E-56,23406,coactosin like F-actin binding protein 1,
NEK8,584.2356804,1.251307632,0.078510152,7.39E-58,2.09E-56,284086,NIMA related kinase 8,
RP1-140K8.5,899.2656082,2.182151993,0.137470033,9.51E-58,2.69E-56,NA,NA,
SLC9A9,316.5648352,2.089185177,0.131548019,9.57E-58,2.70E-56,285195,solute carrier family 9 member A9,
DNAJC9,792.1318308,-1.327499723,0.083443802,1.05E-57,2.96E-56,23234,DnaJ heat shock protein family (Hsp40) member C9,
ARSJ,750.8167386,-1.428980231,0.089947327,1.36E-57,3.84E-56,79642,arylsulfatase family member J,
CENPM,958.8656368,-1.560005071,0.098343771,1.63E-57,4.56E-56,79019,centromere protein M,
PRSS16,328.4210899,1.615364748,0.101851999,1.81E-57,5.08E-56,10279,serine protease 16,
NLE1,1681.042494,-1.143402656,0.072050339,2.42E-57,6.79E-56,54475,notchless homolog 1,
SORD,1019.975954,-1.116821891,0.070365193,2.51E-57,7.03E-56,6652,sorbitol dehydrogenase,
CMB9-22P13.1,1143.333042,1.518162806,0.095854435,2.88E-57,8.05E-56,NA,NA,
UTP15,1680.047762,-1.149996366,0.072541277,3.09E-57,8.63E-56,84135,UTP15 small subunit processome component,
METTL1,1965.994292,-1.16729318,0.073675583,3.57E-57,9.94E-56,4234,"methyltransferase 1, tRNA methylguanosine",
DDB2,1794.807304,1.199363119,0.075730451,3.82E-57,1.06E-55,1643,damage specific DNA binding protein 2,
CCPG1,730.9115673,1.505726844,0.095265777,4.46E-57,1.24E-55,9236,cell cycle progression 1,
REEP4,1145.17441,-1.34707843,0.085289219,5.73E-57,1.59E-55,80346,receptor accessory protein 4,
SLC22A18,398.8935865,2.242677043,0.142329575,6.26E-57,1.73E-55,5002,solute carrier family 22 member 18,
CTD-2561J22.5,841.16047,-1.264115434,0.080176057,1.10E-56,3.02E-55,NA,NA,
NOC2L,4892.546228,-1.100153254,0.069731044,1.12E-56,3.10E-55,26155,NOC2 like nucleolar associated transcriptional repressor,
CACNG4,679.1922004,1.427605774,0.090742927,1.60E-56,4.40E-55,27092,calcium voltage-gated channel auxiliary subunit gamma 4,
RP5-1086D14.6,185.655035,-2.156882036,0.137319523,1.61E-56,4.41E-55,NA,NA,
DPH2,2256.771377,-1.177441403,0.074775455,1.62E-56,4.45E-55,1802,diphthamide biosynthesis 2,
NCEH1,5058.256318,-1.367357999,0.086993177,1.96E-56,5.36E-55,57552,neutral cholesterol ester hydrolase 1,
EIF2S1,11663.38892,-1.108381067,0.070517713,2.86E-56,7.79E-55,1965,eukaryotic translation initiation factor 2 subunit alpha,
TCERG1,3227.715202,-1.114092751,0.071088427,5.89E-56,1.60E-54,10915,transcription elongation regulator 1,
NUDC,5451.252197,-1.024605338,0.065505852,9.93E-56,2.70E-54,10726,"nuclear distribution C, dynein complex regulator",
AADAT,704.5044243,-1.156404912,0.074005047,1.12E-55,3.04E-54,51166,aminoadipate aminotransferase,
MEF2A,1832.164124,1.220139557,0.078163578,1.33E-55,3.59E-54,4205,myocyte enhancer factor 2A,
AC006262.5,415.2724577,5.117287276,0.329572269,1.38E-55,3.72E-54,NA,NA,
FJX1,778.4706942,-1.478212277,0.094864745,1.44E-55,3.89E-54,24147,four-jointed box kinase 1,
RRP12,5113.281138,-1.323315308,0.084909897,1.68E-55,4.53E-54,23223,ribosomal RNA processing 12 homolog,
MAP3K8,295.1096776,1.705515146,0.109597237,1.79E-55,4.81E-54,1326,mitogen-activated protein kinase kinase kinase 8,
DFNA5,513.785977,1.694178852,0.108897114,1.82E-55,4.90E-54,NA,NA,
LRRC8B,284.768487,-1.623111515,0.104277153,1.84E-55,4.96E-54,23507,leucine rich repeat containing 8 VRAC subunit B,
COA7,1747.184213,-1.058091284,0.067874785,2.31E-55,6.20E-54,65260,cytochrome c oxidase assembly factor 7,
MCCC1,2260.309054,1.088161037,0.069828429,2.50E-55,6.70E-54,56922,methylcrotonyl-CoA carboxylase subunit 1,
PLEK2,3889.477613,-1.278511207,0.082256553,3.50E-55,9.35E-54,26499,pleckstrin 2,
FXYD3,110.3733188,3.9141818,0.252107243,3.98E-55,1.06E-53,5349,FXYD domain containing ion transport regulator 3,
TRIM54,422.4567882,2.018113464,0.130421733,5.38E-55,1.43E-53,57159,tripartite motif containing 54,
IL1RL1,86.10802938,-4.068943993,0.262070523,6.11E-55,1.62E-53,9173,interleukin 1 receptor like 1,
MTHFD1,11536.0709,-1.092407095,0.070373481,6.17E-55,1.64E-53,4522,"methylenetetrahydrofolate dehydrogenase, cyclohydrolase and formyltetrahydrofolate synthetase 1",
RP11-54O7.3,297.7158391,2.049429904,0.132548631,7.20E-55,1.91E-53,NA,NA,
SUV39H2,704.758866,-1.6223902,0.104963085,8.93E-55,2.37E-53,79723,SUV39H2 histone lysine methyltransferase,
PRMT7,1795.629787,-1.002114894,0.064622171,9.04E-55,2.39E-53,54496,protein arginine methyltransferase 7,
ZNF530,1017.974613,-1.389059959,0.089877125,1.19E-54,3.15E-53,348327,zinc finger protein 530,
GPRC5A,15353.24447,1.253538639,0.081176231,1.25E-54,3.29E-53,9052,G protein-coupled receptor class C group 5 member A,
ZNF563,477.0012019,1.389360377,0.089894279,1.30E-54,3.42E-53,147837,zinc finger protein 563,
PCMTD1,583.365041,1.27899885,0.082751,1.43E-54,3.77E-53,115294,protein-L-isoaspartate (D-aspartate) O-methyltransferase domain containing 1,
JAK3,372.5576567,2.097202032,0.136128691,1.69E-54,4.44E-53,3718,Janus kinase 3,
TGM2,9929.134843,-1.521900238,0.098612868,1.81E-54,4.75E-53,7052,transglutaminase 2,
SOD2,5825.748808,2.214733802,0.143943865,1.96E-54,5.16E-53,6648,superoxide dismutase 2,
SLC16A14,994.2990956,1.445321541,0.093816047,2.47E-54,6.46E-53,151473,solute carrier family 16 member 14,
MFSD12,11460.74186,1.537320324,0.099797355,2.53E-54,6.63E-53,126321,major facilitator superfamily domain containing 12,
DMC1,160.6557505,-2.274907923,0.14795571,2.65E-54,6.92E-53,11144,DNA meiotic recombinase 1,
TIMM10,2198.278776,-1.060932305,0.068770822,2.87E-54,7.48E-53,26519,translocase of inner mitochondrial membrane 10,
IQCD,533.9908421,1.80419867,0.117361728,2.97E-54,7.76E-53,115811,IQ motif containing D,
UBASH3B,2589.017641,-1.157283906,0.075155393,3.86E-54,1.00E-52,84959,ubiquitin associated and SH3 domain containing B,
TMEM109,4474.167245,-1.063438985,0.069093825,4.77E-54,1.24E-52,79073,transmembrane protein 109,
PYCRL,747.0076842,-1.612503537,0.105071945,4.98E-54,1.29E-52,NA,NA,
GALNT5,2870.791352,1.470150284,0.095760702,5.48E-54,1.42E-52,11227,polypeptide N-acetylgalactosaminyltransferase 5,
OLFML3,780.4845692,1.639626245,0.106848233,5.66E-54,1.47E-52,56944,olfactomedin like 3,
PHLDB1,4367.756365,1.095469747,0.071229227,5.84E-54,1.51E-52,23187,pleckstrin homology like domain family B member 1,
WDR74,1685.369809,-1.150163825,0.074859515,6.23E-54,1.61E-52,54663,WD repeat domain 74,
HECA,492.4339098,1.359875325,0.088573992,6.28E-54,1.62E-52,51696,"hdc homolog, cell cycle regulator",
KRT81,1910.022383,2.56911482,0.167940152,6.68E-54,1.72E-52,3887,keratin 81,
PCLAF,214.0263024,-2.128550991,0.139096121,6.92E-54,1.78E-52,9768,PCNA clamp associated factor,
C14orf28,209.0895493,2.047042891,0.133949678,1.19E-53,3.05E-52,122525,chromosome 14 open reading frame 28,
PSMD2,35594.58716,-1.335143777,0.08733521,1.54E-53,3.94E-52,5708,"proteasome 26S subunit ubiquitin receptor, non-ATPase 2",
CCDC88B,943.1677762,1.528266778,0.100019837,1.62E-53,4.16E-52,283234,coiled-coil domain containing 88B,
SQSTM1,20738.70466,1.311190177,0.08599475,2.24E-53,5.72E-52,8878,sequestosome 1,
HYAL1,225.5168346,1.808929126,0.118631,2.27E-53,5.81E-52,3373,hyaluronidase 1,
BYSL,1540.01358,-1.206102019,0.078932748,2.28E-53,5.81E-52,705,bystin like,
MRAS,2320.702984,1.323256344,0.086699762,2.59E-53,6.60E-52,22808,muscle RAS oncogene homolog,
CALM2,14938.61982,-1.250610601,0.081938892,2.73E-53,6.94E-52,805,calmodulin 2,
UTP20,2760.918897,-1.348555626,0.08841521,2.85E-53,7.24E-52,27340,UTP20 small subunit processome component,
XPO4,2194.167819,-1.126859062,0.073795619,2.97E-53,7.54E-52,64328,exportin 4,
AREG,558.2594948,-2.568346722,0.169418284,4.81E-53,1.22E-51,374,amphiregulin,
FNIP2,1182.813613,1.341421512,0.088249694,6.57E-53,1.66E-51,57600,folliculin interacting protein 2,
ACOT1,260.3523411,2.11438616,0.13948528,7.71E-53,1.95E-51,641371,acyl-CoA thioesterase 1,
BBS9,1264.034474,1.085629379,0.071525358,1.32E-52,3.33E-51,27241,Bardet-Biedl syndrome 9,
GRPEL1,4052.681161,-1.329658838,0.087791091,1.45E-52,3.66E-51,80273,"GrpE like 1, mitochondrial",
EMP2,1980.065874,-1.378373609,0.091175958,2.20E-52,5.54E-51,2013,epithelial membrane protein 2,
JPH2,381.8890699,1.833681754,0.121480134,2.20E-52,5.54E-51,57158,junctophilin 2,
CD3EAP,267.7589356,-1.690110007,0.111976419,2.27E-52,5.71E-51,NA,NA,
TMEM219,2045.013826,1.005519136,0.066440535,2.87E-52,7.20E-51,124446,transmembrane protein 219,
ID2,1368.760104,1.649181454,0.10939786,3.58E-52,8.97E-51,3398,inhibitor of DNA binding 2,
APH1B,562.1049611,1.548316915,0.102741961,3.70E-52,9.27E-51,83464,"aph-1 homolog B, gamma-secretase subunit",
CERS4,1580.607536,2.083419112,0.138586148,4.70E-52,1.17E-50,79603,ceramide synthase 4,
NTMT1,1277.889694,-1.142233502,0.075791072,5.81E-52,1.45E-50,28989,N-terminal Xaa-Pro-Lys N-methyltransferase 1,
ERVMER34-1,217.8720893,-2.247834479,0.149820013,6.54E-52,1.63E-50,100288413,"endogenous retrovirus group MER34 member 1, envelope",
RIN1,1195.198831,-1.382755593,0.091923214,6.82E-52,1.69E-50,9610,Ras and Rab interactor 1,
RRS1,3498.763458,-1.847566036,0.12328716,1.02E-51,2.52E-50,23212,ribosome biogenesis regulator 1 homolog,
CRELD1,624.8135372,1.210523938,0.080544822,1.09E-51,2.71E-50,78987,cysteine rich with EGF like domains 1,
AC104695.3,123.0609602,2.570302753,0.17169183,1.29E-51,3.19E-50,NA,NA,
ZNF681,951.5274336,-1.220529168,0.081347332,1.46E-51,3.62E-50,148213,zinc finger protein 681,
PPRC1,4185.55632,-1.132943371,0.075493628,1.56E-51,3.86E-50,23082,PPARG related coactivator 1,
TOM1,4082.313069,1.53146203,0.102248045,1.57E-51,3.88E-50,10043,target of myb1 membrane trafficking protein,
DDIT3,3415.141186,1.63973146,0.10953818,1.64E-51,4.04E-50,1649,DNA damage inducible transcript 3,
ALDH3B1,11204.76012,1.577363095,0.105413176,1.90E-51,4.68E-50,221,aldehyde dehydrogenase 3 family member B1,
ODC1,24344.214,-1.224129991,0.081719029,2.04E-51,5.02E-50,4953,ornithine decarboxylase 1,
MYCBP,776.7856509,-1.328378911,0.088800499,2.45E-51,6.04E-50,26292,MYC binding protein,
GPR132,267.4927088,1.905184577,0.12763655,2.49E-51,6.11E-50,29933,G protein-coupled receptor 132,
C9orf142,1428.776113,-1.511349448,0.101169643,2.70E-51,6.64E-50,NA,NA,
LMBR1L,1280.018538,1.045340371,0.06987174,3.63E-51,8.92E-50,55716,limb development membrane protein 1 like,
C17orf51,853.9974,-1.068443546,0.071479538,4.27E-51,1.05E-49,NA,NA,
ETV5,1097.961197,-3.91574426,0.263960979,4.95E-51,1.21E-49,2119,ETS variant transcription factor 5,
ANXA4,3320.708084,1.086220161,0.072742168,5.34E-51,1.30E-49,307,annexin A4,
ADGRV1,292.4569811,2.174115687,0.146234267,5.99E-51,1.46E-49,84059,adhesion G protein-coupled receptor V1,
ZNF114,6066.803072,1.196849373,0.080381202,7.47E-51,1.81E-49,163071,zinc finger protein 114,
TWF1,2939.225275,-1.401436703,0.094272586,9.07E-51,2.20E-49,5756,twinfilin actin binding protein 1,
ERVV-2,218.3624505,2.490011386,0.167955847,1.08E-50,2.62E-49,100271846,"endogenous retrovirus group V member 2, envelope",
MRPS24,261.6965418,2.069052211,0.139605952,1.13E-50,2.73E-49,64951,mitochondrial ribosomal protein S24,
ADORA2B,2381.999489,-1.79692861,0.121284098,1.33E-50,3.21E-49,136,adenosine A2b receptor,
SKP2,1176.770965,-1.433233353,0.096597495,1.41E-50,3.41E-49,6502,S-phase kinase associated protein 2,
RP11-202P11.1,249.9260953,1.773088712,0.119633838,1.46E-50,3.52E-49,NA,NA,
DOCK6,3892.089073,1.634886183,0.110310718,1.52E-50,3.67E-49,57572,dedicator of cytokinesis 6,
WNT10B,131.7566156,-2.369732376,0.160196402,1.73E-50,4.17E-49,7480,Wnt family member 10B,
AP3B2,126.6469471,2.389315806,0.161549425,2.12E-50,5.10E-49,8120,adaptor related protein complex 3 subunit beta 2,
LDB3,177.1273064,2.375116019,0.16080681,2.54E-50,6.09E-49,11155,LIM domain binding 3,
MX2,371.9123574,2.262989305,0.153493547,3.55E-50,8.49E-49,4600,MX dynamin like GTPase 2,
CEP152,564.8719614,-1.419026854,0.096059697,3.67E-50,8.77E-49,22995,centrosomal protein 152,
FLCN,2483.899063,1.030407101,0.069590722,3.83E-50,9.13E-49,201163,folliculin,
ARHGAP22,996.4687675,-1.397434828,0.09462921,3.93E-50,9.36E-49,58504,Rho GTPase activating protein 22,
CACFD1,672.3093943,2.000460593,0.135730007,4.11E-50,9.78E-49,11094,calcium channel flower domain containing 1,
ZNF100,1074.458611,-1.392477831,0.094344907,4.69E-50,1.12E-48,163227,zinc finger protein 100,
GIPR,815.0176132,1.738234872,0.117946383,4.73E-50,1.13E-48,2696,gastric inhibitory polypeptide receptor,
SEH1L,1661.513252,-1.015862116,0.068700546,5.04E-50,1.20E-48,81929,SEH1 like nucleoporin,
PNPLA7,215.6650711,2.05108208,0.139278788,5.58E-50,1.33E-48,375775,patatin like phospholipase domain containing 7,
C11orf24,5026.105195,-1.080488279,0.073149847,5.83E-50,1.38E-48,53838,chromosome 11 open reading frame 24,
QTRT2,2895.148408,-1.015063316,0.068726643,6.71E-50,1.59E-48,79691,queuine tRNA-ribosyltransferase accessory subunit 2,
RASEF,1439.581091,1.244800978,0.0844238,7.02E-50,1.66E-48,158158,RAS and EF-hand domain containing,
SASS6,364.1221099,-1.606076265,0.109261017,9.67E-50,2.28E-48,163786,SAS-6 centriolar assembly protein,
CTD-2135J3.2,487.4563373,-1.331698984,0.090548393,1.05E-49,2.48E-48,NA,NA,
KLHDC2,1520.342798,1.037307053,0.070397897,1.07E-49,2.53E-48,23588,kelch domain containing 2,
RP3-340N1.2,745.7736013,1.891656324,0.128898855,1.08E-49,2.55E-48,NA,NA,
RP11-284F21.10,1066.905607,-1.313249184,0.089353496,1.31E-49,3.08E-48,NA,NA,
S100A2,833.7585793,1.346365107,0.091632876,1.35E-49,3.18E-48,6273,S100 calcium binding protein A2,
RP5-862P8.2,501.4653678,-1.191303574,0.081048884,1.43E-49,3.34E-48,NA,NA,
GMPR,261.5201987,1.629519772,0.111035691,1.45E-49,3.39E-48,2766,guanosine monophosphate reductase,
RP11-314B1.2,106.7830891,2.839905925,0.193665022,1.64E-49,3.85E-48,NA,NA,
ADAT2,659.290025,-1.292492391,0.088106521,1.94E-49,4.54E-48,134637,adenosine deaminase tRNA specific 2,
MAK16,1133.044161,-1.139524329,0.077613444,1.96E-49,4.58E-48,84549,MAK16 homolog,
SAPCD2,728.8089877,-1.728752762,0.11811698,2.01E-49,4.70E-48,89958,suppressor APC domain containing 2,
SRSF2,4969.3186,-1.170638258,0.0797669,2.07E-49,4.81E-48,6427,serine and arginine rich splicing factor 2,
C8orf4,105.8536206,2.93597181,0.200634586,2.19E-49,5.10E-48,NA,NA,
SLPI,165.9633432,2.690608711,0.184126894,2.43E-49,5.66E-48,6590,secretory leukocyte peptidase inhibitor,
GCFC2,541.689507,-1.23801074,0.084499244,2.82E-49,6.55E-48,6936,GC-rich sequence DNA-binding factor 2,
OSBPL7,1512.104388,1.162016005,0.079339682,3.24E-49,7.51E-48,114881,oxysterol binding protein like 7,
PDCD11,6938.918362,-1.080783782,0.072888316,3.30E-49,7.65E-48,22984,programmed cell death 11,
SORT1,1038.233162,1.371420689,0.093773433,3.54E-49,8.21E-48,6272,sortilin 1,
NREP,2866.158238,1.583229295,0.108462947,4.70E-49,1.09E-47,9315,neuronal regeneration related protein,
LRRC8C,390.7327532,-2.178530999,0.149685648,4.98E-49,1.15E-47,84230,leucine rich repeat containing 8 VRAC subunit C,
PCGF6,366.3388075,-1.262483146,0.086401711,5.05E-49,1.16E-47,84108,polycomb group ring finger 6,
TMEM159,1777.506593,1.080088218,0.073847472,5.08E-49,1.17E-47,NA,NA,
PRSS8,626.2784821,2.159920319,0.148353097,5.19E-49,1.20E-47,5652,serine protease 8,
SDCCAG3,3925.050672,-1.02529512,0.070135438,5.96E-49,1.37E-47,NA,NA,
NUDT15,608.6204608,-1.365823031,0.093655093,6.13E-49,1.41E-47,55270,nudix hydrolase 15,
IGFBP4,1349.819948,-1.794978757,0.123904848,1.76E-48,4.02E-47,3487,insulin like growth factor binding protein 4,
ANG,115.0031295,2.70191645,0.186523021,1.96E-48,4.48E-47,283,angiogenin,
WBP2,6067.758356,1.296979433,0.089595104,2.22E-48,5.07E-47,23558,WW domain binding protein 2,
ZNF714,2029.951501,-1.303971155,0.089920843,2.29E-48,5.21E-47,148206,zinc finger protein 714,
AC006115.7,213.2500103,-1.886583397,0.130382043,2.40E-48,5.47E-47,NA,NA,
DENND3,464.0524787,1.638900494,0.113332867,2.98E-48,6.78E-47,22898,DENN domain containing 3,
SNHG4,484.3676009,-1.418989065,0.098038195,3.01E-48,6.83E-47,724102,small nucleolar RNA host gene 4,
MYBBP1A,8189.225381,-1.308505127,0.090364603,3.03E-48,6.87E-47,10514,MYB binding protein 1a,
DUSP9,702.5747083,-1.443438439,0.099750519,3.10E-48,7.03E-47,1852,dual specificity phosphatase 9,
IFRD2,3550.573112,-1.486576503,0.102820801,3.40E-48,7.69E-47,7866,interferon related developmental regulator 2,
POP1,2595.166503,-1.049511236,0.072393447,3.55E-48,8.02E-47,10940,"POP1 homolog, ribonuclease P/MRP subunit",
PXDC1,2177.644135,1.353360843,0.093510458,3.56E-48,8.04E-47,221749,PX domain containing 1,
EDIL3,2959.798205,1.877411586,0.130112867,3.97E-48,8.95E-47,10085,EGF like repeats and discoidin domains 3,
ACTL6A,3961.038672,-1.045552143,0.072191395,4.22E-48,9.50E-47,86,actin like 6A,
RAB11FIP4,685.6780582,1.819326908,0.126116776,4.38E-48,9.86E-47,84440,RAB11 family interacting protein 4,
ZNF257,813.5895773,-1.833571397,0.127239826,5.03E-48,1.13E-46,113835,zinc finger protein 257,
FBXO43,76.56035558,-3.339249542,0.231277334,5.24E-48,1.18E-46,286151,F-box protein 43,
DCLRE1A,1077.231994,-1.090609132,0.075416887,5.59E-48,1.26E-46,9937,DNA cross-link repair 1A,
LHX6,265.9272715,-1.56210624,0.108287609,5.62E-48,1.26E-46,26468,LIM homeobox 6,
SHC3,474.7361,-1.436103368,0.099566425,6.13E-48,1.37E-46,53358,SHC adaptor protein 3,
NDRG4,1523.23992,1.289035363,0.089143726,6.68E-48,1.50E-46,65009,NDRG family member 4,
AC068831.18,112.9296006,-2.629987451,0.182736912,6.91E-48,1.55E-46,NA,NA,
PROB1,388.0299106,-1.511479383,0.104926561,7.36E-48,1.64E-46,389333,proline rich basic protein 1,
TXNRD1,34305.46434,1.051941382,0.072813007,7.46E-48,1.66E-46,7296,thioredoxin reductase 1,
HIST1H4H,355.0647592,1.367451152,0.094866231,7.78E-48,1.73E-46,NA,NA,
UST,1031.927213,1.176062196,0.081498982,7.81E-48,1.74E-46,10090,uronyl 2-sulfotransferase,
E2F4,4937.09143,-1.115654009,0.07733586,8.64E-48,1.92E-46,1874,E2F transcription factor 4,
SLC41A2,1151.65761,1.12321507,0.077854205,8.82E-48,1.96E-46,84102,solute carrier family 41 member 2,
PAQR5,251.4883099,-1.544497716,0.107326485,9.31E-48,2.06E-46,54852,progestin and adipoQ receptor family member 5,
SLC2A5,112.2876093,2.662994151,0.185330893,1.10E-47,2.43E-46,6518,solute carrier family 2 member 5,
CACNA1H,412.0872844,1.674879057,0.116530646,1.12E-47,2.49E-46,8912,calcium voltage-gated channel subunit alpha1 H,
ADGRG1,7122.456711,1.16039695,0.08066291,1.16E-47,2.57E-46,9289,adhesion G protein-coupled receptor G1,
POLH,760.8254184,-1.205802798,0.083741596,1.19E-47,2.63E-46,5429,DNA polymerase eta,
TPRG1L,1275.708542,1.199686184,0.083380868,1.33E-47,2.94E-46,127262,tumor protein p63 regulated 1 like,
CLN5,258.4243912,1.549811026,0.107900232,1.38E-47,3.04E-46,1203,CLN5 intracellular trafficking protein,
HSPB8,2906.706362,1.681478461,0.117347572,1.96E-47,4.32E-46,26353,heat shock protein family B (small) member 8,
DGKG,541.6429764,-1.287253609,0.089699574,2.01E-47,4.41E-46,1608,diacylglycerol kinase gamma,
C4orf46,546.7074607,-1.086460259,0.075716243,2.80E-47,6.14E-46,201725,chromosome 4 open reading frame 46,
EIF3J,3436.261225,-1.12971843,0.078793896,3.04E-47,6.65E-46,8669,eukaryotic translation initiation factor 3 subunit J,
SNRPF,2664.863179,-1.073795638,0.074864931,3.06E-47,6.70E-46,6636,small nuclear ribonucleoprotein polypeptide F,
MYCL,144.6828633,2.408963818,0.168688867,3.23E-47,7.08E-46,4610,"MYCL proto-oncogene, bHLH transcription factor",
ARL4D,705.9341169,1.313106131,0.091752986,3.62E-47,7.91E-46,379,ARF like GTPase 4D,
CCDC15,251.3468704,-1.652608567,0.115677721,4.06E-47,8.85E-46,80071,coiled-coil domain containing 15,
EFNB2,1280.255023,-1.07857706,0.075299952,4.07E-47,8.87E-46,1948,ephrin B2,
HAUS6,779.529204,-1.223819214,0.085589086,4.71E-47,1.03E-45,54801,HAUS augmin like complex subunit 6,
VWA5A,1190.634115,1.37827183,0.096518836,5.30E-47,1.15E-45,4013,von Willebrand factor A domain containing 5A,
CTSD,16808.38145,2.025070164,0.142481022,6.04E-47,1.31E-45,1509,cathepsin D,
WBSCR22,4580.194339,-1.172025671,0.082041832,6.06E-47,1.32E-45,NA,NA,
OAS1,496.6403585,2.072885982,0.145753249,7.16E-47,1.55E-45,4938,2'-5'-oligoadenylate synthetase 1,
SIPA1L2,943.0905344,1.127059596,0.078941691,7.75E-47,1.68E-45,57568,signal induced proliferation associated 1 like 2,
ANAPC7,1829.587527,-1.151272926,0.080715181,8.47E-47,1.83E-45,51434,anaphase promoting complex subunit 7,
DHX58,549.1032746,1.422379959,0.099853152,8.59E-47,1.86E-45,79132,DExH-box helicase 58,
YBX2,395.431917,-1.368884408,0.096079096,8.69E-47,1.88E-45,51087,Y-box binding protein 2,
OGFRL1,1539.561097,1.272508901,0.089238535,1.05E-46,2.26E-45,79627,opioid growth factor receptor like 1,
S1PR3,374.3402814,-1.53780403,0.10818702,1.07E-46,2.31E-45,1903,sphingosine-1-phosphate receptor 3,
HKDC1,8077.233449,1.308841104,0.092006007,1.23E-46,2.64E-45,80201,hexokinase domain containing 1,
MST1,273.6081825,2.315116252,0.163346397,1.23E-46,2.64E-45,4485,macrophage stimulating 1,
ARSG,464.7618477,1.222389195,0.08593761,1.50E-46,3.21E-45,22901,arylsulfatase G,
SNHG15,2007.929915,-1.225818044,0.086248168,1.57E-46,3.37E-45,285958,small nucleolar RNA host gene 15,
KRT86,219.5959079,2.056746246,0.145144573,1.64E-46,3.51E-45,3892,keratin 86,
SURF2,897.095112,-1.320846416,0.093047706,1.79E-46,3.83E-45,6835,surfeit 2,
PSG3,97.08232806,2.676672744,0.188847183,1.84E-46,3.93E-45,5671,pregnancy specific beta-1-glycoprotein 3,
GEMIN4,4328.99616,-1.03470004,0.0727654,1.91E-46,4.07E-45,50628,gem nuclear organelle associated protein 4,
FTSJ2,3262.340449,-1.073201315,0.075489383,1.95E-46,4.16E-45,NA,NA,
MXI1,1509.015308,1.03005748,0.072436303,2.01E-46,4.28E-45,4601,"MAX interactor 1, dimerization protein",
WBP1,319.9326798,1.504829315,0.106196488,2.17E-46,4.61E-45,23559,WW domain binding protein 1,
STEAP4,173.567842,3.31903831,0.234919761,2.26E-46,4.82E-45,79689,STEAP4 metalloreductase,
MYLK2,82.71945841,-3.407647194,0.24054672,2.35E-46,4.99E-45,85366,myosin light chain kinase 2,
HSPE1,2339.916341,-1.028794164,0.072488705,2.82E-46,5.98E-45,3336,heat shock protein family E (Hsp10) member 1,
RND3,5789.027899,1.223352838,0.086324629,2.96E-46,6.27E-45,390,Rho family GTPase 3,
LSM4,4405.717201,-1.02126584,0.07199336,3.11E-46,6.58E-45,25804,"LSM4 homolog, U6 small nuclear RNA and mRNA degradation associated",
NR2C2AP,1225.726079,-1.162190432,0.082104967,3.79E-46,8.00E-45,126382,nuclear receptor 2C2 associated protein,
ODF3B,211.2067025,2.989148792,0.212267873,4.31E-46,9.09E-45,NA,NA,
NYAP1,117.5962073,2.94548219,0.208850456,4.49E-46,9.44E-45,222950,neuronal tyrosine phosphorylated phosphoinositide-3-kinase adaptor 1,
HMGCL,1391.486419,1.083093812,0.07653396,4.75E-46,9.99E-45,3155,3-hydroxy-3-methylglutaryl-CoA lyase,
PPIH,1169.005443,-1.205229402,0.085425121,7.26E-46,1.52E-44,10465,peptidylprolyl isomerase H,
IDH3A,1401.816116,-1.284457707,0.091159147,8.35E-46,1.74E-44,3419,isocitrate dehydrogenase (NAD(+)) 3 catalytic subunit alpha,
PAQR4,609.8852827,-1.444238958,0.102696429,9.95E-46,2.08E-44,124222,progestin and adipoQ receptor family member 4,
TRIM38,1377.988771,1.291131106,0.091714671,1.04E-45,2.17E-44,10475,tripartite motif containing 38,
ORC5,1631.421727,-1.16113805,0.082490354,1.22E-45,2.53E-44,5001,origin recognition complex subunit 5,
MCTP1,237.8177102,-2.120778105,0.151350168,1.47E-45,3.06E-44,79772,multiple C2 and transmembrane domain containing 1,
NDUFAF4,505.7541717,-1.428422952,0.101807735,1.62E-45,3.36E-44,29078,NADH:ubiquinone oxidoreductase complex assembly factor 4,
ZNF862,860.0290702,1.046986927,0.074485903,2.06E-45,4.26E-44,643641,zinc finger protein 862,
B3GALT4,134.6844331,2.638849619,0.188798348,2.32E-45,4.79E-44,8705,"beta-1,3-galactosyltransferase 4",
PIP4K2C,7359.020157,1.039628034,0.074067842,2.48E-45,5.13E-44,79837,phosphatidylinositol-5-phosphate 4-kinase type 2 gamma,
AD000090.2,419.5607213,-1.216027197,0.086780199,2.77E-45,5.72E-44,NA,NA,
EEF1E1,400.8809141,-1.204569601,0.086015971,3.19E-45,6.58E-44,9521,eukaryotic translation elongation factor 1 epsilon 1,
TMEM138,1359.474314,-1.199428943,0.085718722,3.77E-45,7.77E-44,51524,transmembrane protein 138,
ANGPTL4,672.143507,-4.841825378,0.348710821,3.84E-45,7.90E-44,51129,angiopoietin like 4,
TBC1D30,367.3275839,-1.789589495,0.128356622,4.12E-45,8.46E-44,23329,TBC1 domain family member 30,
LTV1,1026.658472,-1.285735114,0.092041292,4.57E-45,9.38E-44,84946,LTV1 ribosome biogenesis factor,
TEX30,502.9266547,-1.574007127,0.112895867,4.79E-45,9.81E-44,93081,testis expressed 30,
CABP4,585.5706546,1.115132721,0.079745246,5.01E-45,1.03E-43,57010,calcium binding protein 4,
RP5-1109J22.1,183.5260358,1.676115424,0.120215877,5.60E-45,1.14E-43,NA,NA,
RP11-1334A24.4,78.47325072,-3.149823139,0.225995364,6.17E-45,1.26E-43,NA,NA,
CCDC92,750.8912609,1.175038665,0.084188773,6.90E-45,1.41E-43,80212,coiled-coil domain containing 92,
RRP1,2022.045723,-1.171662623,0.084078279,8.59E-45,1.75E-43,8568,ribosomal RNA processing 1,
MAN1C1,102.0681477,2.779360953,0.200279757,1.18E-44,2.40E-43,57134,mannosidase alpha class 1C member 1,
SLC25A15,292.9410334,-1.615362696,0.11637769,1.26E-44,2.56E-43,10166,solute carrier family 25 member 15,
EREG,771.336858,-1.503557008,0.108343091,1.27E-44,2.58E-43,2069,epiregulin,
BDH2,545.9034162,1.213026373,0.087285221,1.47E-44,2.98E-43,56898,3-hydroxybutyrate dehydrogenase 2,
RP11-67L2.2,416.4177836,1.412192547,0.10195523,2.16E-44,4.36E-43,NA,NA,
LAMB2,10938.15604,1.129410873,0.081373086,2.16E-44,4.36E-43,3913,laminin subunit beta 2,
NPEPPS,6756.252649,1.008477885,0.072589829,2.32E-44,4.69E-43,9520,aminopeptidase puromycin sensitive,
GATS,437.8664003,1.70678707,0.123455284,2.42E-44,4.87E-43,NA,NA,
FBXL20,1112.441012,1.010244712,0.072793515,2.56E-44,5.16E-43,84961,F-box and leucine rich repeat protein 20,
SHISA4,485.2060179,1.405449277,0.101575152,2.79E-44,5.61E-43,149345,shisa family member 4,
SURF6,1865.936889,-1.07820104,0.077907462,3.82E-44,7.68E-43,6838,surfeit 6,
HCP5,872.4735668,1.12235902,0.081136442,4.20E-44,8.43E-43,10866,HLA complex P5,
TFR2,280.3283624,-1.477615938,0.10716473,4.83E-44,9.69E-43,7036,transferrin receptor 2,
PKD1L2,455.4026553,1.758509028,0.127717278,5.33E-44,1.07E-42,114780,polycystin 1 like 2 (gene/pseudogene),
TMEM177,703.9265525,-1.191411791,0.086342907,5.72E-44,1.14E-42,80775,transmembrane protein 177,
ADHFE1,217.4866993,1.965038392,0.142910826,5.90E-44,1.18E-42,137872,alcohol dehydrogenase iron containing 1,
RRAS,1446.205334,1.355345676,0.098401434,6.77E-44,1.35E-42,6237,RAS related,
ZMYND19,1185.812297,-1.340975619,0.097436818,7.64E-44,1.52E-42,116225,zinc finger MYND-type containing 19,
KLHDC7B,2298.754749,4.410280205,0.322496991,8.27E-44,1.65E-42,113730,kelch domain containing 7B,
NUP62,2813.97616,-1.024569506,0.074354324,9.56E-44,1.90E-42,23636,nucleoporin 62,
ARHGAP40,595.3756321,1.178369597,0.085627256,1.03E-43,2.04E-42,343578,Rho GTPase activating protein 40,
RRAGC,818.5504289,1.275072636,0.09276948,1.10E-43,2.18E-42,64121,Ras related GTP binding C,
ZNF488,234.8080897,-2.321780525,0.169528981,1.12E-43,2.22E-42,118738,zinc finger protein 488,
LDHD,350.4066009,1.711948325,0.124826071,1.14E-43,2.25E-42,197257,lactate dehydrogenase D,
LACTB,1868.392281,1.208130582,0.087929291,1.27E-43,2.51E-42,114294,lactamase beta,
SFXN4,1835.883055,-1.177310963,0.085685529,1.30E-43,2.56E-42,119559,sideroflexin 4,
RPL39L,1332.044115,-1.207114201,0.087876624,1.30E-43,2.57E-42,116832,ribosomal protein L39 like,
KIF3C,4658.055918,1.017053444,0.07393706,1.38E-43,2.73E-42,3797,kinesin family member 3C,
SLC16A4,369.0974244,1.78056867,0.130014077,1.39E-43,2.74E-42,9122,solute carrier family 16 member 4,
CD70,1043.275385,1.235354308,0.090033954,1.63E-43,3.22E-42,970,CD70 molecule,
NRG1,1316.708855,-1.320855941,0.096358252,1.72E-43,3.39E-42,3084,neuregulin 1,
SCFD2,890.9005729,-1.07597369,0.078366016,1.78E-43,3.50E-42,152579,sec1 family domain containing 2,
CYP1B1,42299.64553,1.589050896,0.115453101,1.80E-43,3.53E-42,1545,cytochrome P450 family 1 subfamily B member 1,
DRAP1,5491.046748,-1.169296695,0.085254999,1.84E-43,3.61E-42,10589,DR1 associated protein 1,
BEND3,479.7187004,-1.180458982,0.08609372,1.90E-43,3.72E-42,57673,BEN domain containing 3,
ULK1,3674.078684,1.921725704,0.140756763,2.19E-43,4.28E-42,8408,unc-51 like autophagy activating kinase 1,
MRPS26,2189.22038,-1.16008585,0.084735907,2.64E-43,5.17E-42,64949,mitochondrial ribosomal protein S26,
TCEAL9,1309.365512,1.256472722,0.091835004,2.78E-43,5.43E-42,51186,transcription elongation factor A like 9,
SYCE2,224.0451655,-1.749304488,0.128207579,2.85E-43,5.58E-42,256126,synaptonemal complex central element protein 2,
SNRPG,831.9520985,-1.16362207,0.085063867,3.07E-43,6.00E-42,6637,small nuclear ribonucleoprotein polypeptide G,
TFAP4,1064.107987,-1.132813838,0.082841276,3.49E-43,6.82E-42,7023,transcription factor AP-4,
TMPRSS9,236.9776198,1.694841338,0.12432718,3.67E-43,7.15E-42,360200,transmembrane serine protease 9,
ENC1,4042.552132,-1.169010232,0.085565717,3.93E-43,7.66E-42,8507,ectodermal-neural cortex 1,
TFPI2,900.9144356,-1.947715006,0.143243912,4.30E-43,8.36E-42,7980,tissue factor pathway inhibitor 2,
ALS2CL,5302.482063,1.312027717,0.096186716,4.53E-43,8.80E-42,259173,ALS2 C-terminal like,
HMGA2,1310.957001,-2.021216417,0.148620291,4.94E-43,9.59E-42,8091,high mobility group AT-hook 2,
HPCAL1,4631.940631,-1.275035245,0.09367553,6.71E-43,1.30E-41,3241,hippocalcin like 1,
PPL,2153.548697,1.723073669,0.12689946,7.18E-43,1.39E-41,5493,periplakin,
CMC2,1392.927963,-1.291374407,0.094950263,7.48E-43,1.44E-41,56942,C-X9-C motif containing 2,
TNFSF9,1010.581542,1.811374416,0.133539864,8.04E-43,1.55E-41,8744,TNF superfamily member 9,
PLPP1,486.8735298,1.071037753,0.078635472,8.27E-43,1.59E-41,8611,phospholipid phosphatase 1,
ZNF473,655.5414298,-1.048320738,0.076964117,8.46E-43,1.63E-41,25888,zinc finger protein 473,
CCNDBP1,2083.840521,1.066376231,0.078327971,8.59E-43,1.65E-41,23582,cyclin D1 binding protein 1,
CTC-260E6.4,414.9434876,-2.068518883,0.152822886,8.81E-43,1.69E-41,NA,NA,
GRPR,78.36393267,-4.035761701,0.297172203,9.39E-43,1.80E-41,2925,gastrin releasing peptide receptor,
TP53INP2,1659.306716,1.048913992,0.077043345,9.49E-43,1.82E-41,58476,tumor protein p53 inducible nuclear protein 2,
DIRAS1,1397.511924,1.230886857,0.090558242,1.01E-42,1.94E-41,148252,DIRAS family GTPase 1,
COQ3,609.3574144,-1.035793726,0.076147395,1.09E-42,2.08E-41,51805,"coenzyme Q3, methyltransferase",
DHRS2,41260.13635,-1.593193085,0.117508471,1.15E-42,2.20E-41,10202,dehydrogenase/reductase 2,
PPARA,920.1968468,1.593895745,0.117645043,1.26E-42,2.40E-41,5465,peroxisome proliferator activated receptor alpha,
SLC9A3,265.5400574,1.72576142,0.127488497,1.30E-42,2.48E-41,6550,solute carrier family 9 member A3,
TOR3A,1690.773908,-1.259367217,0.092867005,1.35E-42,2.58E-41,64222,torsin family 3 member A,
AZIN2,215.970199,1.845162931,0.136405576,1.39E-42,2.64E-41,113451,antizyme inhibitor 2,
OTUB2,638.9955082,-1.225915097,0.090388821,1.42E-42,2.70E-41,78990,"OTU deubiquitinase, ubiquitin aldehyde binding 2",
CHCHD4,1101.955114,-1.158819604,0.08542925,1.48E-42,2.81E-41,131474,coiled-coil-helix-coiled-coil-helix domain containing 4,
EXOG,580.419781,-1.018756862,0.075069993,1.69E-42,3.20E-41,9941,exo/endonuclease G,
C20orf195,114.3408846,3.041120326,0.225316294,1.73E-42,3.29E-41,NA,NA,
EXOSC9,1612.14554,-1.09401337,0.080696368,1.74E-42,3.30E-41,5393,exosome component 9,
C17orf89,833.7733663,-1.019361993,0.075179306,1.97E-42,3.73E-41,NA,NA,
GPN3,1189.41265,-1.148090104,0.084766637,1.98E-42,3.75E-41,51184,GPN-loop GTPase 3,
SDC1,9222.456434,-1.035285841,0.076391857,2.03E-42,3.84E-41,6382,syndecan 1,
ADORA1,128.8775143,-2.133877382,0.158427041,2.94E-42,5.55E-41,134,adenosine A1 receptor,
ATAD3A,1510.811991,-1.741916024,0.129397422,3.15E-42,5.93E-41,55210,ATPase family AAA domain containing 3A,
ZNF844,1476.784576,1.005717988,0.07438937,3.64E-42,6.85E-41,284391,zinc finger protein 844,
RTTN,679.2450181,-1.158558326,0.085932067,4.67E-42,8.78E-41,25914,rotatin,
SYT8,106.0892546,2.422952633,0.180445169,5.04E-42,9.46E-41,90019,synaptotagmin 8,
GRAMD3,764.4874977,1.163985893,0.086431312,5.67E-42,1.06E-40,NA,NA,
CDKN2AIPNL,827.4644087,-1.108916697,0.082341515,5.94E-42,1.11E-40,91368,CDKN2A interacting protein N-terminal like,
CHI3L1,228.9388462,2.800968416,0.209256322,6.05E-42,1.13E-40,1116,chitinase 3 like 1,
CTD-2319I12.1,314.4124032,2.245018774,0.167695621,6.97E-42,1.30E-40,NA,NA,
CACNB3,846.9587089,1.084267736,0.080558291,7.17E-42,1.34E-40,784,calcium voltage-gated channel auxiliary subunit beta 3,
MPHOSPH9,1259.30558,-1.049917805,0.078036171,8.09E-42,1.51E-40,10198,M-phase phosphoprotein 9,
ELF3,724.3752324,2.071197592,0.154771308,8.13E-42,1.51E-40,1999,E74 like ETS transcription factor 3,
MMP11,551.2487676,1.421835007,0.105998256,8.70E-42,1.62E-40,4320,matrix metallopeptidase 11,
GEMIN6,1430.258216,-1.02819366,0.076469062,9.22E-42,1.71E-40,79833,gem nuclear organelle associated protein 6,
RP11-303E16.2,237.8718187,-1.987353936,0.148715012,1.01E-41,1.87E-40,NA,NA,
ARID3B,151.2298589,-1.91700455,0.143354607,1.02E-41,1.89E-40,10620,AT-rich interaction domain 3B,
TMPRSS11E,71.28583019,-3.038255683,0.227014036,1.10E-41,2.03E-40,28983,transmembrane serine protease 11E,
HPDL,346.9775282,-2.044881896,0.153109769,1.21E-41,2.23E-40,84842,4-hydroxyphenylpyruvate dioxygenase like,
RP11-44N21.1,255.3255151,2.152908058,0.161351886,1.26E-41,2.32E-40,NA,NA,
AHNAK2,19912.41583,1.5701245,0.117396024,1.35E-41,2.48E-40,113146,AHNAK nucleoprotein 2,
SLC27A3,1344.681922,1.140183665,0.085076795,1.45E-41,2.66E-40,11000,solute carrier family 27 member 3,
POLD1,1345.622414,-1.621244017,0.121400871,1.51E-41,2.78E-40,5424,"DNA polymerase delta 1, catalytic subunit",
DCK,673.3573336,-1.093878678,0.081643047,1.53E-41,2.81E-40,1633,deoxycytidine kinase,
FARSA,7072.107607,-1.209701578,0.090401498,1.65E-41,3.03E-40,2193,phenylalanyl-tRNA synthetase subunit alpha,
TMPRSS2,68.7631031,4.36097684,0.324785912,1.87E-41,3.42E-40,7113,transmembrane serine protease 2,
ADM,816.555768,1.603285639,0.120141918,1.87E-41,3.42E-40,133,adrenomedullin,
C12orf49,2715.61749,1.189689722,0.08900526,2.14E-41,3.90E-40,NA,NA,
Mar-09,337.1272347,1.738340381,0.130556367,2.42E-41,4.41E-40,NA,NA,
CAPS,525.0330971,1.869445118,0.140465249,2.45E-41,4.46E-40,828,calcyphosine,
PRSS3,264.5865028,-1.658928219,0.124581918,2.46E-41,4.48E-40,5646,serine protease 3,
LRP8,1402.887077,-1.074339872,0.080398471,2.57E-41,4.67E-40,7804,LDL receptor related protein 8,
TRIM59,851.6750521,-1.091719784,0.08171258,2.66E-41,4.82E-40,286827,tripartite motif containing 59,
ZNF732,201.1113296,-1.579965817,0.118598017,2.72E-41,4.92E-40,654254,zinc finger protein 732,
ARMC9,3357.610421,1.000424843,0.074844877,2.84E-41,5.14E-40,80210,armadillo repeat containing 9,
ACSF2,1126.498681,1.254039907,0.094016443,3.03E-41,5.48E-40,80221,acyl-CoA synthetase family member 2,
SLC27A1,432.4089428,1.743125822,0.131228315,3.88E-41,7.02E-40,376497,solute carrier family 27 member 1,
POLR3E,1894.905533,-1.01318646,0.076099748,5.52E-41,9.97E-40,55718,RNA polymerase III subunit E,
MEIS3,150.1606561,1.975722484,0.14928698,7.27E-41,1.31E-39,56917,Meis homeobox 3,
PIM1,1484.730265,1.008955051,0.075908742,7.51E-41,1.35E-39,5292,"Pim-1 proto-oncogene, serine/threonine kinase",
SPATA33,703.8568212,-1.095083717,0.08246036,7.57E-41,1.36E-39,124045,spermatogenesis associated 33,
PQLC3,1095.289451,1.098241915,0.082828243,1.04E-40,1.87E-39,NA,NA,
PHF5A,1588.577616,-1.148536709,0.086700344,1.08E-40,1.93E-39,84844,PHD finger protein 5A,
SLC45A3,530.6976875,-1.223154102,0.092415076,1.15E-40,2.05E-39,85414,solute carrier family 45 member 3,
ALPP,72.12980524,3.861510596,0.29163598,1.17E-40,2.09E-39,250,"alkaline phosphatase, placental",
MPP6,2473.269964,-1.006329173,0.075934895,1.22E-40,2.18E-39,NA,NA,
VIPR1,177.0751073,2.244724388,0.17038622,1.22E-40,2.18E-39,7433,vasoactive intestinal peptide receptor 1,
AC068580.6,175.8160218,1.843554926,0.139734275,1.24E-40,2.21E-39,NA,NA,
PROCA1,282.1437677,1.359169907,0.102822385,1.32E-40,2.35E-39,147011,protein interacting with cyclin A1,
RP11-132A1.4,1007.627306,-1.039847457,0.078515194,1.33E-40,2.38E-39,NA,NA,
SDHAF3,767.4764822,-1.0958425,0.082789408,1.37E-40,2.43E-39,57001,succinate dehydrogenase complex assembly factor 3,
CTSA,16282.49313,1.109146649,0.083850413,1.56E-40,2.77E-39,5476,cathepsin A,
NUP155,5439.724604,-1.208661333,0.091517631,1.72E-40,3.05E-39,9631,nucleoporin 155,
ZNF627,1549.396034,1.129252094,0.085455448,1.80E-40,3.21E-39,199692,zinc finger protein 627,
SYNE3,71.33422083,-2.989136811,0.226976707,1.84E-40,3.27E-39,161176,spectrin repeat containing nuclear envelope family member 3,
SSH3,5547.554447,1.084033995,0.082048361,1.98E-40,3.52E-39,54961,slingshot protein phosphatase 3,
FRK,373.2193427,1.513794424,0.115055814,2.43E-40,4.31E-39,2444,fyn related Src family tyrosine kinase,
NFATC4,305.6063577,2.219454111,0.169216419,2.48E-40,4.39E-39,4776,nuclear factor of activated T cells 4,
CYCS,6903.587065,-1.498143597,0.113892645,2.57E-40,4.56E-39,54205,"cytochrome c, somatic",
APOL1,2696.382979,1.250390852,0.0949501,2.83E-40,5.01E-39,8542,apolipoprotein L1,
PUS7L,2014.603082,-1.102072765,0.083615205,2.89E-40,5.11E-39,83448,pseudouridine synthase 7 like,
PLSCR4,101.1720893,2.82720723,0.215554009,3.15E-40,5.55E-39,57088,phospholipid scramblase 4,
RPLP0P2,262.1160758,1.406604926,0.106990581,3.17E-40,5.58E-39,113157,ribosomal protein lateral stalk subunit P0 pseudogene 2,
SAMD11,505.3581159,2.190599191,0.167216629,3.30E-40,5.82E-39,148398,sterile alpha motif domain containing 11,
ADCY3,1706.523668,-1.281071638,0.097477075,3.66E-40,6.43E-39,109,adenylate cyclase 3,
SLC25A10,222.0900946,-1.906083863,0.145638341,4.30E-40,7.54E-39,1468,solute carrier family 25 member 10,
NRGN,208.4169193,-1.78726969,0.13659142,5.21E-40,9.14E-39,4900,neurogranin,
VAV3,186.7570239,2.809164316,0.215233573,5.31E-40,9.29E-39,10451,vav guanine nucleotide exchange factor 3,
MTMR3,413.5832049,1.139229257,0.086825074,6.18E-40,1.08E-38,8897,myotubularin related protein 3,
CYP27A1,610.4039228,1.716728846,0.131449747,7.23E-40,1.26E-38,1593,cytochrome P450 family 27 subfamily A member 1,
FAM111A,1620.033783,-1.144453172,0.087331264,7.28E-40,1.27E-38,63901,FAM111 trypsin like peptidase A,
CTC-260E6.6,158.5215834,-1.851078704,0.141830317,8.20E-40,1.43E-38,NA,NA,
EMG1,555.383256,-1.273850511,0.097402598,8.56E-40,1.49E-38,10436,EMG1 N1-specific pseudouridine methyltransferase,
ZNF583,836.9818904,-1.302584072,0.099702847,9.81E-40,1.71E-38,147949,zinc finger protein 583,
CHRNB1,427.9003026,1.1842891,0.090546946,9.98E-40,1.74E-38,1140,cholinergic receptor nicotinic beta 1 subunit,
GNPNAT1,2042.63621,-1.130606141,0.086433649,1.03E-39,1.79E-38,64841,glucosamine-phosphate N-acetyltransferase 1,
RGL1,663.5576139,1.382913395,0.105987054,1.18E-39,2.04E-38,23179,ral guanine nucleotide dissociation stimulator like 1,
EPOR,1172.04697,1.041739734,0.07969621,1.37E-39,2.38E-38,2057,erythropoietin receptor,
GEMIN5,3794.535952,-1.258592262,0.096532974,1.43E-39,2.48E-38,25929,gem nuclear organelle associated protein 5,
CACYBP,2403.898403,-1.031024173,0.078986708,1.69E-39,2.92E-38,27101,calcyclin binding protein,
RP11-150O12.1,62.7029492,-3.778675237,0.290083038,1.96E-39,3.38E-38,NA,NA,
IRAK1,18110.31349,-1.050549689,0.080580361,1.97E-39,3.40E-38,3654,interleukin 1 receptor associated kinase 1,
CPEB2,492.5959364,1.253157541,0.096309626,2.19E-39,3.78E-38,132864,cytoplasmic polyadenylation element binding protein 2,
ERBB3,2196.186084,1.589781805,0.122478372,2.31E-39,3.99E-38,2065,erb-b2 receptor tyrosine kinase 3,
HIVEP3,284.5746608,-1.659576325,0.127929375,2.33E-39,4.02E-38,59269,HIVEP zinc finger 3,
GPR3,61.72744189,-3.940034832,0.302593109,2.36E-39,4.06E-38,2827,G protein-coupled receptor 3,
SLC35G1,537.776585,-1.066954254,0.081928183,2.44E-39,4.20E-38,159371,solute carrier family 35 member G1,
NAV3,852.0519729,-1.720424518,0.132707746,2.47E-39,4.24E-38,89795,neuron navigator 3,
FAM72A,125.6886945,-2.058601285,0.158926372,2.68E-39,4.60E-38,729533,family with sequence similarity 72 member A,
EXOSC8,755.9413605,-1.215650697,0.09357904,2.89E-39,4.95E-38,11340,exosome component 8,
MB,908.1028258,1.058779034,0.081395258,3.12E-39,5.35E-38,4151,myoglobin,
AGPAT5,1822.381423,-1.073059635,0.082586242,3.44E-39,5.89E-38,55326,1-acylglycerol-3-phosphate O-acyltransferase 5,
C9orf9,383.3083303,1.198816251,0.092421333,4.14E-39,7.08E-38,NA,NA,
AOAH,252.4174381,1.452751685,0.112179862,4.18E-39,7.15E-38,313,acyloxyacyl hydrolase,
TMEM217,162.6744819,2.869164967,0.222716798,4.50E-39,7.69E-38,221468,transmembrane protein 217,
BOP1,3340.601933,-1.572702771,0.121818173,4.76E-39,8.12E-38,23246,BOP1 ribosomal biogenesis factor,
FBLIM1,1097.13635,1.234954054,0.095366811,5.06E-39,8.62E-38,54751,filamin binding LIM protein 1,
CD9,4856.288292,1.400264814,0.108367352,5.94E-39,1.01E-37,928,CD9 molecule,
TEX15,965.9763338,-1.848696984,0.143459486,6.21E-39,1.05E-37,56154,"testis expressed 15, meiosis and synapsis associated",
HHIPL2,730.1917685,1.646080467,0.127599895,6.32E-39,1.07E-37,79802,HHIP like 2,
GCNT3,122.0404592,2.035233591,0.157861929,6.58E-39,1.11E-37,9245,"glucosaminyl (N-acetyl) transferase 3, mucin type",
EPPK1,419.1807627,1.258873553,0.097376239,6.60E-39,1.12E-37,83481,epiplakin 1,
PTPRH,457.681434,1.314839634,0.101746031,6.71E-39,1.14E-37,5794,protein tyrosine phosphatase receptor type H,
TIMM8A,683.2028502,-1.281576729,0.099200006,6.85E-39,1.16E-37,1678,translocase of inner mitochondrial membrane 8A,
OCEL1,373.098021,1.23146795,0.095233982,6.92E-39,1.17E-37,79629,occludin/ELL domain containing 1,
RUVBL2,5500.479321,-1.058524184,0.081802499,7.08E-39,1.20E-37,10856,RuvB like AAA ATPase 2,
RPS6KA4,3351.090118,-1.127262368,0.087539929,1.38E-38,2.31E-37,8986,ribosomal protein S6 kinase A4,
CALHM3,108.6153433,2.110897138,0.164609755,1.64E-38,2.75E-37,119395,calcium homeostasis modulator 3,
MAPK8IP2,569.8635119,1.381466803,0.107616427,1.86E-38,3.11E-37,23542,mitogen-activated protein kinase 8 interacting protein 2,
NIP7,3321.094204,-1.066632568,0.082934843,1.94E-38,3.24E-37,51388,nucleolar pre-rRNA processing protein NIP7,
DRAM1,923.2498115,1.139079836,0.0886244,2.01E-38,3.35E-37,55332,DNA damage regulated autophagy modulator 1,
LMBRD1,537.2202586,1.058270698,0.082282507,2.04E-38,3.40E-37,55788,LMBR1 domain containing 1,
RP11-181C3.2,94.43885822,-2.413501448,0.188763495,2.20E-38,3.68E-37,NA,NA,
DAZAP1,5029.332487,-1.031073781,0.080393259,3.28E-38,5.46E-37,26528,DAZ associated protein 1,
IFI27,7329.636892,1.149254163,0.090222818,3.88E-38,6.45E-37,3429,interferon alpha inducible protein 27,
ZNF92,1176.782531,-1.290892517,0.101110215,4.77E-38,7.91E-37,168374,zinc finger protein 92,
CCP110,1561.954591,-1.27202565,0.099657316,5.14E-38,8.53E-37,9738,centriolar coiled-coil protein 110,
NEMP2,428.1599774,-1.105116734,0.08644423,5.25E-38,8.70E-37,100131211,nuclear envelope integral membrane protein 2,
DUT,1752.548573,-1.089670406,0.085263097,5.30E-38,8.78E-37,1854,deoxyuridine triphosphatase,
STC1,1756.215633,-1.565238481,0.122914609,5.58E-38,9.23E-37,6781,stanniocalcin 1,
SLC6A8,1436.180864,1.096236065,0.085792604,5.60E-38,9.27E-37,6535,solute carrier family 6 member 8,
ACCS,420.3110018,1.319687207,0.103488373,5.80E-38,9.58E-37,84680,1-aminocyclopropane-1-carboxylate synthase homolog (inactive),
KBTBD8,193.392376,-1.745140464,0.137194859,6.10E-38,1.01E-36,84541,kelch repeat and BTB domain containing 8,
RP11-221N13.3,88.1694432,-3.407878896,0.268811002,6.31E-38,1.04E-36,NA,NA,
NABP1,5605.57276,1.056564732,0.082734996,6.62E-38,1.09E-36,64859,nucleic acid binding protein 1,
CKAP5,9375.535279,-1.1318053,0.088720384,6.63E-38,1.09E-36,9793,cytoskeleton associated protein 5,
EPAS1,6870.22093,1.059472113,0.082993426,7.04E-38,1.16E-36,2034,endothelial PAS domain protein 1,
CPAMD8,104.144919,2.88304957,0.227312876,7.07E-38,1.16E-36,27151,C3 and PZP like alpha-2-macroglobulin domain containing 8,
DDX56,9026.868409,-1.036708939,0.081239529,7.25E-38,1.19E-36,54606,DEAD-box helicase 56,
TESK2,145.1029193,1.884649873,0.148381705,8.19E-38,1.35E-36,10420,testis associated actin remodelling kinase 2,
URB1,2037.385625,-1.305555505,0.102662564,8.78E-38,1.44E-36,9875,URB1 ribosome biogenesis homolog,
ZNF441,714.0204317,1.201102531,0.094346861,9.21E-38,1.51E-36,126068,zinc finger protein 441,
CLDN1,330.4018899,1.618470782,0.127601002,1.03E-37,1.69E-36,9076,claudin 1,
NLRP1,1841.266315,1.044121968,0.081968936,1.03E-37,1.69E-36,22861,NLR family pyrin domain containing 1,
NTN4,2927.985594,1.350765394,0.106397356,1.16E-37,1.90E-36,59277,netrin 4,
APOBR,69.3598782,4.194116011,0.329625063,1.26E-37,2.06E-36,55911,apolipoprotein B receptor,
RNASEH2B,531.234843,-1.267805685,0.099894002,1.27E-37,2.07E-36,79621,ribonuclease H2 subunit B,
IFI27L2,1218.452153,1.088037721,0.085715468,1.67E-37,2.72E-36,83982,interferon alpha inducible protein 27 like 2,
ACTG2,98.11976365,2.355471224,0.187327626,3.55E-37,5.74E-36,72,"actin gamma 2, smooth muscle",
MTFP1,94.50354133,-2.269258575,0.180789655,4.49E-37,7.24E-36,51537,mitochondrial fission process 1,
MYB,91.02952172,-2.634001675,0.209919143,4.72E-37,7.60E-36,4602,"MYB proto-oncogene, transcription factor",
BCL6,1131.342963,1.46718275,0.116714359,5.06E-37,8.14E-36,604,BCL6 transcription repressor,
LHFPL2,5607.254398,1.235241947,0.098178991,5.68E-37,9.12E-36,10184,LHFPL tetraspan subfamily member 2,
PGPEP1,904.6829356,1.511123944,0.120474098,6.82E-37,1.09E-35,54858,pyroglutamyl-peptidase I,
CTD-2568A17.3,2191.220081,-1.215176648,0.096730643,7.13E-37,1.14E-35,NA,NA,
CLUH,8512.54046,-1.350246317,0.107760844,7.46E-37,1.19E-35,23277,clustered mitochondria homolog,
ZNF846,321.66354,1.416672386,0.112977929,8.03E-37,1.28E-35,162993,zinc finger protein 846,
CDC42EP4,1100.509973,-1.325617294,0.1056827,8.14E-37,1.30E-35,23580,CDC42 effector protein 4,
PDE4B,113.7285506,-2.05957003,0.16464178,8.57E-37,1.37E-35,5142,phosphodiesterase 4B,
HTRA1,6129.125711,1.134914014,0.090744666,1.18E-36,1.89E-35,5654,HtrA serine peptidase 1,
RPP25,1793.105895,-1.042952311,0.083163985,1.20E-36,1.92E-35,54913,ribonuclease P and MRP subunit p25,
ERRFI1,3813.843321,-1.062638183,0.084762793,1.21E-36,1.92E-35,54206,ERBB receptor feedback inhibitor 1,
ZNF542,2704.078204,-1.416633056,0.113422955,1.38E-36,2.19E-35,NA,NA,
FAM86DP,635.6568066,-1.02366804,0.081719961,1.51E-36,2.40E-35,692099,"family with sequence similarity 86 member D, pseudogene",
TUBB6,5410.953247,-1.188802017,0.095085105,1.58E-36,2.50E-35,84617,tubulin beta 6 class V,
SYT7,1658.887602,1.045350412,0.083489392,1.62E-36,2.57E-35,9066,synaptotagmin 7,
RP13-104F24.3,107.7214926,2.193095907,0.176152647,1.63E-36,2.59E-35,NA,NA,
FOXA2,125.0198669,-1.829636409,0.146984288,1.87E-36,2.96E-35,3170,forkhead box A2,
RP11-77I22.3,562.8733916,-1.464880078,0.117682031,2.22E-36,3.50E-35,NA,NA,
CDK19,994.0687218,1.388907162,0.111503249,2.33E-36,3.68E-35,23097,cyclin dependent kinase 19,
ATG12,3412.522892,-1.097222538,0.087989626,2.73E-36,4.30E-35,9140,autophagy related 12,
BCL2L1,2760.338891,-1.025230605,0.082269729,3.39E-36,5.33E-35,598,BCL2 like 1,
ZNF826P,504.8098927,-1.394603435,0.1122747,3.40E-36,5.34E-35,664701,"zinc finger protein 826, pseudogene",
RP11-420A23.1,107.2616072,2.163789724,0.174610622,3.48E-36,5.46E-35,NA,NA,
PPARGC1B,615.821317,-1.247054051,0.100288148,3.58E-36,5.61E-35,133522,PPARG coactivator 1 beta,
DDN,113.150719,-2.201991516,0.177954738,3.94E-36,6.17E-35,23109,dendrin,
PTK6,684.2757883,1.191685009,0.09591668,4.35E-36,6.80E-35,5753,protein tyrosine kinase 6,
SWT1,273.8382451,1.363237239,0.109993577,5.28E-36,8.24E-35,54823,SWT1 RNA endoribonuclease homolog,
SLC16A6,269.0970916,1.607633622,0.129944201,5.30E-36,8.26E-35,9120,solute carrier family 16 member 6,
KCNS3,761.1837696,1.12151916,0.090339812,5.54E-36,8.61E-35,3790,potassium voltage-gated channel modifier subfamily S member 3,
CCDC149,536.2113134,1.133982191,0.091413683,6.05E-36,9.41E-35,91050,coiled-coil domain containing 149,
RAB27B,1303.84352,1.159238047,0.093366196,6.38E-36,9.90E-35,5874,"RAB27B, member RAS oncogene family",
RP11-874J12.2,509.7306685,1.186856401,0.095766081,6.45E-36,1.00E-34,NA,NA,
RGMB,325.6980077,-1.226548792,0.099024846,6.69E-36,1.04E-34,285704,repulsive guidance molecule BMP co-receptor b,
HPN,158.2392402,2.527301508,0.205199336,7.18E-36,1.11E-34,3249,hepsin,
RHBDF1,1349.542035,1.178509735,0.095162738,7.19E-36,1.11E-34,64285,rhomboid 5 homolog 1,
APAF1,767.4247118,1.125118857,0.090809269,7.58E-36,1.17E-34,317,apoptotic peptidase activating factor 1,
R3HDM1,2929.934988,-1.026667705,0.0828562,8.34E-36,1.29E-34,23518,R3H domain containing 1,
ADAMTS13,597.7335164,1.025848666,0.082862019,9.66E-36,1.49E-34,11093,ADAM metallopeptidase with thrombospondin type 1 motif 13,
KLHDC8B,701.8889788,1.041515123,0.084157213,1.03E-35,1.59E-34,200942,kelch domain containing 8B,
IGFBP5,189.3423937,2.831310747,0.230606688,1.04E-35,1.60E-34,3488,insulin like growth factor binding protein 5,
BHLHE40,7615.492886,1.196197891,0.096968079,1.36E-35,2.09E-34,8553,basic helix-loop-helix family member e40,
BOLA3,726.7656441,-1.268585123,0.103057532,1.57E-35,2.42E-34,388962,bolA family member 3,
CDH3,14883.22526,1.328612361,0.107977926,1.63E-35,2.49E-34,1001,cadherin 3,
TUBA1C,4997.631715,-1.012540384,0.082087423,1.69E-35,2.59E-34,84790,tubulin alpha 1c,
DSC2,1112.437287,1.194278589,0.097058543,1.94E-35,2.97E-34,1824,desmocollin 2,
FOXO4,405.7287011,1.59427611,0.130166069,2.57E-35,3.93E-34,4303,forkhead box O4,
VWA7,111.9068641,1.924453368,0.157318079,2.80E-35,4.27E-34,80737,von Willebrand factor A domain containing 7,
ERI1,1336.790172,-1.042370579,0.084819987,2.90E-35,4.42E-34,90459,exoribonuclease 1,
MALAT1,7841.69677,1.437612631,0.117454595,3.26E-35,4.95E-34,378938,metastasis associated lung adenocarcinoma transcript 1,
AC007240.1,55.70885575,-3.546266338,0.289650699,3.42E-35,5.18E-34,NA,NA,
HCFC1R1,1934.892276,1.133751951,0.092436712,3.44E-35,5.21E-34,54985,host cell factor C1 regulator 1,
RP11-263K19.4,172.524099,1.648443504,0.13488548,3.72E-35,5.64E-34,NA,NA,
REC8,223.8644268,1.525881931,0.124841998,3.75E-35,5.68E-34,9985,REC8 meiotic recombination protein,
LYST,1857.998601,1.173643308,0.095895117,4.47E-35,6.76E-34,1130,lysosomal trafficking regulator,
TAF1A,585.104227,-1.239956661,0.101488786,5.27E-35,7.95E-34,9015,"TATA-box binding protein associated factor, RNA polymerase I subunit A",
SLC9A2,111.7208164,2.105576679,0.173061657,6.18E-35,9.28E-34,6549,solute carrier family 9 member A2,
FUT2,449.5263375,1.476358028,0.121333897,7.37E-35,1.10E-33,2524,fucosyltransferase 2 (H blood group),
CCDC85C,1363.513303,-1.527741933,0.125677925,7.73E-35,1.16E-33,317762,coiled-coil domain containing 85C,
FAM72D,60.33592917,-3.229396966,0.265640016,8.46E-35,1.26E-33,728833,family with sequence similarity 72 member D,
C1orf228,64.17581441,3.025766319,0.249323147,1.06E-34,1.58E-33,NA,NA,
ATP1A2,74.87930538,2.758475112,0.22783698,1.24E-34,1.84E-33,477,ATPase Na+/K+ transporting subunit alpha 2,
ADAMTSL4,610.2139406,1.821433837,0.150612795,1.38E-34,2.05E-33,54507,ADAMTS like 4,
PCSK4,232.6247676,1.796935362,0.148594094,1.49E-34,2.21E-33,54760,proprotein convertase subtilisin/kexin type 4,
RGS11,293.2138607,1.344768574,0.111168954,2.12E-34,3.14E-33,8786,regulator of G protein signaling 11,
ALPK1,900.5229722,1.118397974,0.092365278,2.43E-34,3.60E-33,80216,alpha kinase 1,
AQP3,499.5407205,1.726118248,0.143179161,2.47E-34,3.65E-33,360,aquaporin 3 (Gill blood group),
COL11A2,273.2043477,1.394829006,0.115519149,2.55E-34,3.76E-33,1302,collagen type XI alpha 2 chain,
C1QTNF6,3927.56632,1.285315901,0.106357922,2.60E-34,3.82E-33,114904,C1q and TNF related 6,
PDK4,192.4577504,1.400899347,0.116057779,2.90E-34,4.26E-33,5166,pyruvate dehydrogenase kinase 4,
HOMER1,670.4712548,-1.195609314,0.099038577,3.34E-34,4.90E-33,9456,homer scaffold protein 1,
C10orf10,648.8834724,1.740802337,0.144780378,3.52E-34,5.15E-33,NA,NA,
PSORS1C1,269.4218024,1.419986938,0.117928257,3.67E-34,5.37E-33,170679,psoriasis susceptibility 1 candidate 1,
STMN3,1819.628463,-1.345290196,0.111703686,3.68E-34,5.37E-33,50861,stathmin 3,
G0S2,1845.871849,-2.871713065,0.239997539,3.74E-34,5.46E-33,50486,G0/G1 switch 2,
ABCC9,308.4431264,-1.814799531,0.151142088,3.82E-34,5.57E-33,10060,ATP binding cassette subfamily C member 9,
BZRAP1,256.1948686,1.793324132,0.14924111,3.86E-34,5.63E-33,NA,NA,
EPSTI1,115.2311666,2.264771089,0.188710566,3.90E-34,5.68E-33,94240,epithelial stromal interaction 1,
PRADC1,564.9520865,-1.047996561,0.086856184,4.46E-34,6.50E-33,84279,protease associated domain containing 1,
SNHG10,251.2409174,-1.23166611,0.102335482,5.04E-34,7.33E-33,283596,small nucleolar RNA host gene 10,
RP11-22B23.3,69.32004077,-2.525355144,0.210818399,5.81E-34,8.44E-33,NA,NA,
UPP1,18984.7762,1.293782921,0.107663065,5.82E-34,8.44E-33,7378,uridine phosphorylase 1,
KIAA0586,2774.10323,-1.028142159,0.085382509,6.02E-34,8.73E-33,9786,KIAA0586,
RIBC1,104.339159,1.967372815,0.164270995,6.26E-34,9.07E-33,158787,RIB43A domain with coiled-coils 1,
LONRF3,207.7846913,-1.525061088,0.127312038,7.23E-34,1.05E-32,79836,LON peptidase N-terminal domain and ring finger 3,
HHLA3,687.1145498,1.189211381,0.099044364,7.52E-34,1.09E-32,NA,NA,
C2orf58,185.8081573,1.596316774,0.133426115,8.60E-34,1.24E-32,NA,NA,
TPM2,2033.124855,1.24463445,0.103882262,9.56E-34,1.38E-32,7169,tropomyosin 2,
ATAD3B,1446.535538,-1.41545878,0.118472685,1.10E-33,1.58E-32,83858,ATPase family AAA domain containing 3B,
CASP1,121.4594381,2.147666391,0.180098363,1.10E-33,1.58E-32,834,caspase 1,
PLEKHO1,1911.865763,1.438507595,0.120411493,1.15E-33,1.66E-32,51177,pleckstrin homology domain containing O1,
SUN2,4000.770718,1.006499767,0.084016082,1.35E-33,1.94E-32,25777,Sad1 and UNC84 domain containing 2,
C21orf58,219.778321,-1.491034004,0.125027362,1.45E-33,2.08E-32,54058,chromosome 21 open reading frame 58,
FAM122C,233.4703821,1.343688855,0.112582748,1.55E-33,2.22E-32,NA,NA,
SEMA3A,1573.679722,-1.365505691,0.114610839,1.82E-33,2.60E-32,10371,semaphorin 3A,
ID3,4873.523716,1.098596155,0.091988164,1.84E-33,2.62E-32,3399,inhibitor of DNA binding 3,
RNF103,676.3738099,1.209797478,0.101443296,1.91E-33,2.72E-32,7844,ring finger protein 103,
SLC16A9,918.3343549,1.169278713,0.098064717,2.07E-33,2.94E-32,220963,solute carrier family 16 member 9,
TTC9,342.7161849,1.711553549,0.14411386,2.12E-33,3.02E-32,23508,tetratricopeptide repeat domain 9,
CHEK2,564.6346783,-1.08637032,0.09108075,2.24E-33,3.18E-32,11200,checkpoint kinase 2,
ARFRP1,1628.674822,-1.086063885,0.091130033,2.43E-33,3.44E-32,10139,ARF related protein 1,
NFIA,268.117751,-1.307134762,0.109998487,2.95E-33,4.17E-32,4774,nuclear factor I A,
DTX1,58.9039886,2.95031804,0.248714481,3.16E-33,4.47E-32,1840,deltex E3 ubiquitin ligase 1,
FAM167B,84.88648126,2.395154626,0.202500192,3.49E-33,4.93E-32,84734,family with sequence similarity 167 member B,
RP11-449P15.2,302.7113681,1.658836231,0.140178431,3.55E-33,5.01E-32,NA,NA,
MT1F,224.6863295,1.714383019,0.144911682,3.61E-33,5.09E-32,4494,metallothionein 1F,
RP11-818F20.5,83.81576379,2.454505203,0.207692196,3.71E-33,5.23E-32,NA,NA,
PERP,5216.779931,1.04561184,0.087967461,3.90E-33,5.48E-32,64065,p53 apoptosis effector related to PMP22,
RGS6,69.18377022,2.748798351,0.232442431,4.17E-33,5.86E-32,9628,regulator of G protein signaling 6,
ITGB6,667.8471731,1.675001889,0.141777341,4.31E-33,6.04E-32,3694,integrin subunit beta 6,
NEIL1,238.8718202,1.360742175,0.114906418,4.37E-33,6.13E-32,79661,nei like DNA glycosylase 1,
DUSP6,272.6319745,-3.670372407,0.312655489,4.46E-33,6.26E-32,1848,dual specificity phosphatase 6,
ZC3H6,400.9602032,1.28874342,0.108881313,5.21E-33,7.30E-32,376940,zinc finger CCCH-type containing 6,
SCLY,156.9486637,-1.821560601,0.154454546,5.34E-33,7.47E-32,51540,selenocysteine lyase,
RIMS2,128.5483843,-2.19544909,0.186354068,5.34E-33,7.47E-32,9699,regulating synaptic membrane exocytosis 2,
TYMP,1991.132465,1.835431621,0.155751183,5.52E-33,7.71E-32,1890,thymidine phosphorylase,
IFI35,1648.74397,1.164916339,0.098384977,5.71E-33,7.96E-32,3430,interferon induced protein 35,
HHAT,108.3097915,2.039715143,0.172961541,5.77E-33,8.05E-32,55733,hedgehog acyltransferase,
ITGB4,1688.861952,1.37295037,0.116277055,6.49E-33,9.04E-32,3691,integrin subunit beta 4,
DAPP1,361.1752581,1.600103769,0.135803997,6.76E-33,9.41E-32,27071,dual adaptor of phosphotyrosine and 3-phosphoinositides 1,
BLVRB,1724.449641,1.204887883,0.102016586,6.83E-33,9.51E-32,645,biliverdin reductase B,
LRRC37A3,149.1400528,1.780897939,0.151115472,6.90E-33,9.59E-32,374819,leucine rich repeat containing 37 member A3,
IL18R1,141.0715916,-1.552476584,0.131701133,7.14E-33,9.93E-32,8809,interleukin 18 receptor 1,
PPIF,8529.312115,-1.318492709,0.111861735,7.41E-33,1.03E-31,10105,peptidylprolyl isomerase F,
ABCF2,2187.593219,-1.156458965,0.097925579,7.96E-33,1.10E-31,10061,ATP binding cassette subfamily F member 2,
RGAG1,135.5669136,-2.220183446,0.189058557,8.46E-33,1.17E-31,NA,NA,
EMC9,330.8028074,-1.225328369,0.103894711,8.88E-33,1.23E-31,51016,ER membrane protein complex subunit 9,
C19orf71,360.1763408,1.651076104,0.140503897,9.75E-33,1.35E-31,NA,NA,
AHRR,1970.35057,1.694221136,0.144384307,1.13E-32,1.56E-31,57491,aryl hydrocarbon receptor repressor,
CEP57L1,358.7008676,-1.061657468,0.090057108,1.20E-32,1.65E-31,285753,centrosomal protein 57 like 1,
ADGRB1,82.4332042,2.173827417,0.185257026,1.20E-32,1.66E-31,575,adhesion G protein-coupled receptor B1,
CCDC88C,910.616011,-1.12082257,0.095271035,1.47E-32,2.02E-31,440193,coiled-coil domain containing 88C,
FGD4,431.6442425,1.198066157,0.101949471,1.53E-32,2.10E-31,121512,"FYVE, RhoGEF and PH domain containing 4",
NFATC2,196.1603451,-1.540539032,0.131551872,1.72E-32,2.35E-31,4773,nuclear factor of activated T cells 2,
RP11-165M6.1,165.5850895,-1.768448745,0.151139692,1.74E-32,2.38E-31,NA,NA,
GLRX,648.5891306,1.034066472,0.087919218,1.77E-32,2.41E-31,2745,glutaredoxin,
GIPC3,56.78300394,4.660233261,0.394907159,1.96E-32,2.67E-31,126326,GIPC PDZ domain containing family member 3,
NSUN6,585.2209953,-1.102944434,0.094143553,2.76E-32,3.76E-31,221078,NOP2/Sun RNA methyltransferase 6,
TRAPPC6A,515.9426428,1.462040235,0.125251552,2.86E-32,3.89E-31,79090,trafficking protein particle complex subunit 6A,
AC073283.4,132.3554414,1.745583968,0.149696599,3.05E-32,4.14E-31,NA,NA,
MKNK2,4606.822112,1.19061912,0.101797418,3.06E-32,4.15E-31,2872,MAPK interacting serine/threonine kinase 2,
RAN,12769.27884,-1.037290072,0.088592329,3.07E-32,4.17E-31,5901,"RAN, member RAS oncogene family",
C7orf31,424.5811073,1.183092969,0.10116881,3.11E-32,4.22E-31,NA,NA,
NCAPH2,2286.246783,-1.122066355,0.095924234,3.16E-32,4.29E-31,29781,non-SMC condensin II complex subunit H2,
FUT3,107.6944529,2.059482483,0.176906165,3.26E-32,4.42E-31,2525,fucosyltransferase 3 (Lewis blood group),
NEURL3,91.93380397,2.704100257,0.233001401,3.55E-32,4.81E-31,93082,neuralized E3 ubiquitin protein ligase 3,
RAB17,1176.284328,1.072227293,0.091712145,3.87E-32,5.22E-31,64284,"RAB17, member RAS oncogene family",
AVIL,211.6342382,1.324562933,0.113632317,4.19E-32,5.66E-31,10677,advillin,
TMCC3,214.3196848,-1.473365321,0.12656128,4.26E-32,5.74E-31,57458,transmembrane and coiled-coil domain family 3,
F3,3235.831872,-1.147827144,0.098416634,4.56E-32,6.15E-31,2152,"coagulation factor III, tissue factor",
SMC1A,8507.96089,-1.061006301,0.090916605,4.82E-32,6.49E-31,8243,structural maintenance of chromosomes 1A,
FAM20C,2421.553596,-1.824938987,0.157445649,5.22E-32,7.03E-31,56975,FAM20C golgi associated secretory pathway kinase,
INSR,1753.613936,1.102506009,0.094552891,5.31E-32,7.14E-31,3643,insulin receptor,
PUM3,1741.623013,-1.231094367,0.105876616,6.03E-32,8.09E-31,9933,pumilio RNA binding family member 3,
MAGOHB,849.9436575,-1.194151676,0.102659746,6.10E-32,8.17E-31,55110,"mago homolog B, exon junction complex subunit",
MMP19,172.2742483,1.799181631,0.155273368,6.38E-32,8.55E-31,4327,matrix metallopeptidase 19,
PRR5L,227.7315821,-1.371961966,0.118173634,6.73E-32,9.01E-31,79899,proline rich 5 like,
RGS4,714.0062197,-3.118338464,0.270805768,7.65E-32,1.02E-30,5999,regulator of G protein signaling 4,
RP11-22B23.1,80.64979368,-2.198215632,0.190254695,8.87E-32,1.19E-30,NA,NA,
TNFRSF1B,94.36367204,-2.191430061,0.189928552,9.90E-32,1.32E-30,7133,TNF receptor superfamily member 1B,
RRP7A,2778.904032,-1.087016037,0.09368631,1.01E-31,1.34E-30,27341,ribosomal RNA processing 7 homolog A,
PEAR1,58.00496414,-3.928379171,0.339949829,1.01E-31,1.35E-30,375033,platelet endothelial aggregation receptor 1,
NATD1,324.9776264,1.892338831,0.164100204,1.07E-31,1.43E-30,256302,N-acetyltransferase domain containing 1,
CTU2,1075.852505,-1.459958387,0.126461168,1.22E-31,1.62E-30,348180,cytosolic thiouridylase subunit 2,
RAPGEF5,144.5954855,-1.735179434,0.150451816,1.22E-31,1.62E-30,9771,Rap guanine nucleotide exchange factor 5,
C5orf34,556.6283708,-1.027043841,0.088610812,1.27E-31,1.68E-30,375444,chromosome 5 open reading frame 34,
TMEM102,380.0281414,1.34971463,0.116785289,1.28E-31,1.70E-30,284114,transmembrane protein 102,
CALHM2,1772.584171,1.082357701,0.093437685,1.32E-31,1.75E-30,51063,calcium homeostasis modulator family member 2,
CCDC134,311.0907047,-1.441133054,0.12488211,1.42E-31,1.88E-30,79879,coiled-coil domain containing 134,
RDM1,148.2503495,-1.575375744,0.136637621,1.49E-31,1.97E-30,201299,RAD52 motif containing 1,
BBC3,202.5439112,2.021935071,0.175940935,1.50E-31,1.99E-30,27113,BCL2 binding component 3,
SMPX,169.6867543,1.864645166,0.162139907,1.64E-31,2.17E-30,23676,small muscle protein X-linked,
PLEKHA7,2406.457893,1.552883308,0.134827548,1.67E-31,2.21E-30,144100,pleckstrin homology domain containing A7,
EIF4E,513.2445639,-1.042747765,0.090290809,2.05E-31,2.70E-30,1977,eukaryotic translation initiation factor 4E,
AAMDC,256.4597272,1.194745359,0.103553189,2.05E-31,2.70E-30,28971,adipogenesis associated Mth938 domain containing,
SAMD9L,470.2349114,1.594279171,0.138682496,2.08E-31,2.74E-30,219285,sterile alpha motif domain containing 9 like,
MBNL2,2911.247583,1.04509099,0.090514357,2.18E-31,2.88E-30,10150,muscleblind like splicing regulator 2,
PALM,594.7508985,1.888385198,0.164669574,2.22E-31,2.92E-30,5064,paralemmin,
CARF,289.8984839,1.359244276,0.118115073,2.29E-31,3.01E-30,79800,calcium responsive transcription factor,
RAP1GAP,1266.624764,1.086536528,0.094295429,2.70E-31,3.54E-30,5909,RAP1 GTPase activating protein,
RAET1E,60.80015797,-2.702397106,0.235861666,2.88E-31,3.78E-30,135250,retinoic acid early transcript 1E,
SMTN,3765.190801,-1.320131117,0.114944857,2.90E-31,3.80E-30,6525,smoothelin,
SDC4,20083.34682,1.2352916,0.107367774,3.00E-31,3.93E-30,6385,syndecan 4,
BIRC7,74.03417466,3.017605984,0.264227555,3.39E-31,4.44E-30,79444,baculoviral IAP repeat containing 7,
LIAS,649.3060879,-1.093723731,0.095142068,3.51E-31,4.59E-30,11019,lipoic acid synthetase,
BMPER,199.5682031,-1.509750956,0.13186933,3.63E-31,4.75E-30,168667,BMP binding endothelial regulator,
PNP,4751.277798,-1.207201783,0.105282138,4.13E-31,5.38E-30,4860,purine nucleoside phosphorylase,
NFKBIZ,776.880771,1.064816485,0.09272669,4.24E-31,5.53E-30,64332,NFKB inhibitor zeta,
PDCD2L,359.1849089,-1.368951619,0.119595843,4.28E-31,5.57E-30,84306,programmed cell death 2 like,
ACYP1,377.1716614,-1.186121987,0.103473408,4.42E-31,5.75E-30,97,acylphosphatase 1,
RND1,271.430401,3.736096929,0.329144581,4.75E-31,6.17E-30,27289,Rho family GTPase 1,
CNTN1,108.8333195,-1.736919815,0.152206222,5.42E-31,7.03E-30,1272,contactin 1,
LIMCH1,1583.755442,1.327384433,0.116096134,5.52E-31,7.16E-30,22998,LIM and calponin homology domains 1,
RAD54B,92.44074105,-1.92706861,0.169240218,6.18E-31,8.00E-30,25788,RAD54 homolog B,
TJP3,122.0975884,2.799594793,0.246464353,6.19E-31,8.02E-30,27134,tight junction protein 3,
CXCL16,289.2837797,1.820140516,0.159969215,6.43E-31,8.31E-30,58191,C-X-C motif chemokine ligand 16,
RP11-65J3.1,249.3981782,1.741305181,0.153080363,7.07E-31,9.13E-30,NA,NA,
HIST1H3G,88.11234146,-2.073950241,0.182401804,7.65E-31,9.86E-30,NA,NA,
LOXL4,280.2442323,1.533282936,0.134717901,8.10E-31,1.04E-29,84171,lysyl oxidase like 4,
ART5,65.265017,2.722170549,0.239648476,9.16E-31,1.18E-29,116969,ADP-ribosyltransferase 5,
NEURL1B,110.8197701,-2.355257374,0.208084812,1.03E-30,1.32E-29,54492,neuralized E3 ubiquitin protein ligase 1B,
CTD-2021J15.2,420.8977813,-1.529403873,0.134858236,1.17E-30,1.50E-29,NA,NA,
LSMEM1,92.26715273,1.97818917,0.17461783,1.23E-30,1.58E-29,286006,leucine rich single-pass membrane protein 1,
MYH15,753.6274833,-1.075296543,0.09440175,1.24E-30,1.58E-29,22989,myosin heavy chain 15,
TBXAS1,226.612513,-1.299595716,0.114591508,1.68E-30,2.15E-29,6916,thromboxane A synthase 1,
SFXN2,315.0157853,-1.147672511,0.101097693,1.74E-30,2.21E-29,118980,sideroflexin 2,
PARP14,3179.022664,1.023477353,0.090085211,1.89E-30,2.41E-29,54625,poly(ADP-ribose) polymerase family member 14,
SLC7A7,248.7789829,2.035812734,0.181076477,2.57E-30,3.27E-29,9056,solute carrier family 7 member 7,
ST6GALNAC2,111.4393898,1.921655065,0.170534558,2.62E-30,3.33E-29,10610,"ST6 N-acetylgalactosaminide alpha-2,6-sialyltransferase 2",
RBMS3,432.4876859,1.122368379,0.099227866,2.87E-30,3.64E-29,27303,RNA binding motif single stranded interacting protein 3,
DUSP27,79.32890953,3.324064811,0.296237384,3.32E-30,4.20E-29,NA,NA,
RP11-396K3.1,159.0879648,1.460786769,0.129647722,3.42E-30,4.32E-29,NA,NA,
VMAC,190.359383,1.36312199,0.120960555,3.51E-30,4.43E-29,400673,vimentin type intermediate filament associated coiled-coil protein,
FAM63B,516.4138437,1.054272669,0.093352568,4.02E-30,5.06E-29,NA,NA,
GPC4,718.936112,1.37107548,0.121845414,4.14E-30,5.21E-29,2239,glypican 4,
RP11-305N23.1,162.4170347,-1.427956691,0.126922182,4.15E-30,5.22E-29,NA,NA,
CPNE5,61.58706345,-2.561445635,0.228203264,4.20E-30,5.28E-29,57699,copine 5,
RP11-424C20.2,59.53089345,-3.333848711,0.297360337,4.39E-30,5.51E-29,NA,NA,
ANAPC1,1280.380014,-1.028602731,0.091155551,4.48E-30,5.62E-29,64682,anaphase promoting complex subunit 1,
C1orf61,892.1617734,-1.0712898,0.095058135,4.72E-30,5.92E-29,NA,NA,
CCDC41,412.826499,-1.020721575,0.090523163,4.91E-30,6.15E-29,NA,NA,
MTERF3,1052.03831,-1.270656105,0.113042429,5.01E-30,6.27E-29,51001,mitochondrial transcription termination factor 3,
BACH2,116.166905,2.125993522,0.189970551,5.31E-30,6.64E-29,60468,BTB domain and CNC homolog 2,
RP11-21I4.1,444.7547673,-1.180408905,0.105019993,6.03E-30,7.54E-29,NA,NA,
PBLD,494.5992629,1.165054019,0.103650417,6.06E-30,7.57E-29,64081,phenazine biosynthesis like protein domain containing,
ZNF485,386.3820444,-1.051964843,0.093522949,6.33E-30,7.90E-29,220992,zinc finger protein 485,
LY6K,394.8208669,-1.213206695,0.10806503,6.68E-30,8.33E-29,54742,lymphocyte antigen 6 family member K,
SH2D5,474.7580271,-1.34464541,0.119992598,6.72E-30,8.38E-29,400745,SH2 domain containing 5,
PIFO,87.01254928,2.063135754,0.184506535,6.74E-30,8.41E-29,NA,NA,
SCML2,191.894835,-1.539030517,0.137503823,6.84E-30,8.52E-29,10389,Scm polycomb group protein like 2,
RNASEL,275.4320526,1.180985334,0.105157461,6.91E-30,8.60E-29,6041,ribonuclease L,
CLDN11,173.0435375,-2.124935095,0.191130236,1.08E-29,1.34E-28,5010,claudin 11,
SLC22A15,220.1947323,1.380980653,0.123806006,1.25E-29,1.55E-28,55356,solute carrier family 22 member 15,
C20orf82,47.80532011,-3.688085617,0.330996829,1.39E-29,1.72E-28,NA,NA,
CFAP221,107.6994444,1.77366131,0.159460007,1.41E-29,1.74E-28,200373,cilia and flagella associated protein 221,
SYT1,463.1628917,1.139574819,0.102083012,1.53E-29,1.89E-28,6857,synaptotagmin 1,
PTPRR,174.9356224,1.791135222,0.161261439,1.54E-29,1.89E-28,5801,protein tyrosine phosphatase receptor type R,
BCL2L12,712.4124577,-1.19652258,0.10736029,1.64E-29,2.01E-28,83596,BCL2 like 12,
AMOTL1,470.4519085,-1.755297382,0.158393046,1.90E-29,2.34E-28,154810,angiomotin like 1,
TTLL12,7693.861597,-1.092890558,0.098079845,1.94E-29,2.39E-28,23170,tubulin tyrosine ligase like 12,
CTD-2396E7.11,142.5292689,2.541694844,0.230067302,2.02E-29,2.48E-28,NA,NA,
PTGES2,3653.586445,-1.080374359,0.096991942,2.08E-29,2.56E-28,80142,prostaglandin E synthase 2,
EPS8L2,2460.290217,1.219924818,0.109691273,2.13E-29,2.61E-28,64787,EPS8 signaling adaptor L2,
GRB7,449.615347,1.616925575,0.145953732,2.27E-29,2.78E-28,2886,growth factor receptor bound protein 7,
NUP37,1368.072476,-1.163759434,0.104738688,2.50E-29,3.06E-28,79023,nucleoporin 37,
RP3-439F8.1,108.4165262,1.7283172,0.156072457,2.54E-29,3.11E-28,NA,NA,
GOLGA7B,269.7250582,1.81169762,0.16400834,2.73E-29,3.34E-28,401647,golgin A7 family member B,
RHOBTB3,12489.59242,1.152146154,0.103620749,2.75E-29,3.36E-28,22836,Rho related BTB domain containing 3,
BAIAP2-AS1,269.1869972,1.159388019,0.104362736,2.78E-29,3.39E-28,NA,NA,
PSG5,118.0520308,1.979137103,0.179232212,2.96E-29,3.61E-28,5673,pregnancy specific beta-1-glycoprotein 5,
RP5-984P4.6,50.99831708,-2.824552837,0.255485068,3.03E-29,3.69E-28,NA,NA,
NOS3,1166.513233,1.198445784,0.108046406,3.09E-29,3.76E-28,4846,nitric oxide synthase 3,
GPR173,241.9324911,1.546768103,0.140019036,3.58E-29,4.34E-28,54328,G protein-coupled receptor 173,
DAPK2,160.1857319,1.501880658,0.135984265,3.95E-29,4.79E-28,23604,death associated protein kinase 2,
FANK1,663.2687387,1.077734027,0.097420869,4.99E-29,6.04E-28,92565,fibronectin type III and ankyrin repeat domains 1,
ALOXE3,510.1365304,-1.413626797,0.128342329,5.31E-29,6.43E-28,59344,arachidonate epidermal lipoxygenase 3,
IGSF22,47.54637722,4.059612281,0.366702444,5.49E-29,6.64E-28,283284,immunoglobulin superfamily member 22,
CTB-133P21.1,66.25486249,2.484688754,0.226180786,5.77E-29,6.97E-28,NA,NA,
CSDC2,47.5316803,3.155803438,0.286893224,7.40E-29,8.92E-28,27254,cold shock domain containing C2,
MMACHC,629.0014656,-1.136122806,0.103147255,7.90E-29,9.52E-28,25974,metabolism of cobalamin associated C,
NEAT1,9034.29704,1.06612513,0.096903795,8.74E-29,1.05E-27,283131,nuclear paraspeckle assembly transcript 1,
GREB1,214.1722609,1.825350162,0.166801983,9.00E-29,1.08E-27,9687,growth regulating estrogen receptor binding 1,
EXOSC3,1109.905218,-1.060944005,0.096359526,9.02E-29,1.09E-27,51010,exosome component 3,
WDR90,2047.518785,-1.293060982,0.117822178,1.02E-28,1.23E-27,197335,WD repeat domain 90,
PRSS29P,455.2507479,2.121450717,0.194497745,1.06E-28,1.27E-27,123787,"serine protease 29, pseudogene",
MTUS1,3367.65838,1.287221926,0.117370254,1.11E-28,1.33E-27,57509,microtubule associated scaffold protein 1,
ZNF587B,1256.599121,-1.001037649,0.09100763,1.11E-28,1.34E-27,100293516,zinc finger protein 587B,
SOX21,47.77777078,-4.269059443,0.389219812,1.32E-28,1.59E-27,11166,SRY-box transcription factor 21,
SYNC,141.0003122,1.808065697,0.165828343,1.46E-28,1.75E-27,81493,"syncoilin, intermediate filament protein",
STEAP1,1814.508321,-1.210414387,0.110611763,1.50E-28,1.79E-27,26872,STEAP family member 1,
GPR17,78.87064557,2.063518129,0.189253299,1.57E-28,1.87E-27,2840,G protein-coupled receptor 17,
SMOX,1111.426709,-1.11906902,0.102228841,1.66E-28,1.98E-27,54498,spermine oxidase,
ANO9,2474.33837,1.3198585,0.12092638,1.89E-28,2.25E-27,338440,anoctamin 9,
LACC1,155.0979129,1.901247924,0.17499567,1.98E-28,2.36E-27,144811,laccase domain containing 1,
HAUS7,136.944557,-1.562782022,0.143536702,2.00E-28,2.38E-27,55559,HAUS augmin like complex subunit 7,
ERMAP,523.5813744,1.123693753,0.102816888,2.10E-28,2.50E-27,114625,erythroblast membrane associated protein (Scianna blood group),
IGHA1,49.21012122,3.769411347,0.345480664,2.14E-28,2.55E-27,3493,immunoglobulin heavy constant alpha 1,
ZYG11A,325.855612,-1.187244902,0.108820407,2.34E-28,2.78E-27,440590,"zyg-11 family member A, cell cycle regulator",
APOBEC3F,465.0474101,1.036932854,0.094856717,2.37E-28,2.81E-27,200316,apolipoprotein B mRNA editing enzyme catalytic subunit 3F,
C7orf60,345.7730985,1.064249499,0.097469422,2.59E-28,3.07E-27,NA,NA,
RP11-513G11.1,99.72421758,1.764892664,0.162521481,2.67E-28,3.16E-27,NA,NA,
CD320,3556.60714,-1.159242345,0.106630356,3.59E-28,4.24E-27,51293,CD320 molecule,
RSAD2,221.8038669,1.564274362,0.144548069,4.27E-28,5.02E-27,91543,radical S-adenosyl methionine domain containing 2,
RIOK1,895.3721111,-1.031987504,0.094907496,4.35E-28,5.12E-27,83732,RIO kinase 1,
WNK2,87.56252461,-2.178519252,0.202017225,4.36E-28,5.13E-27,65268,WNK lysine deficient protein kinase 2,
LYPD5,218.3071907,1.332001232,0.122999833,5.05E-28,5.94E-27,284348,LY6/PLAUR domain containing 5,
CCDC150,228.7284326,-1.527028461,0.141330605,5.12E-28,6.02E-27,284992,coiled-coil domain containing 150,
HTR3A,99.33133695,2.734673005,0.254182876,5.25E-28,6.16E-27,3359,5-hydroxytryptamine receptor 3A,
COL1A2,3370.66207,1.194398811,0.110223294,5.28E-28,6.19E-27,1278,collagen type I alpha 2 chain,
DNAJC18,330.6103272,1.205373159,0.111360809,5.99E-28,7.03E-27,202052,DnaJ heat shock protein family (Hsp40) member C18,
HES2,316.5022942,1.376363208,0.12740507,6.05E-28,7.09E-27,54626,hes family bHLH transcription factor 2,
C20orf194,936.7066065,1.045936472,0.096567897,7.17E-28,8.40E-27,NA,NA,
IL17RB,174.2573116,-1.404456267,0.130252696,7.40E-28,8.65E-27,55540,interleukin 17 receptor B,
PLXDC1,79.54086069,2.383502166,0.221863338,7.55E-28,8.83E-27,57125,plexin domain containing 1,
EGR1,438.5103305,-3.879131489,0.363327004,7.82E-28,9.13E-27,1958,early growth response 1,
ABCA5,229.5085893,2.386656586,0.222920652,7.97E-28,9.30E-27,23461,ATP binding cassette subfamily A member 5,
RP1-222E13.10,269.2476459,-1.206110319,0.111758817,8.16E-28,9.51E-27,NA,NA,
NUFIP1,297.0196744,-1.038433358,0.096068884,8.89E-28,1.03E-26,26747,nuclear FMR1 interacting protein 1,
ATXN1,1807.048034,1.07534257,0.099559746,9.13E-28,1.06E-26,6310,ataxin 1,
ARVCF,571.7939684,1.523851199,0.141781904,9.35E-28,1.09E-26,421,ARVCF delta catenin family member,
CDKL2,147.3630265,1.458884259,0.135636969,9.92E-28,1.15E-26,8999,cyclin dependent kinase like 2,
FGF13,592.3552683,1.681438837,0.156752129,9.96E-28,1.16E-26,2258,fibroblast growth factor 13,
CDH11,230.4401881,-1.706667039,0.159202325,1.07E-27,1.24E-26,1009,cadherin 11,
ACSS2,2595.851112,1.027571319,0.095285803,1.16E-27,1.34E-26,55902,acyl-CoA synthetase short chain family member 2,
COL9A2,107.3140729,1.804607095,0.168448754,1.22E-27,1.41E-26,1298,collagen type IX alpha 2 chain,
Mar-03,264.1548431,-1.236898992,0.115047953,1.22E-27,1.41E-26,NA,NA,
KIF12,81.23116585,2.418215543,0.226183649,1.28E-27,1.48E-26,113220,kinesin family member 12,
SLC39A3,1051.708942,-1.00666015,0.093423489,1.29E-27,1.49E-26,29985,solute carrier family 39 member 3,
RTKN2,101.2305819,-1.866189337,0.174536979,1.37E-27,1.58E-26,219790,rhotekin 2,
GJB7,275.0256193,1.115168363,0.10372762,1.48E-27,1.71E-26,375519,gap junction protein beta 7,
DUSP4,1339.526644,-1.22896212,0.114546318,1.55E-27,1.78E-26,1846,dual specificity phosphatase 4,
TELO2,2182.865311,-1.444825563,0.135062647,1.65E-27,1.90E-26,9894,telomere maintenance 2,
RRAD,1686.487651,1.231910375,0.115049885,1.99E-27,2.28E-26,6236,"RRAD, Ras related glycolysis inhibitor and calcium channel regulator",
SAT1,3222.903874,1.228434447,0.114679241,1.99E-27,2.29E-26,6303,spermidine/spermine N1-acetyltransferase 1,
HMG20B,6680.495366,1.040773556,0.097032275,2.16E-27,2.47E-26,10362,high mobility group 20B,
RP11-93B14.9,104.9547175,2.233747367,0.209989204,2.28E-27,2.61E-26,NA,NA,
C14orf80,501.7977211,-1.641313659,0.154221534,2.44E-27,2.79E-26,NA,NA,
PRRG4,457.3554838,1.217827394,0.113958542,2.59E-27,2.95E-26,79056,proline rich and Gla domain 4,
SYT5,200.9621329,1.546231085,0.145332972,3.14E-27,3.58E-26,6861,synaptotagmin 5,
ZNF513,303.2257581,1.274025088,0.119667206,3.67E-27,4.17E-26,130557,zinc finger protein 513,
RP11-429G19.2,288.068786,-1.097207948,0.102833623,3.73E-27,4.23E-26,NA,NA,
FPR1,134.9877252,1.863250676,0.176011373,4.44E-27,5.03E-26,2357,formyl peptide receptor 1,
PHYHD1,236.0960496,1.159825944,0.109000159,4.65E-27,5.26E-26,254295,phytanoyl-CoA dioxygenase domain containing 1,
ABAT,234.8498768,1.544165642,0.145670204,4.65E-27,5.26E-26,18,4-aminobutyrate aminotransferase,
ASAP3,882.6265527,1.143950927,0.107521039,4.69E-27,5.30E-26,55616,"ArfGAP with SH3 domain, ankyrin repeat and PH domain 3",
SPRED3,136.8220448,-1.513254229,0.142859581,5.05E-27,5.70E-26,399473,sprouty related EVH1 domain containing 3,
RP11-24F11.5,114.3330372,2.026027958,0.191886256,5.20E-27,5.87E-26,NA,NA,
NRARP,83.52015362,-2.134740148,0.202561274,6.18E-27,6.95E-26,441478,NOTCH regulated ankyrin repeat protein,
CTC-205M6.2,931.3725928,1.005492556,0.094571745,6.25E-27,7.03E-26,NA,NA,
RP11-764E9.1,67.64603721,-2.695414705,0.256718868,8.04E-27,9.02E-26,NA,NA,
PRPH,95.45327704,2.137406294,0.203271113,8.37E-27,9.38E-26,5630,peripherin,
TCF7L1,219.5941658,1.155916496,0.109166341,8.43E-27,9.45E-26,83439,transcription factor 7 like 1,
IFITM1,601.3442969,1.900875283,0.180875292,8.80E-27,9.86E-26,8519,interferon induced transmembrane protein 1,
MYADM,12714.22588,1.150306413,0.108727248,8.89E-27,9.95E-26,91663,myeloid associated differentiation marker,
IPO4,246.9937628,-1.1172067,0.105626375,9.53E-27,1.06E-25,79711,importin 4,
FAXDC2,232.1204263,1.819160378,0.173333611,1.07E-26,1.20E-25,10826,fatty acid hydroxylase domain containing 2,
ZSWIM4,802.3505288,1.364482586,0.129607466,1.16E-26,1.30E-25,65249,zinc finger SWIM-type containing 4,
ATP6AP1L,136.0835634,1.403161526,0.133289576,1.24E-26,1.38E-25,92270,ATPase H+ transporting accessory protein 1 like (pseudogene),
SMAGP,2089.147705,-1.233257767,0.117113767,1.37E-26,1.53E-25,57228,small cell adhesion glycoprotein,
GPAT2,471.2983951,-1.10726642,0.105076601,1.44E-26,1.60E-25,150763,"glycerol-3-phosphate acyltransferase 2, mitochondrial",
DDAH1,1405.060705,1.099002354,0.10429194,1.49E-26,1.65E-25,23576,dimethylarginine dimethylaminohydrolase 1,
CTC-260E6.10,70.65333415,-2.051005162,0.196027665,1.65E-26,1.83E-25,NA,NA,
CCDC146,58.34631773,2.40816053,0.230041533,1.68E-26,1.86E-25,57639,coiled-coil domain containing 146,
LSM6,545.4995599,-1.047080486,0.099438308,1.70E-26,1.88E-25,11157,"LSM6 homolog, U6 small nuclear RNA and mRNA degradation associated",
MSX1,489.4850194,-1.127515857,0.107220425,1.73E-26,1.92E-25,4487,msh homeobox 1,
MYO6,1828.472077,1.126012059,0.107059579,1.81E-26,2.00E-25,4646,myosin VI,
JDP2,940.3988502,1.311480921,0.125027898,1.84E-26,2.03E-25,122953,Jun dimerization protein 2,
COL1A1,25905.41204,1.436397194,0.137145908,1.91E-26,2.11E-25,1277,collagen type I alpha 1 chain,
RP11-204J18.3,125.1056924,-1.567422381,0.149805525,1.92E-26,2.12E-25,NA,NA,
MDC1,2994.577538,-1.24015606,0.11820466,1.94E-26,2.14E-25,9656,mediator of DNA damage checkpoint 1,
PNPLA2,1574.099193,1.126945989,0.107244148,1.95E-26,2.15E-25,57104,patatin like phospholipase domain containing 2,
MRM1,456.6407754,-1.116504891,0.106381261,2.18E-26,2.41E-25,79922,mitochondrial rRNA methyltransferase 1,
GPR161,405.3854802,1.091134802,0.103938385,2.27E-26,2.50E-25,23432,G protein-coupled receptor 161,
FHL2,1666.309704,-1.230633493,0.117694541,2.76E-26,3.03E-25,2274,four and a half LIM domains 2,
FOXL1,296.0834633,-1.353619288,0.129778286,3.07E-26,3.37E-25,2300,forkhead box L1,
DES,54.74139142,2.70031752,0.259529766,3.20E-26,3.51E-25,1674,desmin,
SERTAD3,366.1666191,1.017546897,0.097204837,3.56E-26,3.90E-25,29946,SERTA domain containing 3,
IRS1,2197.190992,-1.082175306,0.103580368,3.79E-26,4.15E-25,3667,insulin receptor substrate 1,
LLGL2,1016.693853,1.337988026,0.128597223,4.44E-26,4.85E-25,3993,LLGL scribble cell polarity complex component 2,
FNDC5,52.45940218,2.715787278,0.262021603,4.71E-26,5.14E-25,252995,fibronectin type III domain containing 5,
DDX60,862.9794171,1.232531825,0.118474615,5.24E-26,5.71E-25,55601,DExD/H-box helicase 60,
RP11-462G12.1,119.474211,1.722664516,0.166289567,5.39E-26,5.86E-25,NA,NA,
DEPTOR,1056.654719,1.780268869,0.17226716,6.03E-26,6.55E-25,64798,DEP domain containing MTOR interacting protein,
RP11-253E3.3,176.6589321,-1.318332416,0.1271685,6.77E-26,7.35E-25,NA,NA,
C1orf115,248.4855191,1.52281986,0.147247525,6.98E-26,7.58E-25,79762,chromosome 1 open reading frame 115,
ZNF850,224.4858861,-1.177877865,0.113450751,7.02E-26,7.61E-25,342892,zinc finger protein 850,
RP11-83N9.5,53.06813313,3.196605262,0.309611114,7.39E-26,8.00E-25,NA,NA,
RP11-774O3.3,199.0263418,1.325288208,0.12800437,7.92E-26,8.55E-25,NA,NA,
C9orf84,1350.25405,1.306009068,0.126233856,8.46E-26,9.14E-25,NA,NA,
SLC19A1,879.8130717,-1.539996002,0.149286103,8.67E-26,9.36E-25,6573,solute carrier family 19 member 1,
S100P,46.37767665,4.091123413,0.395008248,9.38E-26,1.01E-24,6286,S100 calcium binding protein P,
TMEM117,267.4509026,-1.6706321,0.16235329,1.00E-25,1.08E-24,84216,transmembrane protein 117,
MUC3A,127.5592215,1.661966647,0.161521717,1.10E-25,1.18E-24,4584,"mucin 3A, cell surface associated",
CES1P2,67.49221544,-2.428380257,0.236753195,1.14E-25,1.23E-24,390732,carboxylesterase 1 pseudogene 2,
SEMA5B,106.6762771,2.38780463,0.232770211,1.16E-25,1.25E-24,54437,semaphorin 5B,
KRT8,36982.64111,1.041763854,0.100616916,1.16E-25,1.25E-24,3856,keratin 8,
CGNL1,1150.045103,1.106306478,0.106973367,1.18E-25,1.26E-24,84952,cingulin like 1,
PELI1,428.2730863,1.197857501,0.115964467,1.18E-25,1.27E-24,57162,pellino E3 ubiquitin protein ligase 1,
PLXNB1,813.5599892,1.03771483,0.100251907,1.22E-25,1.31E-24,5364,plexin B1,
SYBU,242.6927059,-1.080742099,0.10450074,1.23E-25,1.31E-24,55638,syntabulin,
NCLN,4947.445733,-1.221712838,0.118470366,1.29E-25,1.38E-24,56926,nicalin,
CH507-9B2.5,105.7099014,-1.528785853,0.148695694,1.40E-25,1.49E-24,NA,NA,
GNB3,201.1949369,-1.31675909,0.127953351,1.46E-25,1.56E-24,2784,G protein subunit beta 3,
FAM129B,9704.317052,-1.105744115,0.107241101,1.50E-25,1.60E-24,NA,NA,
L1CAM,1652.431698,1.301117319,0.126496258,1.57E-25,1.68E-24,3897,L1 cell adhesion molecule,
ZNF295-AS1,57.71955548,3.165046887,0.309640851,1.67E-25,1.77E-24,150142,ZNF295 antisense RNA 1,
DENND6B,236.0513255,1.274428752,0.123946361,1.80E-25,1.91E-24,414918,DENN domain containing 6B,
SDF2L1,699.8318217,-1.379797142,0.134483486,1.81E-25,1.92E-24,23753,stromal cell derived factor 2 like 1,
PHLDA3,944.9070115,1.520573421,0.148408932,1.89E-25,2.00E-24,23612,pleckstrin homology like domain family A member 3,
CARD16,172.8717479,1.536825221,0.150127501,2.18E-25,2.31E-24,114769,caspase recruitment domain family member 16,
ICAM2,286.3835473,-1.137385331,0.110735861,2.22E-25,2.35E-24,3384,intercellular adhesion molecule 2,
PLIN4,200.569728,1.172600963,0.114150294,2.25E-25,2.38E-24,729359,perilipin 4,
KRT15,361.2732776,-1.085656146,0.105700658,2.51E-25,2.65E-24,3866,keratin 15,
MAP1LC3A,206.1806432,1.386227651,0.13546356,2.64E-25,2.79E-24,84557,microtubule associated protein 1 light chain 3 alpha,
EFNB3,251.6995666,1.88600471,0.18508257,2.65E-25,2.79E-24,1949,ephrin B3,
MAN1A1,551.3673767,1.052634369,0.102592733,2.95E-25,3.10E-24,4121,mannosidase alpha class 1A member 1,
SERPINF2,78.18323786,2.045972652,0.201085325,3.46E-25,3.64E-24,5345,serpin family F member 2,
WNT9A,4571.440614,-1.42688548,0.1400688,3.64E-25,3.83E-24,7483,Wnt family member 9A,
KCNH2,83.14421381,2.278269731,0.224411017,3.87E-25,4.07E-24,3757,potassium voltage-gated channel subfamily H member 2,
TPPP3,174.0426912,1.29945121,0.127405749,4.20E-25,4.41E-24,51673,tubulin polymerization promoting protein family member 3,
RNF157,203.2760695,-1.221772686,0.120054825,5.43E-25,5.67E-24,114804,ring finger protein 157,
STARD4,689.0443445,1.527557197,0.150759471,5.86E-25,6.11E-24,134429,StAR related lipid transfer domain containing 4,
PODNL1,78.91790908,1.842725293,0.181918886,6.02E-25,6.28E-24,79883,podocan like 1,
ARHGEF26,990.6923568,-1.040878341,0.102145843,6.13E-25,6.39E-24,26084,Rho guanine nucleotide exchange factor 26,
BAIAP3,203.3171914,1.315349548,0.129549645,6.29E-25,6.54E-24,8938,BAI1 associated protein 3,
EFEMP2,329.6680986,1.162044086,0.114337463,6.73E-25,6.99E-24,30008,EGF containing fibulin extracellular matrix protein 2,
RP11-100G15.7,39.4770596,3.36097887,0.331218297,6.99E-25,7.26E-24,NA,NA,
B3GNT8,56.19138278,3.160743769,0.313589849,7.39E-25,7.66E-24,374907,"UDP-GlcNAc:betaGal beta-1,3-N-acetylglucosaminyltransferase 8",
HIST1H3E,143.9345792,1.405796699,0.138770237,7.50E-25,7.77E-24,NA,NA,
CORO2B,170.9480696,-2.103291385,0.209065291,7.55E-25,7.83E-24,10391,coronin 2B,
CHST6,490.5626934,-1.151778977,0.113538863,8.17E-25,8.46E-24,4166,carbohydrate sulfotransferase 6,
BBOF1,311.929817,1.240756134,0.122420546,8.25E-25,8.53E-24,80127,basal body orientation factor 1,
ALDH1L1,113.4164959,1.761231465,0.17466264,8.46E-25,8.75E-24,10840,aldehyde dehydrogenase 1 family member L1,
CCDC3,2889.394306,1.292897427,0.127779009,9.02E-25,9.32E-24,83643,coiled-coil domain containing 3,
EPHA10,384.9905971,1.225881455,0.121057097,9.03E-25,9.33E-24,284656,EPH receptor A10,
SOD3,401.2356819,1.697636208,0.168492979,9.43E-25,9.73E-24,6649,superoxide dismutase 3,
ORAI1,815.6404727,-1.242178758,0.122964445,1.09E-24,1.12E-23,84876,ORAI calcium release-activated calcium modulator 1,
TMEM53,248.2585209,1.257852494,0.124491403,1.12E-24,1.16E-23,79639,transmembrane protein 53,
KALRN,396.7252936,-1.507347138,0.149729331,1.20E-24,1.24E-23,8997,kalirin RhoGEF kinase,
FKBP1B,123.2902225,1.646874761,0.163821823,1.35E-24,1.39E-23,2281,FKBP prolyl isomerase 1B,
CLIC2,221.6797552,1.396047882,0.138784229,1.56E-24,1.60E-23,1193,chloride intracellular channel 2,
LINC00294,340.4541073,1.048790538,0.103946185,1.70E-24,1.74E-23,283267,long intergenic non-protein coding RNA 294,
RP3-395M20.8,61.73455833,2.209159268,0.220735515,1.84E-24,1.88E-23,NA,NA,
CORO6,595.4945837,1.073726354,0.106582283,1.90E-24,1.94E-23,84940,coronin 6,
GDPD3,121.9999214,1.425774357,0.142091442,1.99E-24,2.03E-23,79153,glycerophosphodiester phosphodiesterase domain containing 3,
PIK3C2B,752.5180571,1.015430496,0.100772447,2.11E-24,2.15E-23,5287,phosphatidylinositol-4-phosphate 3-kinase catalytic subunit type 2 beta,
RHEBL1,197.6635605,-1.464586949,0.146349359,2.17E-24,2.21E-23,121268,RHEB like 1,
NPR2,394.2225866,1.260703379,0.12566292,2.24E-24,2.28E-23,4882,natriuretic peptide receptor 2,
TMEM97,2192.905966,-1.021991258,0.101516694,2.28E-24,2.32E-23,27346,transmembrane protein 97,
APBA1,413.9955325,1.024765275,0.1018275,2.37E-24,2.40E-23,320,amyloid beta precursor protein binding family A member 1,
ERICH5,66.56417761,2.053602351,0.205793242,2.58E-24,2.62E-23,203111,glutamate rich 5,
TNS2,962.579517,1.118005183,0.111391654,2.65E-24,2.69E-23,23371,tensin 2,
PDK2,687.7168774,1.106345682,0.110305692,2.96E-24,2.99E-23,5164,pyruvate dehydrogenase kinase 2,
CLMP,942.6523799,-1.177079622,0.117558686,3.02E-24,3.05E-23,79827,CXADR like membrane protein,
CACTIN-AS1,73.10975006,1.933759974,0.194117764,3.02E-24,3.06E-23,404665,CACTIN antisense RNA 1,
CLU,4381.631715,1.039648425,0.10358481,3.08E-24,3.11E-23,1191,clusterin,
KRT7,112622.4163,1.017705361,0.10115329,3.35E-24,3.38E-23,3855,keratin 7,
SIVA1,2118.163419,-1.278179445,0.127987494,3.37E-24,3.40E-23,10572,SIVA1 apoptosis inducing factor,
ADGRG6,3002.450367,-1.032387053,0.103107218,3.81E-24,3.84E-23,57211,adhesion G protein-coupled receptor G6,
DBP,182.1026245,2.036801339,0.205418933,3.98E-24,4.01E-23,1628,D-box binding PAR bZIP transcription factor,
ARHGEF25,395.5647754,1.030244088,0.103136676,4.75E-24,4.75E-23,115557,Rho guanine nucleotide exchange factor 25,
RARRES2,82.59699954,2.306535773,0.233096128,4.76E-24,4.76E-23,5919,retinoic acid receptor responder 2,
HCN3,313.1783935,1.220724077,0.122547276,4.91E-24,4.91E-23,57657,hyperpolarization activated cyclic nucleotide gated potassium channel 3,
RP11-857B24.1,74.46355544,-2.074491721,0.209681778,5.04E-24,5.04E-23,NA,NA,
OVOL1,240.6216332,1.283328128,0.128989108,5.13E-24,5.13E-23,5017,ovo like transcriptional repressor 1,
COL8A2,60.46401943,2.217559856,0.224096557,5.80E-24,5.78E-23,1296,collagen type VIII alpha 2 chain,
SLC16A5,674.7319461,1.173450623,0.11792313,5.83E-24,5.80E-23,9121,solute carrier family 16 member 5,
CCDC85B,1167.8516,-1.481975216,0.149722483,6.54E-24,6.51E-23,11007,coiled-coil domain containing 85B,
MCHR1,64.50648383,3.051374282,0.309521683,6.72E-24,6.68E-23,2847,melanin concentrating hormone receptor 1,
RP11-242J7.1,44.69378019,2.759049213,0.279200292,7.06E-24,7.01E-23,NA,NA,
LYRM9,97.10090233,1.684673187,0.17047795,7.14E-24,7.09E-23,201229,LYR motif containing 9,
CTD-3014M21.4,140.3956156,1.351517272,0.136387579,7.61E-24,7.55E-23,NA,NA,
BTN2A2,551.0443762,1.11766478,0.112530346,7.67E-24,7.61E-23,10385,butyrophilin subfamily 2 member A2,
ITGB8,82.47415808,2.087112124,0.211845064,7.97E-24,7.90E-23,3696,integrin subunit beta 8,
CTA-29F11.1,176.3390171,-1.153993039,0.116313017,8.23E-24,8.16E-23,NA,NA,
RGS20,573.0556219,-1.270356493,0.128493799,9.14E-24,9.04E-23,8601,regulator of G protein signaling 20,
C14orf1,3211.920505,1.119062222,0.112927398,9.41E-24,9.31E-23,NA,NA,
IDO1,43.09434164,4.535306428,0.456327163,9.47E-24,9.36E-23,3620,"indoleamine 2,3-dioxygenase 1",
AC034193.5,267.7663136,-1.589730127,0.16136383,9.74E-24,9.62E-23,NA,NA,
ZDHHC8P,135.3896774,1.702232454,0.172931539,1.03E-23,1.02E-22,NA,NA,
VSIR,1245.627635,1.361373863,0.137954331,1.04E-23,1.03E-22,64115,V-set immunoregulatory receptor,
RP11-254F7.2,176.4841908,1.458508856,0.147942376,1.06E-23,1.04E-22,NA,NA,
HS6ST2,389.001043,-1.052477948,0.10632853,1.15E-23,1.13E-22,90161,heparan sulfate 6-O-sulfotransferase 2,
SMPDL3B,286.4034483,1.002909358,0.10125724,1.22E-23,1.20E-22,27293,sphingomyelin phosphodiesterase acid like 3B,
TSPAN8,82.85635366,2.377919357,0.242727161,1.24E-23,1.22E-22,7103,tetraspanin 8,
LRRC75B,284.8687573,1.45888045,0.148264084,1.26E-23,1.23E-22,388886,leucine rich repeat containing 75B,
AC007228.11,231.7729245,1.046689496,0.105849521,1.35E-23,1.32E-22,NA,NA,
SLC8A2,44.99610508,3.062193275,0.311680072,1.36E-23,1.33E-22,6543,solute carrier family 8 member A2,
CDKL5,505.6932593,1.075382337,0.108871156,1.40E-23,1.37E-22,6792,cyclin dependent kinase like 5,
CCL2,204.9624255,1.780656267,0.181711829,1.44E-23,1.41E-22,6347,C-C motif chemokine ligand 2,
THBD,147.6758837,-1.327094439,0.134891641,1.44E-23,1.41E-22,7056,thrombomodulin,
AC017104.6,90.40092501,1.676095007,0.170742168,1.45E-23,1.42E-22,NA,NA,
RNF103-CHMP3,49.92577561,2.428929059,0.247711312,1.51E-23,1.48E-22,100526767,RNF103-CHMP3 readthrough,
CRB3,209.2912322,1.627179381,0.166149397,1.71E-23,1.66E-22,92359,crumbs cell polarity complex component 3,
PHLDA2,572.4234603,-3.004992701,0.309369988,1.73E-23,1.69E-22,7262,pleckstrin homology like domain family A member 2,
PLCB2,52.86919338,-2.22383524,0.227712026,2.05E-23,2.00E-22,5330,phospholipase C beta 2,
CTD-2313J17.5,76.97445429,2.036944245,0.208830952,2.13E-23,2.07E-22,NA,NA,
CXXC5,2015.227563,1.127227691,0.114782765,2.34E-23,2.27E-22,51523,CXXC finger protein 5,
NOC4L,1290.110733,-1.203234231,0.122668101,2.44E-23,2.37E-22,79050,nucleolar complex associated 4 homolog,
C7orf57,212.4747732,1.388452786,0.142173085,2.80E-23,2.71E-22,136288,chromosome 7 open reading frame 57,
C4orf33,351.5803335,1.133991336,0.115883278,3.15E-23,3.05E-22,132321,chromosome 4 open reading frame 33,
IRS2,831.414061,1.166334581,0.119350853,3.46E-23,3.34E-22,8660,insulin receptor substrate 2,
STK31,151.9548385,1.383221649,0.141903175,3.50E-23,3.38E-22,56164,serine/threonine kinase 31,
SCN1B,354.9535655,1.453757247,0.149407313,3.64E-23,3.51E-22,6324,sodium voltage-gated channel beta subunit 1,
XYLB,577.5699176,-1.162686781,0.11916338,3.99E-23,3.85E-22,9942,xylulokinase,
SH3BP1,81.52743591,-2.080340397,0.214903656,4.13E-23,3.98E-22,23616,SH3 domain binding protein 1,
ZNF425,217.8185208,1.124134919,0.115172246,4.28E-23,4.11E-22,155054,zinc finger protein 425,
NYAP2,81.50792409,2.293330541,0.236879765,4.29E-23,4.12E-22,57624,neuronal tyrosine-phosphorylated phosphoinositide-3-kinase adaptor 2,
PUS1,1773.191433,-1.138213996,0.116841352,4.90E-23,4.69E-22,80324,pseudouridine synthase 1,
CMPK2,286.3630595,1.211436799,0.12458341,5.30E-23,5.07E-22,129607,cytidine/uridine monophosphate kinase 2,
TRMT61A,2093.919222,-1.146958514,0.118409496,7.96E-23,7.59E-22,115708,tRNA methyltransferase 61A,
ARNTL2,2309.028083,-1.006414014,0.103652796,7.99E-23,7.62E-22,NA,NA,
DPY19L2P2,127.4915291,-1.407863667,0.145823011,8.56E-23,8.14E-22,349152,DPY19L2 pseudogene 2,
CTD-2619J13.13,50.84491539,3.632678346,0.378484844,1.00E-22,9.53E-22,NA,NA,
IL1RAPL1,327.2992275,-1.09061975,0.112789471,1.05E-22,1.00E-21,11141,interleukin 1 receptor accessory protein like 1,
RP11-806O11.1,52.47164869,2.504660894,0.261193173,1.07E-22,1.01E-21,NA,NA,
HAS2,595.989429,-1.531770119,0.15954853,1.12E-22,1.07E-21,3037,hyaluronan synthase 2,
SPACA6,186.337895,1.227190875,0.127384884,1.29E-22,1.22E-21,147650,sperm acrosome associated 6,
XAF1,405.0708454,1.166065974,0.121135563,1.42E-22,1.34E-21,54739,XIAP associated factor 1,
SCIN,43.50006752,2.75631826,0.287869701,1.48E-22,1.39E-21,85477,scinderin,
JPH1,611.1819884,-1.048082894,0.108831317,1.59E-22,1.50E-21,56704,junctophilin 1,
COL17A1,516.6776346,-1.202813017,0.125240053,1.62E-22,1.53E-21,1308,collagen type XVII alpha 1 chain,
CADM1,977.4894581,1.622823556,0.169844833,1.71E-22,1.61E-21,23705,cell adhesion molecule 1,
CILP2,2091.55006,-1.196672762,0.124873852,1.72E-22,1.62E-21,148113,cartilage intermediate layer protein 2,
SELENBP1,1600.239132,1.250224293,0.130289322,1.77E-22,1.67E-21,8991,selenium binding protein 1,
RP11-381E24.1,57.71412751,-2.645204189,0.278006445,1.79E-22,1.69E-21,NA,NA,
IGFL1P1,68.01230923,6.558741442,0.66740187,1.83E-22,1.71E-21,727703,IGF like family member 1 pseudogene 1,
IGFN1,1350.308908,1.532165209,0.160372158,1.87E-22,1.75E-21,91156,immunoglobulin like and fibronectin type III domain containing 1,
BATF3,113.4021574,-1.401337769,0.146480881,1.98E-22,1.86E-21,55509,basic leucine zipper ATF-like transcription factor 3,
PRKDC,13191.64029,-1.154095961,0.120352223,2.05E-22,1.92E-21,5591,"protein kinase, DNA-activated, catalytic subunit",
SLC25A32,1191.208689,-1.061383692,0.110562465,2.08E-22,1.95E-21,81034,solute carrier family 25 member 32,
LBX2-AS1,180.5677489,1.289743861,0.134979992,2.50E-22,2.33E-21,151534,LBX2 antisense RNA 1,
RP11-121L10.3,137.1235886,-1.507255391,0.158311433,2.56E-22,2.38E-21,NA,NA,
GAREM2,197.5679985,-1.15221804,0.120511288,2.80E-22,2.61E-21,150946,GRB2 associated regulator of MAPK1 subtype 2,
FAM222A,94.60417717,-1.845345197,0.194523285,2.80E-22,2.61E-21,84915,family with sequence similarity 222 member A,
INSL3,56.46141114,2.272303236,0.239488912,2.90E-22,2.70E-21,3640,insulin like 3,
TPRA1,3595.890811,1.063048102,0.111091683,2.94E-22,2.73E-21,131601,transmembrane protein adipocyte associated 1,
KLF9,345.4240744,1.117729931,0.116900825,2.96E-22,2.75E-21,687,KLF transcription factor 9,
XXbac-BPG24O18.1,291.1316475,1.039423418,0.108583896,2.96E-22,2.75E-21,NA,NA,
CTSS,675.3396129,1.667596527,0.175701329,2.98E-22,2.77E-21,1520,cathepsin S,
NGF,57.70918102,-2.141873525,0.226173385,3.44E-22,3.18E-21,4803,nerve growth factor,
CYBRD1,82.59756058,2.506678819,0.265669211,3.87E-22,3.58E-21,79901,cytochrome b reductase 1,
GRIN2A,415.256097,1.751018422,0.185392034,4.46E-22,4.13E-21,2903,glutamate ionotropic receptor NMDA type subunit 2A,
PTPN22,133.7043523,-1.624048706,0.171635878,4.49E-22,4.15E-21,26191,protein tyrosine phosphatase non-receptor type 22,
RP11-967K21.1,75.62304449,1.855391012,0.196435743,4.74E-22,4.38E-21,NA,NA,
C1orf54,58.4209696,2.108436877,0.223518787,5.18E-22,4.78E-21,79630,chromosome 1 open reading frame 54,
QPRT,1685.920234,1.461555135,0.154570264,5.20E-22,4.79E-21,23475,quinolinate phosphoribosyltransferase,
LRRCC1,1039.110576,-1.042197967,0.109679947,5.55E-22,5.11E-21,85444,leucine rich repeat and coiled-coil centrosomal protein 1,
ARHGAP20,221.2628899,1.471333687,0.15571042,5.66E-22,5.21E-21,57569,Rho GTPase activating protein 20,
P2RX5,596.4190782,-1.034062951,0.108902718,5.98E-22,5.49E-21,5026,purinergic receptor P2X 5,
RP11-520H14.6,86.21584646,1.833431855,0.194856218,6.45E-22,5.93E-21,NA,NA,
FAM86HP,200.1219501,-1.179923879,0.124660836,6.55E-22,6.01E-21,729375,"family with sequence similarity 86, member A pseudogene",
RP11-10O17.2,122.8047634,-1.46116087,0.154974895,7.00E-22,6.41E-21,NA,NA,
PIPOX,62.40398066,1.951937419,0.207644598,7.48E-22,6.85E-21,51268,pipecolic acid and sarcosine oxidase,
SAC3D1,482.7565852,-1.285585842,0.136424956,8.30E-22,7.58E-21,29901,SAC3 domain containing 1,
CATSPERG,49.16047947,2.370790008,0.252749492,8.91E-22,8.13E-21,57828,cation channel sperm associated auxiliary subunit gamma,
MAP3K7CL,265.3460915,1.054060626,0.111519895,9.15E-22,8.35E-21,56911,MAP3K7 C-terminal like,
IRF7,597.5451325,1.763854993,0.188388185,9.40E-22,8.58E-21,3665,interferon regulatory factor 7,
JAKMIP1,64.25106962,-2.073316346,0.221507487,9.65E-22,8.80E-21,152789,janus kinase and microtubule interacting protein 1,
RP11-316M24.1,202.3316982,1.191885203,0.126527916,1.04E-21,9.50E-21,NA,NA,
ZNF436,894.5612499,1.021191083,0.10839495,1.30E-21,1.18E-20,80818,zinc finger protein 436,
CTA-941F9.9,131.403954,-1.383476774,0.147673045,1.33E-21,1.20E-20,NA,NA,
IDUA,265.0307743,1.009715815,0.107180302,1.34E-21,1.21E-20,3425,alpha-L-iduronidase,
DUS3L,1991.896874,-1.04570845,0.111141921,1.36E-21,1.23E-20,56931,dihydrouridine synthase 3 like,
LAMP3,184.0771051,1.208484898,0.128790749,1.45E-21,1.31E-20,27074,lysosomal associated membrane protein 3,
RP11-37B2.1,335.0869484,1.169924696,0.124896727,1.70E-21,1.53E-20,NA,NA,
PAQR6,379.3516943,1.002255816,0.106708906,1.72E-21,1.55E-20,79957,progestin and adipoQ receptor family member 6,
BARX2,171.6737768,-1.288487371,0.137850894,1.74E-21,1.57E-20,8538,BARX homeobox 2,
DLX4,88.35098394,1.792628021,0.192598064,1.75E-21,1.57E-20,1748,distal-less homeobox 4,
PLEKHB1,165.5451324,1.419690251,0.152229068,1.93E-21,1.73E-20,58473,pleckstrin homology domain containing B1,
ZC3H12A,345.997105,1.033032014,0.110281984,2.09E-21,1.87E-20,80149,zinc finger CCCH-type containing 12A,
ADAM8,450.3143462,-1.081683714,0.115626462,2.12E-21,1.90E-20,101,ADAM metallopeptidase domain 8,
PRRT2,60.16993962,1.997681518,0.215638654,2.62E-21,2.34E-20,112476,proline rich transmembrane protein 2,
MIEF2,951.1211246,1.058458271,0.113330696,2.63E-21,2.35E-20,125170,mitochondrial elongation factor 2,
RAB6B,422.0679728,1.006163719,0.10765222,2.73E-21,2.43E-20,51560,"RAB6B, member RAS oncogene family",
RP11-845M18.1,112.0877977,1.422025601,0.153410412,3.32E-21,2.95E-20,NA,NA,
TNFSF14,49.4173129,2.524071507,0.273477231,3.42E-21,3.05E-20,8740,TNF superfamily member 14,
RIPK3,42.53894786,2.558621382,0.277216386,3.46E-21,3.08E-20,11035,receptor interacting serine/threonine kinase 3,
MYO15A,74.37312317,1.769752714,0.191539115,3.57E-21,3.17E-20,51168,myosin XVA,
AGMAT,190.4110332,-1.11941831,0.120404443,3.58E-21,3.18E-20,79814,agmatinase (putative),
CCDC126,361.3769922,1.082737086,0.116452066,3.75E-21,3.33E-20,90693,coiled-coil domain containing 126,
C19orf57,241.2172495,-1.201608066,0.12970428,4.34E-21,3.85E-20,NA,NA,
AC074117.12,134.4018922,1.281950687,0.138540774,4.48E-21,3.97E-20,NA,NA,
RP11-326C3.2,180.1442883,1.586178274,0.172175004,4.51E-21,3.99E-20,NA,NA,
SYT15,53.85906993,2.236365277,0.243125315,4.54E-21,4.02E-20,83849,synaptotagmin 15,
TFEB,220.5186033,1.478502185,0.160291987,4.67E-21,4.14E-20,7942,transcription factor EB,
GRIN1,135.7665745,-1.304598324,0.141157235,4.80E-21,4.24E-20,2902,glutamate ionotropic receptor NMDA type subunit 1,
IRF9,112.8938216,1.376157113,0.148961794,4.86E-21,4.29E-20,10379,interferon regulatory factor 9,
C20orf100,998.2879249,-1.273116645,0.137865193,4.91E-21,4.33E-20,NA,NA,
RAB3IP,633.2799582,1.132928372,0.122419506,5.14E-21,4.54E-20,117177,RAB3A interacting protein,
RP11-553A10.1,78.65548079,1.745888899,0.189940802,5.49E-21,4.84E-20,NA,NA,
ACVRL1,54.34122788,2.424246293,0.264560404,5.77E-21,5.08E-20,94,activin A receptor like type 1,
AC104794.5,34.70022781,-3.064173642,0.333578992,5.97E-21,5.26E-20,NA,NA,
KLHDC9,156.3445716,1.267181705,0.137340806,6.05E-21,5.33E-20,126823,kelch domain containing 9,
AC007040.11,34.06982181,-2.884880954,0.314080485,6.10E-21,5.36E-20,NA,NA,
SEMA4G,188.3076565,1.137315668,0.123046838,6.12E-21,5.38E-20,57715,semaphorin 4G,
GADD45B,4228.1124,1.084941272,0.117360491,6.17E-21,5.42E-20,4616,growth arrest and DNA damage inducible beta,
SLC5A4,255.262317,1.187643295,0.128671984,6.19E-21,5.44E-20,6527,solute carrier family 5 member 4,
NR1D1,260.3492748,-1.060226905,0.114723676,6.70E-21,5.87E-20,9572,nuclear receptor subfamily 1 group D member 1,
RP4-568C11.4,481.7587716,1.129917201,0.122439279,6.74E-21,5.91E-20,NA,NA,
GCGR,50.23276766,2.285913078,0.249890753,6.97E-21,6.10E-20,2642,glucagon receptor,
RGAG4,287.4338313,1.583665665,0.172785985,7.12E-21,6.23E-20,NA,NA,
NOL12,202.5346142,-1.258313036,0.136858914,7.37E-21,6.44E-20,79159,nucleolar protein 12,
PCDHB15,432.6886066,1.09331965,0.118638643,8.08E-21,7.05E-20,56121,protocadherin beta 15,
C2orf16,205.7553834,1.169580168,0.12709391,8.09E-21,7.06E-20,NA,NA,
BPIFB4,36.07517013,4.648833645,0.501247357,8.33E-21,7.26E-20,149954,BPI fold containing family B member 4,
IKZF3,99.94276844,-1.56771004,0.171351254,8.40E-21,7.32E-20,22806,IKAROS family zinc finger 3,
AC073846.5,36.44222797,3.051900979,0.333837953,9.11E-21,7.93E-20,NA,NA,
RP6-99M1.2,291.5960916,-1.197842668,0.130610279,9.80E-21,8.51E-20,NA,NA,
ANXA9,209.6069863,1.335828446,0.145842194,9.99E-21,8.67E-20,8416,annexin A9,
C10orf95,54.89070022,2.600329249,0.286463536,1.18E-20,1.02E-19,79946,chromosome 10 open reading frame 95,
PPAN,248.2049849,-1.367455974,0.149786654,1.20E-20,1.04E-19,56342,peter pan homolog,
HIST1H2BJ,117.1328572,-1.340330127,0.146752415,1.28E-20,1.11E-19,NA,NA,
TRABD2A,950.5202411,-1.065050067,0.116318217,1.42E-20,1.23E-19,129293,TraB domain containing 2A,
RP11-857B24.5,396.9395707,-1.163161488,0.127360179,1.51E-20,1.30E-19,NA,NA,
RAB42,108.6579396,1.476239352,0.162227763,1.55E-20,1.33E-19,115273,"RAB42, member RAS oncogene family",
UNC5A,97.41384102,-1.591020331,0.175316111,1.72E-20,1.48E-19,90249,unc-5 netrin receptor A,
CDKL1,132.3196938,-1.211495762,0.132892398,1.75E-20,1.51E-19,8814,cyclin dependent kinase like 1,
ABC7-42404400C24.1,53.37866506,2.080393673,0.229660484,1.77E-20,1.52E-19,NA,NA,
RELT,416.0562661,-1.088387246,0.119304892,1.83E-20,1.57E-19,84957,RELT TNF receptor,
NACAD,186.0305991,1.274165176,0.140115343,2.00E-20,1.71E-19,23148,NAC alpha domain containing,
KIF21B,226.4468704,-1.457573652,0.160866962,2.11E-20,1.81E-19,23046,kinesin family member 21B,
XXbac-BPG181B23.7,95.08207405,1.43242557,0.157900693,2.15E-20,1.84E-19,NA,NA,
AP000609.2,149.5610679,1.143865174,0.125633387,2.16E-20,1.85E-19,NA,NA,
RP11-511P7.5,169.1667919,1.074388572,0.117941675,2.30E-20,1.97E-19,NA,NA,
TNFSF10,49.90180667,3.015680333,0.334574254,2.34E-20,2.00E-19,8743,TNF superfamily member 10,
CTD-2335A18.1,50.72633558,2.160947821,0.239434067,2.44E-20,2.09E-19,NA,NA,
VAMP5,66.75568498,2.083488905,0.231380001,2.53E-20,2.16E-19,10791,vesicle associated membrane protein 5,
CD83,206.0241829,-1.430698639,0.158248012,2.55E-20,2.18E-19,9308,CD83 molecule,
ASRGL1,215.4827225,-1.13171757,0.124673653,2.65E-20,2.26E-19,80150,asparaginase and isoaspartyl peptidase 1,
DMRT2,93.8084411,-1.838547473,0.204322225,2.66E-20,2.27E-19,10655,doublesex and mab-3 related transcription factor 2,
NAGS,256.8133066,-1.083060906,0.119301159,2.80E-20,2.39E-19,162417,N-acetylglutamate synthase,
BTBD8,148.8150728,1.192635385,0.131579021,2.96E-20,2.52E-19,284697,BTB domain containing 8,
MRPS12,1406.702674,-1.025250679,0.112940141,3.09E-20,2.63E-19,6183,mitochondrial ribosomal protein S12,
MED30,201.1370006,-1.070801612,0.118090069,3.31E-20,2.82E-19,90390,mediator complex subunit 30,
FNDC4,372.653621,1.424623112,0.158086164,3.37E-20,2.86E-19,64838,fibronectin type III domain containing 4,
DRAXIN,141.3137604,1.204570693,0.133193446,3.45E-20,2.93E-19,374946,dorsal inhibitory axon guidance protein,
ZNF519,128.553212,-1.281716011,0.141899363,3.52E-20,2.99E-19,162655,zinc finger protein 519,
SLC7A8,243.8130483,3.599373023,0.404511295,3.61E-20,3.06E-19,23428,solute carrier family 7 member 8,
RP11-617F23.1,110.3042736,1.422699099,0.157811582,3.62E-20,3.07E-19,NA,NA,
RP11-100G15.11,35.9244146,3.07693133,0.342556796,3.63E-20,3.07E-19,NA,NA,
SEMA6C,411.9558223,1.14986747,0.127418638,4.36E-20,3.68E-19,10500,semaphorin 6C,
RASGEF1B,72.13733179,1.950789171,0.218095046,4.64E-20,3.91E-19,153020,RasGEF domain family member 1B,
AEBP1,37.47073874,2.802687443,0.312859253,4.81E-20,4.06E-19,165,AE binding protein 1,
NTN5,62.30337819,1.82418864,0.20365716,4.87E-20,4.11E-19,126147,netrin 5,
KPNA7,283.1233566,1.533440693,0.171353175,5.26E-20,4.43E-19,402569,karyopherin subunit alpha 7,
YDJC,1803.165671,-1.073303031,0.119158628,5.33E-20,4.50E-19,150223,YdjC chitooligosaccharide deacetylase homolog,
IGHE,386.9489655,3.034460227,0.342269269,5.36E-20,4.52E-19,3497,immunoglobulin heavy constant epsilon,
EXOSC4,589.2368111,-1.009509622,0.112010958,5.71E-20,4.80E-19,54512,exosome component 4,
SCD,8831.944105,1.040187263,0.115532673,6.32E-20,5.31E-19,6319,stearoyl-CoA desaturase,
TIGAR,674.3171585,-1.275245343,0.142407182,6.48E-20,5.45E-19,57103,TP53 induced glycolysis regulatory phosphatase,
EEF1AKMT4,542.7497942,-1.007024275,0.112061348,7.27E-20,6.11E-19,110599564,EEF1A lysine methyltransferase 4,
CYP2E1,277.0390106,1.035696949,0.115359176,7.59E-20,6.37E-19,1571,cytochrome P450 family 2 subfamily E member 1,
VASN,2663.714796,1.446730008,0.162652802,9.55E-20,8.00E-19,114990,vasorin,
RP11-280G9.1,30.80080015,-3.097328965,0.348359454,9.63E-20,8.06E-19,NA,NA,
NFAM1,88.88581914,1.467892905,0.164852363,9.69E-20,8.10E-19,150372,NFAT activating protein with ITAM motif 1,
SSSCA1,1070.754942,-1.081944196,0.121119771,1.06E-19,8.89E-19,NA,NA,
NTHL1,922.1342076,-1.138283327,0.127795567,1.22E-19,1.02E-18,4913,nth like DNA glycosylase 1,
PDE7B,100.4778132,2.206559479,0.250317663,1.24E-19,1.03E-18,27115,phosphodiesterase 7B,
WDR31,196.3706674,1.106852888,0.124148964,1.26E-19,1.05E-18,114987,WD repeat domain 31,
CLIP3,76.08874021,1.66264809,0.187718271,1.29E-19,1.07E-18,25999,CAP-Gly domain containing linker protein 3,
RP11-295K3.1,62.3762105,2.507590709,0.284713892,1.35E-19,1.12E-18,NA,NA,
HIST1H3H,204.9965912,1.179240396,0.132622414,1.44E-19,1.19E-18,NA,NA,
RARRES3,123.8718204,1.667489141,0.188727155,1.44E-19,1.19E-18,NA,NA,
TMEM255A,122.8266986,1.476000887,0.166710418,1.45E-19,1.21E-18,55026,transmembrane protein 255A,
LCA5,161.1044214,1.17301173,0.132025946,1.53E-19,1.27E-18,167691,lebercilin LCA5,
ZNF695,77.83006465,-1.707551408,0.193597971,1.56E-19,1.29E-18,57116,zinc finger protein 695,
ANKLE1,130.7556815,-1.870995666,0.212729627,1.61E-19,1.34E-18,126549,ankyrin repeat and LEM domain containing 1,
CPQ,183.4799456,1.185528106,0.133757578,1.84E-19,1.52E-18,10404,carboxypeptidase Q,
ATP6V0A4,49.05450104,2.279755279,0.259549711,2.01E-19,1.66E-18,50617,ATPase H+ transporting V0 subunit a4,
SBK3,106.8891456,1.402413687,0.158886823,2.01E-19,1.66E-18,100130827,SH3 domain binding kinase family member 3,
BFSP1,335.4654437,1.194854689,0.13517539,2.19E-19,1.80E-18,631,beaded filament structural protein 1,
KCNQ5,387.6987033,-1.096040398,0.123813433,2.20E-19,1.81E-18,56479,potassium voltage-gated channel subfamily Q member 5,
CRYAB,32.01469637,4.612688499,0.517553391,2.43E-19,2.00E-18,1410,crystallin alpha B,
MON1A,761.785324,-1.02465487,0.115802998,2.47E-19,2.03E-18,84315,"MON1 homolog A, secretory trafficking associated",
CTSH,1775.22161,1.089579749,0.123392983,2.71E-19,2.22E-18,1512,cathepsin H,
C19orf38,79.44911668,1.622549672,0.185035331,2.82E-19,2.30E-18,255809,chromosome 19 open reading frame 38,
RNF224,160.1484799,1.270360019,0.144398038,2.82E-19,2.31E-18,643596,ring finger protein 224,
PSD2,57.06628814,1.922635949,0.219892742,3.11E-19,2.54E-18,84249,pleckstrin and Sec7 domain containing 2,
ATL1,487.4274247,1.132745232,0.128625094,3.16E-19,2.58E-18,51062,atlastin GTPase 1,
NPR1,168.9085102,1.782288012,0.204326644,3.35E-19,2.73E-18,4881,natriuretic peptide receptor 1,
JMY,919.6806561,1.116350346,0.126908311,3.53E-19,2.87E-18,133746,"junction mediating and regulatory protein, p53 cofactor",
MOV10L1,42.74038208,2.996801499,0.344831637,3.79E-19,3.08E-18,54456,Mov10 like RNA helicase 1,
MCOLN2,85.15932401,-1.474342399,0.168968673,4.61E-19,3.74E-18,255231,mucolipin TRP cation channel 2,
GPR19,85.56102276,-1.764115232,0.203285395,5.17E-19,4.18E-18,2842,G protein-coupled receptor 19,
ULBP1,316.2224011,1.019306217,0.116212549,5.24E-19,4.23E-18,80329,UL16 binding protein 1,
RP11-478B9.3,38.20013487,-2.357935103,0.272034886,5.72E-19,4.61E-18,NA,NA,
DPP4,1161.158169,2.183338696,0.253701012,7.04E-19,5.66E-18,1803,dipeptidyl peptidase 4,
CTD-2562J17.6,290.068923,1.037846044,0.118877143,7.25E-19,5.82E-18,NA,NA,
GLIS2,329.6765049,1.043596292,0.119626263,7.47E-19,5.99E-18,84662,GLIS family zinc finger 2,
RP11-263K19.9,109.6068265,1.399502686,0.16137552,7.50E-19,6.02E-18,NA,NA,
NEBL,390.0694526,1.014408042,0.116260577,7.81E-19,6.25E-18,10529,nebulette,
PATL2,60.46122728,1.984994655,0.230201586,8.34E-19,6.67E-18,197135,PAT1 homolog 2,
AQP11,148.0306468,1.089456972,0.12517904,8.80E-19,7.02E-18,282679,aquaporin 11,
MTRNR2L3,123.3094591,1.222420724,0.141050215,1.01E-18,8.04E-18,100462983,MT-RNR2 like 3 (pseudogene),
RGS16,50.72895413,-1.987505367,0.231287184,1.06E-18,8.43E-18,6004,regulator of G protein signaling 16,
TWF1P1,71.13174508,-1.757863084,0.204499394,1.17E-18,9.30E-18,619519,twinfilin 1 pseudogene 1,
LINC00340,37.78914231,2.473175273,0.288077309,1.22E-18,9.70E-18,NA,NA,
SLC6A16,114.2867533,1.389843951,0.161258546,1.26E-18,1.00E-17,28968,solute carrier family 6 member 16,
RP11-82L18.2,85.43503789,-1.819217029,0.212844262,1.46E-18,1.15E-17,NA,NA,
ANKRD18A,145.9676997,-1.172145078,0.136001742,1.56E-18,1.23E-17,253650,ankyrin repeat domain 18A,
CBX2,634.329501,-1.06214516,0.123078606,1.61E-18,1.27E-17,84733,chromobox 2,
MUC20,42.19458905,3.168202099,0.371996572,1.75E-18,1.38E-17,200958,"mucin 20, cell surface associated",
NMNAT2,95.05815159,1.505275632,0.175630213,1.77E-18,1.39E-17,23057,nicotinamide nucleotide adenylyltransferase 2,
TBX19,170.0556134,1.096240535,0.127282878,1.87E-18,1.47E-17,9095,T-box transcription factor 19,
TCHHL1,31.19691833,4.418933123,0.511070592,1.89E-18,1.48E-17,126637,trichohyalin like 1,
CACNG6,239.6991729,1.49486576,0.174946399,1.96E-18,1.54E-17,59285,calcium voltage-gated channel auxiliary subunit gamma 6,
SARM1,201.4317143,1.261219708,0.147329358,2.36E-18,1.85E-17,23098,sterile alpha and TIR motif containing 1,
DOT1L,1453.182541,-1.120279039,0.130696996,2.46E-18,1.92E-17,84444,DOT1 like histone lysine methyltransferase,
PTHLH,190.9175208,-1.002534554,0.116678924,2.49E-18,1.94E-17,5744,parathyroid hormone like hormone,
ABO,72.48348911,1.973338005,0.232436235,2.50E-18,1.95E-17,28,"ABO, alpha 1-3-N-acetylgalactosaminyltransferase and alpha 1-3-galactosyltransferase",
CXCL2,240.6833536,1.647998465,0.193939486,2.51E-18,1.96E-17,2920,C-X-C motif chemokine ligand 2,
TBXA2R,214.5239726,1.34270618,0.157266091,2.57E-18,2.00E-17,6915,thromboxane A2 receptor,
CTD-2655K5.1,32.50807523,2.869509687,0.337047548,2.61E-18,2.03E-17,NA,NA,
C4orf47,104.3394603,1.492953246,0.175342103,2.74E-18,2.14E-17,NA,NA,
KIF26A,29.13841487,3.276592487,0.384297582,2.85E-18,2.21E-17,26153,kinesin family member 26A,
C2orf54,88.41861236,2.170758665,0.257448261,3.28E-18,2.55E-17,NA,NA,
LAD1,2892.773573,-1.015518809,0.118835683,3.59E-18,2.78E-17,3898,ladinin 1,
ATOH8,238.0653517,1.429759973,0.168823656,4.20E-18,3.24E-17,84913,atonal bHLH transcription factor 8,
CLEC7A,32.90159924,4.359652931,0.511455467,4.26E-18,3.29E-17,64581,C-type lectin domain containing 7A,
ATF3,1580.512646,2.203216352,0.26252171,4.33E-18,3.34E-17,467,activating transcription factor 3,
PRSS22,330.3534337,-1.551069212,0.184182778,5.28E-18,4.07E-17,64063,serine protease 22,
MYO1D,2477.035663,1.02024745,0.119977152,5.28E-18,4.07E-17,4642,myosin ID,
PRRG2,171.9035952,1.168222914,0.137821895,5.45E-18,4.20E-17,5639,proline rich and Gla domain 2,
CLDN23,271.4119963,1.096000502,0.12915394,5.50E-18,4.23E-17,137075,claudin 23,
RP11-567G24.1,115.1184376,-1.372722315,0.162669959,5.55E-18,4.27E-17,NA,NA,
LIPE,54.1255266,-2.038464491,0.242899806,5.59E-18,4.30E-17,3991,"lipase E, hormone sensitive type",
RP11-616M22.1,37.23134655,3.432352964,0.408838938,5.72E-18,4.40E-17,NA,NA,
FCGR2A,31.280323,3.303880022,0.392331796,5.79E-18,4.45E-17,2212,Fc gamma receptor IIa,
RP11-589P10.5,122.0465857,1.336010712,0.158264622,5.80E-18,4.46E-17,NA,NA,
RP11-145A3.1,104.1320364,1.769235924,0.210876901,5.96E-18,4.58E-17,NA,NA,
ADAMTS14,130.6587628,1.180165021,0.139488954,6.30E-18,4.83E-17,140766,ADAM metallopeptidase with thrombospondin type 1 motif 14,
GNG7,741.6657591,1.158053707,0.136915357,6.37E-18,4.88E-17,2788,G protein subunit gamma 7,
RP11-108L7.15,52.60129423,-1.875568578,0.223619602,6.71E-18,5.14E-17,NA,NA,
CHRNB4,63.30419061,1.733114619,0.206369163,6.79E-18,5.20E-17,1143,cholinergic receptor nicotinic beta 4 subunit,
FCRLB,111.3966027,-1.35083623,0.160310208,6.79E-18,5.20E-17,127943,Fc receptor like B,
DTX4,522.7236059,1.383147378,0.164560396,7.47E-18,5.71E-17,23220,deltex E3 ubiquitin ligase 4,
TNS4,279.5798475,-1.42110649,0.169219274,7.64E-18,5.84E-17,84951,tensin 4,
KBTBD3,109.6881615,1.234900549,0.146522401,7.91E-18,6.04E-17,143879,kelch repeat and BTB domain containing 3,
GSTM2,257.9680931,1.131646713,0.134134054,8.05E-18,6.14E-17,2946,glutathione S-transferase mu 2,
DLEU1,131.895253,-1.191493016,0.141420525,8.20E-18,6.26E-17,10301,deleted in lymphocytic leukemia 1,
FAM63A,732.3381111,1.026773499,0.121572263,8.70E-18,6.63E-17,NA,NA,
ITGA2B,171.2251048,1.273762523,0.151551931,8.86E-18,6.74E-17,3674,integrin subunit alpha 2b,
ELOVL7,279.7721782,1.249225104,0.148818481,9.50E-18,7.22E-17,79993,ELOVL fatty acid elongase 7,
ACTR3C,200.3462523,1.067391961,0.126893718,1.09E-17,8.21E-17,653857,actin related protein 3C,
METTL7B,377.6741277,-1.077162757,0.128129117,1.12E-17,8.44E-17,NA,NA,
EDNRA,432.1805668,-1.129392102,0.134698455,1.23E-17,9.27E-17,1909,endothelin receptor type A,
TC2N,609.7637697,1.077819742,0.128566091,1.34E-17,1.01E-16,123036,"tandem C2 domains, nuclear",
SGPP2,35.96236665,-2.386503012,0.287887921,1.41E-17,1.06E-16,130367,sphingosine-1-phosphate phosphatase 2,
SLC34A3,83.45235413,1.562936449,0.187947838,1.42E-17,1.07E-16,142680,solute carrier family 34 member 3,
ACTBL2,60.61146573,1.69799253,0.204314982,1.43E-17,1.08E-16,345651,actin beta like 2,
RTEL1-TNFRSF6B,161.8717439,-1.326634704,0.159145484,1.44E-17,1.08E-16,100533107,RTEL1-TNFRSF6B readthrough (NMD candidate),
MRVI1,33.51156528,2.596063356,0.314011409,1.48E-17,1.11E-16,NA,NA,
SDR16C5,74.31720303,1.611122034,0.194140275,1.63E-17,1.22E-16,195814,short chain dehydrogenase/reductase family 16C member 5,
TMEM156,53.72865675,-1.76252036,0.212852424,1.74E-17,1.30E-16,80008,transmembrane protein 156,
PKIG,689.287289,1.081831285,0.129609107,1.82E-17,1.36E-16,11142,cAMP-dependent protein kinase inhibitor gamma,
METRNL,486.4667959,1.289784823,0.155218901,1.87E-17,1.40E-16,284207,"meteorin like, glial cell differentiation regulator",
HEATR4,46.59805715,1.974974209,0.239068819,1.97E-17,1.47E-16,399671,HEAT repeat containing 4,
HIST1H2BN,91.70635633,1.556150458,0.188142341,2.11E-17,1.58E-16,NA,NA,
IFNLR1,243.4050885,1.041584266,0.124999672,2.19E-17,1.63E-16,163702,interferon lambda receptor 1,
FAM26E,49.37962178,2.184677536,0.265464001,2.35E-17,1.75E-16,NA,NA,
NEURL1,241.0984199,1.371658587,0.166267445,2.90E-17,2.15E-16,9148,neuralized E3 ubiquitin protein ligase 1,
RHBDL2,102.8365474,1.218839801,0.14729257,2.94E-17,2.18E-16,54933,rhomboid like 2,
CTHRC1,2800.743984,1.144772726,0.138284852,2.98E-17,2.21E-16,115908,collagen triple helix repeat containing 1,
BTN3A1,1227.578947,1.192194801,0.144174295,2.99E-17,2.22E-16,11119,butyrophilin subfamily 3 member A1,
CKB,2965.975632,1.255867337,0.152176478,3.15E-17,2.32E-16,1152,creatine kinase B,
RP11-443B20.1,79.82532756,-1.448348719,0.175936369,3.18E-17,2.35E-16,NA,NA,
NOX5,145.8844518,-1.121442118,0.135547509,3.23E-17,2.38E-16,79400,NADPH oxidase 5,
PWP2,106.1788403,-1.377775395,0.167359189,3.35E-17,2.47E-16,5822,PWP2 small subunit processome component,
SLC25A45,174.1759007,1.083469084,0.131150601,3.85E-17,2.83E-16,283130,solute carrier family 25 member 45,
PER2,194.6527698,-1.028493736,0.124514951,4.20E-17,3.09E-16,8864,period circadian regulator 2,
RP13-143G15.4,69.61178209,1.736917141,0.212669265,4.24E-17,3.11E-16,NA,NA,
XKR5,41.36426525,-2.05390248,0.251869786,4.64E-17,3.40E-16,389610,XK related 5,
ALPK3,135.2897599,1.584310278,0.19405511,4.87E-17,3.56E-16,57538,alpha kinase 3,
RP11-496I9.1,82.06515723,2.090335944,0.257859544,5.45E-17,3.98E-16,NA,NA,
ZNF66,158.685204,-1.357232249,0.16615071,5.77E-17,4.21E-16,7617,zinc finger protein 66,
IL2RB,49.79157439,2.109516445,0.260036312,5.80E-17,4.23E-16,3560,interleukin 2 receptor subunit beta,
EVI2A,661.1536176,1.127940416,0.137613482,6.05E-17,4.40E-16,2123,ecotropic viral integration site 2A,
RP11-22P6.3,27.83088735,-2.868257344,0.352739435,6.05E-17,4.40E-16,NA,NA,
TCEANC,105.3515771,1.251927355,0.152998148,6.09E-17,4.43E-16,170082,transcription elongation factor A N-terminal and central domain containing,
SH2D3C,28.30241494,3.217743864,0.395278269,6.31E-17,4.59E-16,10044,SH2 domain containing 3C,
GGT1,149.1635653,1.349619262,0.165442922,6.41E-17,4.66E-16,2678,gamma-glutamyltransferase 1,
CTB-50L17.8,82.69029055,-1.397362894,0.171529214,6.69E-17,4.86E-16,NA,NA,
HMOX1,30918.71491,1.845416159,0.228272928,7.00E-17,5.08E-16,3162,heme oxygenase 1,
RP11-224O19.2,125.8543199,1.159672414,0.141822342,7.16E-17,5.19E-16,NA,NA,
C10orf90,106.6427057,-1.286144763,0.157837053,7.52E-17,5.45E-16,118611,chromosome 10 open reading frame 90,
MDFI,633.896575,-1.103037715,0.135045095,7.73E-17,5.59E-16,4188,MyoD family inhibitor,
RP11-757G1.6,31.8077521,2.573675307,0.317953689,8.35E-17,6.03E-16,NA,NA,
RP11-616M22.7,119.2453807,1.290483645,0.158595205,8.36E-17,6.03E-16,NA,NA,
HEG1,11052.58611,1.918957667,0.238084335,8.37E-17,6.04E-16,57493,heart development protein with EGF like domains 1,
PAX8,451.7203148,1.134668092,0.139159568,8.45E-17,6.10E-16,7849,paired box 8,
CACNA1F,33.11937973,2.576305251,0.319928152,9.36E-17,6.73E-16,778,calcium voltage-gated channel subunit alpha1 F,
FUCA1,820.2359175,1.089259733,0.133826263,1.02E-16,7.29E-16,2517,alpha-L-fucosidase 1,
A4GALT,478.1615796,1.137235875,0.139837966,1.02E-16,7.32E-16,53947,"alpha 1,4-galactosyltransferase (P1PK blood group)",
OGDHL,59.74027888,1.926119607,0.239864662,1.27E-16,9.08E-16,55753,oxoglutarate dehydrogenase L,
RTP4,50.25153612,1.939653777,0.241615976,1.29E-16,9.21E-16,64108,receptor transporter protein 4,
SMPDL3A,150.6828892,1.059824386,0.130599257,1.34E-16,9.59E-16,10924,sphingomyelin phosphodiesterase acid like 3A,
SPEG,450.1036694,1.315438207,0.163128128,1.40E-16,9.97E-16,10290,striated muscle enriched protein kinase,
CCL5,53.1544329,1.977788789,0.247376491,1.66E-16,1.18E-15,6352,C-C motif chemokine ligand 5,
MAP7D2,271.985206,1.624204371,0.203228121,1.84E-16,1.30E-15,256714,MAP7 domain containing 2,
CTB-92J24.2,76.83648792,-1.374248345,0.171244098,1.91E-16,1.35E-15,NA,NA,
HCN2,60.67914892,1.618976009,0.202391599,2.02E-16,1.42E-15,610,hyperpolarization activated cyclic nucleotide gated potassium and sodium channel 2,
RP11-680F8.1,206.9187933,-1.112383387,0.138303205,2.15E-16,1.51E-15,NA,NA,
CYP26B1,363.7861923,-1.172906486,0.146079254,2.17E-16,1.52E-15,56603,cytochrome P450 family 26 subfamily B member 1,
ZNF467,97.04970263,1.91758346,0.241501923,2.43E-16,1.71E-15,168544,zinc finger protein 467,
SLC52A1,34.769833,2.538956889,0.319653323,2.61E-16,1.83E-15,55065,solute carrier family 52 member 1,
MT1M,125.4898324,1.375974471,0.172469449,2.73E-16,1.91E-15,4499,metallothionein 1M,
C1QL4,135.2866287,1.307161585,0.163751315,2.79E-16,1.96E-15,338761,complement C1q like 4,
AC040160.13,111.3946043,1.215536767,0.15196385,2.84E-16,1.98E-15,NA,NA,
RP13-93L13.2,71.74478839,-1.552258215,0.195484793,3.09E-16,2.16E-15,NA,NA,
EIF5AL1,166.4245324,-1.015981526,0.126867572,3.30E-16,2.30E-15,143244,eukaryotic translation initiation factor 5A like 1,
MAP1LC3C,40.82582018,2.446654917,0.310275991,3.54E-16,2.46E-15,440738,microtubule associated protein 1 light chain 3 gamma,
ADAP2,52.43645175,1.744258204,0.220241065,3.55E-16,2.47E-15,55803,ArfGAP with dual PH domains 2,
AC013267.2,77.1872893,1.659063919,0.209862657,4.00E-16,2.77E-15,NA,NA,
RP4-621F18.2,200.2637601,1.028538256,0.128858904,4.08E-16,2.83E-15,NA,NA,
CXCL8,107.4852678,-2.072826982,0.264554726,4.30E-16,2.98E-15,3576,C-X-C motif chemokine ligand 8,
VPS37D,69.46614772,1.57059638,0.198697632,4.42E-16,3.07E-15,155382,VPS37D subunit of ESCRT-I,
CXCL3,129.224276,1.810552578,0.230545552,4.66E-16,3.22E-15,2921,C-X-C motif chemokine ligand 3,
IL7R,1143.275882,-1.001967724,0.125787411,4.78E-16,3.30E-15,3575,interleukin 7 receptor,
CFAP157,104.6246977,-1.233164177,0.155788279,5.25E-16,3.63E-15,286207,cilia and flagella associated protein 157,
NYNRIN,51.22625809,2.023414003,0.257915384,5.40E-16,3.73E-15,57523,NYN domain and retroviral integrase containing,
RAB33A,41.89069626,2.36075078,0.301398362,5.74E-16,3.96E-15,9363,"RAB33A, member RAS oncogene family",
CHTF18,2617.469782,-1.187763571,0.149939814,6.14E-16,4.22E-15,63922,chromosome transmission fidelity factor 18,
CDKN1A,3989.343309,1.843091276,0.236039084,6.58E-16,4.52E-15,1026,cyclin dependent kinase inhibitor 1A,
RP5-882C2.2,78.42404154,1.658955844,0.212190416,7.35E-16,5.04E-15,NA,NA,
PCDH24,111.3227839,1.204376739,0.152937449,8.01E-16,5.49E-15,NA,NA,
FMNL1,104.1599046,1.308658291,0.166672513,8.17E-16,5.59E-15,752,formin like 1,
TSIX,75.32689436,1.497599516,0.191256149,8.45E-16,5.78E-15,9383,"TSIX transcript, XIST antisense RNA",
LINC00324,43.11525757,1.944868146,0.249138531,8.46E-16,5.78E-15,284029,long intergenic non-protein coding RNA 324,
ZNF821,87.25964911,1.310226984,0.166989347,8.76E-16,5.98E-15,55565,zinc finger protein 821,
AC074389.9,188.6544829,-1.201885449,0.15357297,1.07E-15,7.26E-15,NA,NA,
FAM229A,43.07347434,1.939019902,0.249475063,1.09E-15,7.38E-15,100128071,family with sequence similarity 229 member A,
TSHZ2,161.6214627,1.384200417,0.177581337,1.15E-15,7.78E-15,128553,teashirt zinc finger homeobox 2,
KIAA1755,69.98619361,-1.52714961,0.196451745,1.19E-15,8.04E-15,85449,KIAA1755,
RP11-793H13.11,47.73428865,1.806710331,0.232771736,1.23E-15,8.30E-15,NA,NA,
MCIDAS,51.17780399,-1.688548145,0.217706697,1.29E-15,8.70E-15,345643,multiciliate differentiation and DNA synthesis associated cell cycle protein,
CAPN15,1458.438722,-1.232324674,0.158111488,1.31E-15,8.88E-15,6650,calpain 15,
HSH2D,218.4462548,1.179204942,0.151235462,1.44E-15,9.73E-15,84941,hematopoietic SH2 domain containing,
IRF5,872.287071,1.126665119,0.144515964,1.55E-15,1.04E-14,3663,interferon regulatory factor 5,
DNAJC28,65.81167745,1.593399796,0.205843992,1.55E-15,1.04E-14,54943,DnaJ heat shock protein family (Hsp40) member C28,
NCRNA00118,111.6670457,1.497949031,0.193601771,1.64E-15,1.10E-14,NA,NA,
RP11-613M10.6,115.6250476,-1.09661834,0.140694106,1.69E-15,1.14E-14,NA,NA,
ACSS1,180.5081179,1.583143646,0.205445501,1.87E-15,1.25E-14,84532,acyl-CoA synthetase short chain family member 1,
DKK3,230.7279243,1.22679175,0.158272254,1.93E-15,1.29E-14,27122,dickkopf WNT signaling pathway inhibitor 3,
RASGRP3,106.7247308,1.166392018,0.15038334,2.10E-15,1.41E-14,25780,RAS guanyl releasing protein 3,
TAGLN,5574.555012,1.191891045,0.153891068,2.13E-15,1.42E-14,6876,transgelin,
TMEM63C,531.315102,1.127126911,0.145365821,2.19E-15,1.46E-14,57156,transmembrane protein 63C,
LTB,33.56889445,2.30010616,0.300288761,2.41E-15,1.61E-14,4050,lymphotoxin beta,
C7orf61,39.63142747,1.983070766,0.258630942,2.46E-15,1.64E-14,NA,NA,
FAAH2,81.03033018,1.445552337,0.18788042,2.46E-15,1.64E-14,158584,fatty acid amide hydrolase 2,
MN1,1343.259839,1.156478746,0.149591006,2.48E-15,1.66E-14,4330,"MN1 proto-oncogene, transcriptional regulator",
MST1P2,63.55611619,1.608813416,0.209605781,2.61E-15,1.74E-14,11209,macrophage stimulating 1 pseudogene 2,
PEG10,21817.84014,-1.020542289,0.131863587,2.70E-15,1.80E-14,23089,paternally expressed 10,
RNASEH2A,50.7692093,-1.64925143,0.215353134,2.77E-15,1.85E-14,10535,ribonuclease H2 subunit A,
ZNF385C,41.22510075,2.332180648,0.305684159,2.80E-15,1.86E-14,201181,zinc finger protein 385C,
FDXACB1,119.8991991,-1.069383674,0.13832026,2.84E-15,1.89E-14,91893,ferredoxin-fold anticodon binding domain containing 1,
CDC42EP5,109.7357252,1.864062515,0.244666124,2.94E-15,1.96E-14,148170,CDC42 effector protein 5,
KB-1507C5.2,73.52020782,1.332949397,0.173375457,3.04E-15,2.02E-14,NA,NA,
EFCAB4A,153.6829789,-1.277918729,0.166316754,3.07E-15,2.04E-14,NA,NA,
RNF126,1315.118812,-1.034248099,0.134021944,3.27E-15,2.17E-14,55658,ring finger protein 126,
RP11-166P13.3,82.60463071,1.336840573,0.174214004,3.28E-15,2.17E-14,NA,NA,
ARHGEF37,92.92752286,1.325148307,0.172791562,3.33E-15,2.20E-14,389337,Rho guanine nucleotide exchange factor 37,
GNB1L,469.9443564,-1.151992165,0.149828395,3.38E-15,2.24E-14,54584,G protein subunit beta 1 like,
PLA2R1,86.29328059,1.771257051,0.232552029,3.44E-15,2.27E-14,22925,phospholipase A2 receptor 1,
LGI4,45.39177263,1.784496273,0.233804748,3.48E-15,2.30E-14,163175,leucine rich repeat LGI family member 4,
BTBD9,244.5337238,1.042150157,0.135183382,3.59E-15,2.37E-14,114781,BTB domain containing 9,
CSF2,26.98073359,-5.040880098,0.649472555,3.80E-15,2.50E-14,1437,colony stimulating factor 2,
MMRN2,75.92611825,1.605292338,0.210822935,3.96E-15,2.61E-14,79812,multimerin 2,
RP11-44F14.2,57.33639192,-1.705814724,0.224275897,3.97E-15,2.61E-14,NA,NA,
RP5-864K19.4,23.52194002,3.182382772,0.416243282,4.07E-15,2.68E-14,NA,NA,
PAG1,398.7818389,-1.000304875,0.130190297,4.55E-15,2.99E-14,55824,phosphoprotein membrane anchor with glycosphingolipid microdomains 1,
RP11-142E9.1,41.02236511,-2.11556185,0.279608046,4.66E-15,3.06E-14,NA,NA,
MIR193BHG,175.672548,1.038607615,0.135315346,4.67E-15,3.06E-14,100129781,MIR193b-365a host gene,
BORCS6,391.6188936,1.160548958,0.151884851,4.96E-15,3.26E-14,54785,BLOC-1 related complex subunit 6,
ANXA8,73.108461,1.50764492,0.198481438,5.02E-15,3.29E-14,653145,annexin A8,
SGCA,24.35301876,3.226391021,0.425081601,5.45E-15,3.57E-14,6442,sarcoglycan alpha,
TTC39B,164.8584891,1.059191058,0.138475321,5.54E-15,3.62E-14,158219,tetratricopeptide repeat domain 39B,
WI2-1896O14.1,21.96689707,3.603920152,0.471867134,5.70E-15,3.73E-14,NA,NA,
AL035209.2,92.37948072,1.357557926,0.178982245,6.01E-15,3.92E-14,NA,NA,
RP11-214O1.2,23.63312457,-2.919553252,0.386401436,6.14E-15,4.01E-14,NA,NA,
AC004383.4,185.7646548,-1.056715446,0.138501665,6.19E-15,4.04E-14,NA,NA,
RAD51,34.31590415,-2.067170863,0.27426433,6.32E-15,4.12E-14,5888,RAD51 recombinase,
RP11-616M22.2,28.95475968,2.831035264,0.376200935,6.53E-15,4.26E-14,NA,NA,
RP5-848E13.3,64.5238958,1.526133626,0.201824158,6.64E-15,4.33E-14,NA,NA,
HES7,61.11698113,1.678925513,0.222728506,7.05E-15,4.59E-14,84667,hes family bHLH transcription factor 7,
MFAP2,188.911789,1.015446446,0.133104684,7.07E-15,4.60E-14,4237,microfibril associated protein 2,
LRFN1,55.43290213,-1.593185993,0.21129342,7.24E-15,4.71E-14,57622,leucine rich repeat and fibronectin type III domain containing 1,
CTB-43P18.3,107.5093011,-1.293142337,0.170844612,7.27E-15,4.73E-14,NA,NA,
FAM72C,25.20463712,-2.816128934,0.374603232,7.33E-15,4.76E-14,554282,family with sequence similarity 72 member C,
SPNS2,46.94487796,-1.801134918,0.2396486,7.61E-15,4.94E-14,124976,"SPNS lysolipid transporter 2, sphingosine-1-phosphate",
MMEL1,27.36668275,2.573300408,0.342051449,7.65E-15,4.96E-14,79258,membrane metalloendopeptidase like 1,
C11orf86,176.2067972,-1.402968288,0.18600694,7.76E-15,5.03E-14,254439,chromosome 11 open reading frame 86,
TNF,34.57568029,2.597613622,0.346797408,8.56E-15,5.54E-14,7124,tumor necrosis factor,
TERT,111.0219495,-1.646123124,0.219823935,8.84E-15,5.72E-14,7015,telomerase reverse transcriptase,
SLC19A3,175.5467317,-1.033660504,0.136156422,8.88E-15,5.74E-14,80704,solute carrier family 19 member 3,
AP001258.4,119.5034321,1.154241652,0.152679733,9.59E-15,6.19E-14,NA,NA,
LAT2,115.5759722,-1.173355552,0.155634776,1.05E-14,6.79E-14,7462,linker for activation of T cells family member 2,
RP11-86H7.1,43.64524651,1.909259846,0.255431544,1.07E-14,6.90E-14,NA,NA,
MEFV,26.07126199,2.663770563,0.356660784,1.14E-14,7.36E-14,4210,"MEFV innate immunity regulator, pyrin",
DPF3,113.5506482,-1.167663187,0.155201282,1.24E-14,7.97E-14,8110,double PHD fingers 3,
BCL2,89.36552006,-1.171620711,0.155815313,1.29E-14,8.29E-14,596,BCL2 apoptosis regulator,
COL20A1,46.53262414,2.017683975,0.271448444,1.31E-14,8.40E-14,57642,collagen type XX alpha 1 chain,
HNRPCP,71.33137002,-1.374280473,0.183555501,1.31E-14,8.41E-14,NA,NA,
MAPT,268.545986,1.157777346,0.154097386,1.35E-14,8.65E-14,4137,microtubule associated protein tau,
FMO4,161.2399866,1.075711413,0.142904416,1.36E-14,8.69E-14,2329,flavin containing dimethylaniline monoxygenase 4,
MYO1F,112.4726215,1.092310474,0.145175282,1.44E-14,9.18E-14,4542,myosin IF,
MUC4,130.1323366,1.606857285,0.216089704,1.46E-14,9.32E-14,4585,"mucin 4, cell surface associated",
KIFC2,383.635742,1.149014364,0.153281451,1.54E-14,9.85E-14,90990,kinesin family member C2,
SUSD2,151.4147576,1.631814916,0.219700505,1.56E-14,9.94E-14,56241,sushi domain containing 2,
NOP2,76.92270802,-1.266101749,0.169312808,1.59E-14,1.01E-13,4839,NOP2 nucleolar protein,
RP11-734K21.5,77.74200495,1.318275748,0.17653339,1.63E-14,1.04E-13,NA,NA,
SFTA3,98.17603417,1.540450665,0.207291467,1.64E-14,1.04E-13,253970,surfactant associated 3,
NHSL2,76.12281772,1.731572849,0.233588653,1.66E-14,1.05E-13,340527,NHS like 2,
AC013275.2,33.13242389,2.724450315,0.368693806,1.68E-14,1.07E-13,NA,NA,
SLC22A18AS,85.5300388,1.332377149,0.178581777,1.70E-14,1.08E-13,5003,SLC22A18 antisense RNA,
YPEL4,37.2915075,2.470044338,0.334861075,1.73E-14,1.10E-13,219539,yippee like 4,
AF131215.2,93.6556654,1.348282555,0.180917633,1.76E-14,1.12E-13,NA,NA,
CSGALNACT1,228.8139642,1.221064185,0.163730364,1.89E-14,1.20E-13,55790,chondroitin sulfate N-acetylgalactosaminyltransferase 1,
MEX3B,157.6275957,1.088551569,0.145556863,1.97E-14,1.25E-13,84206,mex-3 RNA binding family member B,
LINC-ROR,125.315576,1.232465346,0.165686026,2.19E-14,1.38E-13,100885779,"long intergenic non-protein coding RNA, regulator of reprogramming",
AC104653.1,33.60399638,2.2514285,0.306062978,2.26E-14,1.43E-13,NA,NA,
RP11-554I8.2,70.54079633,-1.507888689,0.204155047,2.42E-14,1.52E-13,NA,NA,
PGF,68.85644657,-1.326685225,0.179426443,2.79E-14,1.76E-13,5228,placental growth factor,
CTC-426B10.1,211.1264152,1.3932718,0.188909601,2.83E-14,1.78E-13,NA,NA,
XDH,38.81354453,-1.930865761,0.263356841,2.96E-14,1.86E-13,7498,xanthine dehydrogenase,
TEPP,71.85166224,1.307765815,0.177028174,3.07E-14,1.93E-13,NA,NA,
INHA,99.18031708,1.361710566,0.18493707,3.22E-14,2.02E-13,3623,inhibin subunit alpha,
PANX2,404.3506401,1.071556061,0.144736826,3.49E-14,2.18E-13,56666,pannexin 2,
FSCN2,38.36895334,1.983372402,0.271405866,3.70E-14,2.31E-13,25794,"fascin actin-bundling protein 2, retinal",
RP11-694I15.7,28.25125818,2.410129207,0.330007058,3.75E-14,2.34E-13,NA,NA,
ZNF598,1624.296201,-1.050312902,0.142162765,3.95E-14,2.46E-13,90850,"zinc finger protein 598, E3 ubiquitin ligase",
RP11-429G19.3,111.5364607,-1.121878419,0.152061332,3.99E-14,2.48E-13,NA,NA,
ERCC6,3976.673539,1.168795951,0.158713562,4.09E-14,2.54E-13,2074,"ERCC excision repair 6, chromatin remodeling factor",
TTYH1,156.6599498,1.359618883,0.185402986,4.09E-14,2.54E-13,57348,tweety family member 1,
RP11-431J24.2,21.53920216,-3.458902856,0.472645657,4.10E-14,2.55E-13,NA,NA,
POU2F3,66.00766918,1.657258229,0.227019052,4.18E-14,2.60E-13,25833,POU class 2 homeobox 3,
BEST1,46.695353,1.775696668,0.243614108,4.29E-14,2.67E-13,7439,bestrophin 1,
TMIE,66.73646797,1.423402406,0.194388599,4.31E-14,2.68E-13,259236,transmembrane inner ear,
CPEB3,74.92066185,1.502432048,0.205626741,4.49E-14,2.79E-13,22849,cytoplasmic polyadenylation element binding protein 3,
AC012146.7,366.7121129,-1.181552094,0.161062556,4.69E-14,2.91E-13,NA,NA,
RP4-681N20.1,146.152886,1.116040633,0.151752615,4.75E-14,2.94E-13,NA,NA,
PRKCG,101.8822581,1.550138995,0.212840536,4.82E-14,2.98E-13,5582,protein kinase C gamma,
DOK3,119.3126374,-1.302043546,0.178250013,5.08E-14,3.14E-13,79930,docking protein 3,
CREB3L3,314.2624764,2.100633177,0.291148054,5.19E-14,3.20E-13,84699,cAMP responsive element binding protein 3 like 3,
RP11-164P12.5,95.92513401,1.20798779,0.164815448,5.26E-14,3.25E-13,NA,NA,
PLCH2,54.80628978,1.508717934,0.206872856,5.32E-14,3.28E-13,9651,phospholipase C eta 2,
PROC,39.42105771,2.334015078,0.323599927,5.67E-14,3.49E-13,5624,"protein C, inactivator of coagulation factors Va and VIIIa",
RGS2,148.6329129,-1.025613758,0.139691653,6.04E-14,3.72E-13,5997,regulator of G protein signaling 2,
ADGRF2,20.1284931,-3.26000343,0.448297461,6.47E-14,3.98E-13,NA,NA,
RP11-38L15.3,49.19849677,1.764179186,0.243945987,6.63E-14,4.07E-13,NA,NA,
NDRG2,364.8588266,1.340230523,0.184407042,6.68E-14,4.10E-13,57447,NDRG family member 2,
TOMM5,120.1700346,-1.211151638,0.166239125,6.77E-14,4.16E-13,401505,translocase of outer mitochondrial membrane 5,
CPE,1481.444182,1.037299676,0.141743274,6.99E-14,4.29E-13,1363,carboxypeptidase E,
F12,85.67737582,-1.700611268,0.23595241,7.13E-14,4.37E-13,2161,coagulation factor XII,
FAM105A,64.24313795,-1.405564879,0.193862004,7.50E-14,4.59E-13,NA,NA,
HMGCS1,6218.564356,1.110000241,0.15215805,7.60E-14,4.65E-13,3157,3-hydroxy-3-methylglutaryl-CoA synthase 1,
RP11-98G7.1,60.41321628,1.464248428,0.202092428,7.75E-14,4.74E-13,NA,NA,
SATB1,115.247767,1.226840924,0.168677568,7.80E-14,4.77E-13,6304,SATB homeobox 1,
RP11-791I24.4,79.5157048,1.313623212,0.181454025,8.90E-14,5.43E-13,NA,NA,
CCT6B,93.2958844,1.226609811,0.169091894,9.00E-14,5.49E-13,10693,chaperonin containing TCP1 subunit 6B,
FHDC1,302.1366557,1.042267381,0.143156034,9.07E-14,5.52E-13,85462,FH2 domain containing 1,
RP11-84D1.1,62.23463518,-1.482369363,0.205503746,9.17E-14,5.58E-13,NA,NA,
NBEA,188.946415,1.131932657,0.155971747,9.73E-14,5.92E-13,26960,neurobeachin,
HECW2,1057.319763,1.134899135,0.156657647,1.04E-13,6.29E-13,57520,"HECT, C2 and WW domain containing E3 ubiquitin protein ligase 2",
HELLPAR,32.55567168,-2.002529142,0.279521938,1.04E-13,6.29E-13,101101692,HELLP associated long non-coding RNA,
CRIP2,2125.199149,1.159261862,0.160216154,1.07E-13,6.47E-13,1397,cysteine rich protein 2,
CALCR,33.86980729,2.439822489,0.341693912,1.09E-13,6.60E-13,799,calcitonin receptor,
UNC5CL,86.85718665,1.227882501,0.170169936,1.20E-13,7.26E-13,222643,unc-5 family C-terminal like,
PLCB4,68.08401901,-1.333942343,0.185524865,1.22E-13,7.38E-13,5332,phospholipase C beta 4,
RP11-147L13.15,77.43533923,1.338960399,0.186116771,1.24E-13,7.52E-13,NA,NA,
CCDC153,47.61774687,1.618957837,0.226250883,1.31E-13,7.92E-13,NA,NA,
RP11-469J4.2,107.7606363,1.056283211,0.146140078,1.36E-13,8.21E-13,NA,NA,
ABCC6,58.60628098,1.802588225,0.253254077,1.41E-13,8.51E-13,368,ATP binding cassette subfamily C member 6,
ENTPD3,230.5373451,-1.509468787,0.211710231,1.43E-13,8.62E-13,956,ectonucleoside triphosphate diphosphohydrolase 3,
ALG10,162.8870297,-1.001430985,0.138714395,1.51E-13,9.08E-13,84920,"ALG10 alpha-1,2-glucosyltransferase",
ZNF878,111.2809774,-1.214482676,0.169188411,1.51E-13,9.10E-13,729747,zinc finger protein 878,
MPP4,26.34332201,-2.535533493,0.357493099,1.54E-13,9.27E-13,58538,MAGUK p55 scaffold protein 4,
RP11-816B4.2,31.36115182,-2.064440299,0.290843201,1.57E-13,9.43E-13,NA,NA,
VN1R81P,56.40422052,-1.406905322,0.1968956,1.64E-13,9.84E-13,100312826,vomeronasal 1 receptor 81 pseudogene,
PITX1,743.102972,-1.114865794,0.155464642,1.78E-13,1.06E-12,5307,paired like homeodomain 1,
CTC-308K20.1,150.8408167,1.078926791,0.150430027,1.90E-13,1.14E-12,NA,NA,
RP11-182J1.9,31.26859479,2.062474947,0.29103549,1.94E-13,1.16E-12,NA,NA,
OPRD1,19.21838141,3.65473269,0.509575478,1.98E-13,1.18E-12,4985,opioid receptor delta 1,
ALDH3B2,277.648193,1.442098362,0.203053139,2.01E-13,1.20E-12,222,aldehyde dehydrogenase 3 family member B2,
AP001053.11,48.8613748,1.924814542,0.272739255,2.06E-13,1.23E-12,NA,NA,
C9orf106,27.70742438,2.528019888,0.358162435,2.09E-13,1.25E-12,NA,NA,
STON1,42.72248521,2.074491291,0.294320445,2.12E-13,1.26E-12,11037,stonin 1,
AP001505.10,60.42828444,-1.538926494,0.217311267,2.12E-13,1.27E-12,NA,NA,
AC008440.10,25.60122603,2.639521659,0.373982099,2.32E-13,1.38E-12,NA,NA,
KCNE4,33.71544095,2.636467041,0.376933033,2.44E-13,1.45E-12,23704,potassium voltage-gated channel subfamily E regulatory subunit 4,
STARD8,21.11733633,-3.134232497,0.444139222,2.49E-13,1.48E-12,9754,StAR related lipid transfer domain containing 8,
TMPRSS13,71.62394355,1.289140511,0.181678149,2.68E-13,1.59E-12,84000,transmembrane serine protease 13,
NKX2-1,467.4398017,1.097739965,0.154128844,2.69E-13,1.59E-12,7080,NK2 homeobox 1,
RP5-1028K7.2,28.76250346,-6.090706933,0.822157467,2.74E-13,1.62E-12,NA,NA,
CTD-2132N18.2,40.37251051,1.786105156,0.253816058,2.83E-13,1.67E-12,NA,NA,
RP11-736I24.5,20.09333689,-2.968032231,0.421719906,3.00E-13,1.77E-12,NA,NA,
MKX,63.89448407,1.399796923,0.198237273,3.05E-13,1.80E-12,283078,mohawk homeobox,
AC068282.3,216.3490436,1.022694286,0.143733761,3.11E-13,1.84E-12,NA,NA,
SLC12A5,83.63339544,1.384403313,0.196539717,3.44E-13,2.02E-12,57468,solute carrier family 12 member 5,
TBC1D3L,57.67572086,1.433495025,0.203854178,3.71E-13,2.18E-12,101060376,TBC1 domain family member 3L,
RP11-55J15.1,41.06821553,-1.914897629,0.274886259,3.91E-13,2.29E-12,NA,NA,
FTHL23,80.66643535,1.223253617,0.173774399,4.30E-13,2.52E-12,NA,NA,
FAM227B,73.38948338,1.225840043,0.174383049,4.64E-13,2.71E-12,196951,family with sequence similarity 227 member B,
RP11-293M10.6,69.75626248,1.544017311,0.221547513,4.83E-13,2.82E-12,NA,NA,
RP11-704G19.1,89.98921317,-1.241007637,0.177094496,5.03E-13,2.94E-12,NA,NA,
RP4-792G4.2,30.36514156,2.170454764,0.31326683,5.69E-13,3.32E-12,NA,NA,
CD79A,72.81544378,1.874694746,0.27142272,5.84E-13,3.40E-12,973,CD79a molecule,
METTL7A,178.1528433,1.696430818,0.245318754,5.95E-13,3.46E-12,NA,NA,
LBX2,98.44694709,1.237471788,0.177158233,6.07E-13,3.53E-12,85474,ladybird homeobox 2,
SHBG,42.11460231,1.857994874,0.268846886,6.35E-13,3.69E-12,6462,sex hormone binding globulin,
PRUNE2,321.2093045,1.322039515,0.190263894,6.84E-13,3.97E-12,158471,prune homolog 2 with BCH domain,
SIGLEC10,22.59683155,-2.504551614,0.364454258,8.09E-13,4.68E-12,89790,sialic acid binding Ig like lectin 10,
PRR7,75.66503902,-1.78576727,0.26030542,8.16E-13,4.72E-12,80758,"proline rich 7, synaptic",
RASIP1,80.5281366,1.513748278,0.219469285,8.34E-13,4.82E-12,54922,Ras interacting protein 1,
TMEM171,94.18537107,-1.236923679,0.178879539,9.54E-13,5.50E-12,134285,transmembrane protein 171,
FRAT1,53.71002303,1.601813236,0.233247473,9.85E-13,5.67E-12,10023,FRAT regulator of WNT signaling pathway 1,
AC074091.13,101.2838285,1.105257915,0.159220888,9.96E-13,5.74E-12,NA,NA,
KLLN,94.12909585,1.341561262,0.194843571,1.12E-12,6.41E-12,100144748,"killin, p53 regulated DNA replication inhibitor",
UMODL1,21.43080053,2.766394525,0.403546159,1.12E-12,6.43E-12,89766,uromodulin like 1,
AC004156.3,50.2070532,1.495498297,0.217976298,1.17E-12,6.69E-12,NA,NA,
MMP1,135.1069469,-1.095921452,0.158579952,1.22E-12,7.01E-12,4312,matrix metallopeptidase 1,
RP11-1081L13.4,19.88783804,3.429856279,0.500082252,1.28E-12,7.35E-12,NA,NA,
GPR37L1,17.82470929,3.698490128,0.534034986,1.29E-12,7.37E-12,9283,G protein-coupled receptor 37 like 1,
PCDHB9,213.7297437,1.069367109,0.154747425,1.30E-12,7.45E-12,56127,protocadherin beta 9,
SPINK5,184.7243206,1.146785329,0.166438548,1.32E-12,7.56E-12,11005,serine peptidase inhibitor Kazal type 5,
RNF175,23.46091333,2.424058798,0.355706398,1.33E-12,7.59E-12,285533,ring finger protein 175,
ROR2,33.74627909,2.475282995,0.365048774,1.35E-12,7.70E-12,4920,receptor tyrosine kinase like orphan receptor 2,
RP11-462G12.2,46.58718758,1.623439838,0.238136042,1.45E-12,8.30E-12,NA,NA,
S100A4,346.2866672,1.338346482,0.19571274,1.45E-12,8.30E-12,6275,S100 calcium binding protein A4,
VTCN1,23.70427367,5.281737678,0.748345203,1.49E-12,8.47E-12,79679,V-set domain containing T cell activation inhibitor 1,
RP6-114E22.1,84.48876693,1.295509759,0.189256673,1.55E-12,8.82E-12,NA,NA,
PPM1N,71.15961393,1.388942098,0.203418927,1.57E-12,8.94E-12,147699,"protein phosphatase, Mg2+/Mn2+ dependent 1N (putative)",
SMIM10L2A,57.70474246,1.574547229,0.231689089,1.62E-12,9.22E-12,399668,small integral membrane protein 10 like 2A,
TAGLN3,18.12284615,-4.019356889,0.585303589,1.68E-12,9.56E-12,29114,transgelin 3,
CFAP70,115.3924723,1.10789985,0.16144085,1.75E-12,9.91E-12,118491,cilia and flagella associated protein 70,
PRR22,164.8468826,-1.498180548,0.221188898,1.81E-12,1.02E-11,163154,proline rich 22,
KRBOX1,90.61477601,-1.087408932,0.158548481,1.83E-12,1.03E-11,100506243,KRAB box domain containing 1,
CTD-2626G11.2,98.48105804,1.401884395,0.206263026,1.88E-12,1.06E-11,NA,NA,
CLDN4,8175.694052,1.020657531,0.14873875,1.94E-12,1.10E-11,1364,claudin 4,
RP11-383J24.1,29.19807965,2.137713818,0.316693529,1.94E-12,1.10E-11,NA,NA,
RP11-230G5.2,17.96638088,-3.28655368,0.484280487,2.00E-12,1.13E-11,NA,NA,
TMEM52,55.74316531,-1.52959828,0.226074193,2.05E-12,1.16E-11,339456,transmembrane protein 52,
NAPSA,79.99870898,1.230666922,0.18069095,2.16E-12,1.22E-11,9476,napsin A aspartic peptidase,
MOB3B,78.07912328,-1.382630544,0.204267221,2.20E-12,1.24E-11,79817,MOB kinase activator 3B,
PRAM1,22.49882635,2.483822642,0.368135803,2.20E-12,1.24E-11,84106,PML-RARA regulated adaptor molecule 1,
RP5-965G21.4,59.62381663,1.307937602,0.19247116,2.22E-12,1.25E-11,NA,NA,
RP5-1142A6.3,192.1671941,1.232669944,0.181706061,2.43E-12,1.36E-11,NA,NA,
BAHCC1,425.6873036,-1.025827838,0.150303555,2.44E-12,1.37E-11,57597,BAH domain and coiled-coil containing 1,
CTD-3088G3.8,269.9218524,1.169267531,0.172140941,2.49E-12,1.40E-11,NA,NA,
RP11-45M22.2,135.9726198,-1.095124945,0.16125948,2.82E-12,1.58E-11,NA,NA,
RP11-432J24.5,20.64772735,3.140499982,0.46789014,2.89E-12,1.61E-11,NA,NA,
RP11-218M22.1,97.69884079,1.148185722,0.16939275,2.90E-12,1.62E-11,NA,NA,
RP11-395G23.3,135.5418989,-1.032817684,0.152097222,3.04E-12,1.69E-11,NA,NA,
HSPB1,32567.97982,1.511055893,0.22517893,3.14E-12,1.75E-11,3315,heat shock protein family B (small) member 1,
TMEM130,35.33239381,2.348050563,0.353283818,3.41E-12,1.90E-11,222865,transmembrane protein 130,
NR4A2,131.9993713,1.023939128,0.151055999,3.45E-12,1.92E-11,4929,nuclear receptor subfamily 4 group A member 2,
YPEL1,63.9258909,1.511190353,0.225760187,3.46E-12,1.92E-11,29799,yippee like 1,
KCNG3,42.08784681,-1.614993442,0.241679713,3.54E-12,1.97E-11,170850,potassium voltage-gated channel modifier subfamily G member 3,
PSD,41.59124016,1.728213663,0.259002513,3.54E-12,1.97E-11,5662,pleckstrin and Sec7 domain containing,
IGHA2,19.11149547,3.239048566,0.483709353,3.65E-12,2.03E-11,3494,immunoglobulin heavy constant alpha 2 (A2m marker),
RP11-382A18.1,54.62953855,-1.482920732,0.221847477,3.87E-12,2.14E-11,NA,NA,
HID1,69.03717929,1.467091021,0.219522953,3.98E-12,2.20E-11,283987,HID1 domain containing,
AKR1B15,32.47004716,2.016675791,0.303532676,4.12E-12,2.28E-11,441282,aldo-keto reductase family 1 member B15,
IGHEP1,19.70820393,2.877886054,0.43203131,4.25E-12,2.35E-11,3498,immunoglobulin heavy constant epsilon P1 (pseudogene),
ADCY4,18.05631195,3.04162853,0.45490862,4.26E-12,2.35E-11,196883,adenylate cyclase 4,
PDE6B,112.4612884,1.097471662,0.163410016,4.81E-12,2.65E-11,5158,phosphodiesterase 6B,
TRAPPC5,53.1392886,1.495043011,0.224838171,4.97E-12,2.74E-11,126003,trafficking protein particle complex subunit 5,
PRRT4,33.88636291,2.184921907,0.331663482,5.07E-12,2.80E-11,401399,proline rich transmembrane protein 4,
ERO1B,77.28066563,1.308879152,0.19638227,5.14E-12,2.83E-11,56605,endoplasmic reticulum oxidoreductase 1 beta,
RARRES1,41.42515276,1.666166057,0.251689358,5.22E-12,2.88E-11,5918,retinoic acid receptor responder 1,
SLC6A12,23.38299718,2.67441696,0.405302859,5.27E-12,2.90E-11,6539,solute carrier family 6 member 12,
C1orf210,81.46414144,1.33480888,0.200580568,5.35E-12,2.94E-11,149466,chromosome 1 open reading frame 210,
RASL11A,74.6377884,-1.565836017,0.236556885,5.37E-12,2.95E-11,387496,RAS like family 11 member A,
GRAMD1B,857.4220933,-1.187310283,0.177980422,5.42E-12,2.98E-11,57476,GRAM domain containing 1B,
RP11-1398P2.1,70.42830875,1.311775943,0.197038513,5.45E-12,3.00E-11,NA,NA,
SLC5A10,37.35719107,1.828687606,0.277028477,5.45E-12,3.00E-11,125206,solute carrier family 5 member 10,
AKR1B10,78.99406885,1.336053824,0.200894428,5.61E-12,3.08E-11,57016,aldo-keto reductase family 1 member B10,
NPM2,38.16517106,1.809136989,0.274367561,5.74E-12,3.15E-11,10361,nucleophosmin/nucleoplasmin 2,
SEMA4A,32.78960121,2.256384043,0.343562765,6.02E-12,3.30E-11,64218,semaphorin 4A,
C17orf107,42.86609889,1.552713924,0.234744055,6.22E-12,3.41E-11,100130311,chromosome 17 open reading frame 107,
FTH1,8218.580665,1.049534816,0.157068836,6.38E-12,3.49E-11,2495,ferritin heavy chain 1,
MIAT,64.33279199,1.268210874,0.191061386,6.73E-12,3.68E-11,440823,myocardial infarction associated transcript,
COL5A3,31.85443002,2.233971634,0.341382786,6.76E-12,3.69E-11,50509,collagen type V alpha 3 chain,
AC079779.6,22.66842933,-2.81775363,0.431566429,7.01E-12,3.82E-11,NA,NA,
ADAMTS10,68.70995962,1.366247902,0.206622256,7.23E-12,3.94E-11,81794,ADAM metallopeptidase with thrombospondin type 1 motif 10,
RP11-100E13.1,22.06485369,-2.463998801,0.376271819,7.27E-12,3.96E-11,NA,NA,
ACHE,191.6090731,1.216863822,0.18382652,7.60E-12,4.14E-11,43,acetylcholinesterase (Yt blood group),
CTD-2377O17.1,18.36747989,4.584188785,0.677767134,7.81E-12,4.25E-11,NA,NA,
CYP1A1,2181.028219,1.996942321,0.307240031,7.88E-12,4.29E-11,1543,cytochrome P450 family 1 subfamily A member 1,
SPRY1,67.2670041,-1.365047549,0.207098993,8.00E-12,4.35E-11,10252,sprouty RTK signaling antagonist 1,
RP4-704D23.1,31.87158933,-2.124096673,0.325876104,8.10E-12,4.40E-11,NA,NA,
KNDC1,201.4124919,1.350783358,0.205269923,8.37E-12,4.54E-11,85442,kinase non-catalytic C-lobe domain containing 1,
C1QTNF12,93.3585766,1.305011455,0.198021538,8.47E-12,4.59E-11,388581,C1q and TNF related 12,
WIPF1,19.03394897,-2.700435414,0.41349972,8.77E-12,4.75E-11,7456,WAS/WASL interacting protein family member 1,
CST7,31.31367623,1.943940836,0.29783924,9.10E-12,4.92E-11,8530,cystatin F,
PIGZ,173.505059,1.115183002,0.169043964,1.03E-11,5.55E-11,80235,phosphatidylinositol glycan anchor biosynthesis class Z,
RP11-434H6.6,17.9644431,3.031896595,0.464701553,1.21E-11,6.50E-11,NA,NA,
GTF2IRD2,38.21368916,1.63015139,0.250526067,1.22E-11,6.58E-11,84163,GTF2I repeat domain containing 2,
FTLL2,68.41098189,1.167020181,0.177789723,1.25E-11,6.75E-11,NA,NA,
PALM2,31.25472225,-1.851272633,0.286032671,1.27E-11,6.84E-11,NA,NA,
AMOT,22.07980423,2.512941419,0.388751601,1.38E-11,7.40E-11,154796,angiomotin,
SNHG9,107.0998485,-1.114935148,0.1702844,1.39E-11,7.48E-11,735301,small nucleolar RNA host gene 9,
CD7,19.33989102,3.140876759,0.484758535,1.40E-11,7.49E-11,924,CD7 molecule,
DNAH12,34.30531715,2.097702293,0.325888795,1.43E-11,7.67E-11,201625,dynein axonemal heavy chain 12,
RP11-41O4.2,42.9074199,-2.0153415,0.31365681,1.45E-11,7.75E-11,NA,NA,
PDGFB,341.9940086,1.089622299,0.166476409,1.49E-11,7.96E-11,5155,platelet derived growth factor subunit B,
RP11-799D4.4,53.34479235,1.416326007,0.218013929,1.51E-11,8.07E-11,NA,NA,
RASGRP1,77.58867042,1.232183797,0.189184583,1.55E-11,8.28E-11,10125,RAS guanyl releasing protein 1,
CLDN7,3760.238897,1.01714469,0.155201988,1.60E-11,8.56E-11,1366,claudin 7,
S100A3,122.8328199,1.01280406,0.154428018,1.63E-11,8.68E-11,6274,S100 calcium binding protein A3,
ELOVL3,75.17483925,-1.223928679,0.188097348,1.65E-11,8.78E-11,83401,ELOVL fatty acid elongase 3,
LTF,40.02119818,1.969660202,0.307780033,1.77E-11,9.41E-11,4057,lactotransferrin,
SLC2A12,141.2618813,1.186987655,0.182609954,1.80E-11,9.59E-11,154091,solute carrier family 2 member 12,
RP11-703I16.3,16.26304398,3.379788782,0.520096867,1.81E-11,9.62E-11,NA,NA,
HOGA1,36.14921759,1.870811757,0.291384624,1.84E-11,9.78E-11,112817,4-hydroxy-2-oxoglutarate aldolase 1,
LMNTD2,70.00939399,1.521269572,0.236280321,1.85E-11,9.82E-11,256329,lamin tail domain containing 2,
CREG2,135.1962066,1.063863865,0.163351335,1.96E-11,1.04E-10,200407,cellular repressor of E1A stimulated genes 2,
RP11-615I2.2,39.63683549,1.749200684,0.272785822,2.02E-11,1.07E-10,NA,NA,
AC090616.2,26.20745333,2.075041933,0.324749725,2.22E-11,1.18E-10,NA,NA,
MSMO1,2954.167865,1.754670524,0.275453611,2.25E-11,1.19E-10,6307,methylsterol monooxygenase 1,
CYP4F12,22.57003868,2.674298989,0.420034744,2.28E-11,1.21E-10,66002,cytochrome P450 family 4 subfamily F member 12,
TREX2,76.44093931,-1.312867023,0.204006061,2.29E-11,1.21E-10,11219,three prime repair exonuclease 2,
RP11-121P12.1,24.05975811,2.17195335,0.340701847,2.43E-11,1.28E-10,NA,NA,
SELL,98.02680013,1.15672672,0.178949276,2.43E-11,1.28E-10,6402,selectin L,
SCARF1,65.29559185,1.214105782,0.1881107,2.43E-11,1.28E-10,8578,scavenger receptor class F member 1,
RP11-328P23.4,15.24890467,-3.277415194,0.509414463,2.45E-11,1.29E-10,NA,NA,
TLR2,109.5479536,1.090946306,0.168619024,2.50E-11,1.32E-10,7097,toll like receptor 2,
MGP,233.9839496,2.102407649,0.333351955,2.64E-11,1.39E-10,4256,matrix Gla protein,
SLC17A7,26.87789453,2.02743065,0.319250385,2.85E-11,1.50E-10,57030,solute carrier family 17 member 7,
TLE4,218.2487223,1.285165865,0.200575398,2.86E-11,1.51E-10,7091,"TLE family member 4, transcriptional corepressor",
RP4-584D14.7,56.74622435,1.325873109,0.207106338,2.99E-11,1.57E-10,NA,NA,
AC007193.6,13.5501968,8.156275302,2.647337695,2.99E-11,1.57E-10,NA,NA,
SHROOM4,132.1244367,1.093960699,0.17000068,3.09E-11,1.62E-10,57477,shroom family member 4,
RP4-758J18.10,50.38950257,1.668563583,0.26311355,3.13E-11,1.64E-10,NA,NA,
IGHM,17.14316959,4.475985344,0.685448796,3.41E-11,1.78E-10,3507,immunoglobulin heavy constant mu,
NMU,21.97427712,-2.330869464,0.369770849,3.52E-11,1.84E-10,10874,neuromedin U,
AF121898.3,19.9707234,-2.416168641,0.382822129,3.54E-11,1.85E-10,NA,NA,
DDO,51.33801854,1.630361582,0.257549093,3.56E-11,1.86E-10,8528,D-aspartate oxidase,
HSPBL3,50.49986081,1.660343468,0.262741815,3.72E-11,1.94E-10,NA,NA,
NCLP1,76.02277934,-1.170717038,0.183320092,3.88E-11,2.02E-10,100302751,nucleolin pseudogene 1,
ZMYND12,66.69686263,1.244356027,0.195186649,3.94E-11,2.05E-10,84217,zinc finger MYND-type containing 12,
SDS,36.01610189,1.862514067,0.295541724,3.95E-11,2.06E-10,10993,serine dehydratase,
DNAH17,236.281439,1.108576431,0.173471228,4.02E-11,2.10E-10,8632,dynein axonemal heavy chain 17,
AF131215.9,46.8682791,1.365271985,0.214793678,4.06E-11,2.12E-10,NA,NA,
PCDHGB7,139.5714629,1.085722297,0.169670207,4.08E-11,2.12E-10,56099,"protocadherin gamma subfamily B, 7",
ZNF684,88.72196101,-1.069382735,0.167520648,4.54E-11,2.36E-10,127396,zinc finger protein 684,
CTD-2269F5.1,56.55701371,1.553923321,0.246753379,4.62E-11,2.40E-10,NA,NA,
DUSP8,168.6669165,1.030018475,0.1612192,4.65E-11,2.41E-10,1850,dual specificity phosphatase 8,
ZNF396,70.99278356,1.569547211,0.249892765,4.86E-11,2.52E-10,252884,zinc finger protein 396,
UNC13A,28.86318131,2.052491474,0.3296578,5.66E-11,2.93E-10,23025,unc-13 homolog A,
CFI,92.9864309,1.476481765,0.235477591,5.68E-11,2.93E-10,3426,complement factor I,
BIRC3,407.2164326,-1.149872972,0.181910936,5.79E-11,2.99E-10,330,baculoviral IAP repeat containing 3,
CTB-193M12.5,109.8949547,-1.105526637,0.174645737,5.85E-11,3.02E-10,NA,NA,
IZUMO4,77.74332341,1.439657676,0.229700271,5.88E-11,3.04E-10,113177,IZUMO family member 4,
CH17-302M23.1,21.70237712,2.338878845,0.375634961,6.21E-11,3.20E-10,NA,NA,
AP000251.3,29.57720886,-1.78188104,0.286056052,6.43E-11,3.31E-10,NA,NA,
BICC1,508.372448,1.05648375,0.16692375,6.58E-11,3.39E-10,80114,BicC family RNA binding protein 1,
AC003102.3,80.72717782,1.128277583,0.178585627,6.68E-11,3.43E-10,NA,NA,
DNAI1,29.0645648,1.837125629,0.295321038,6.92E-11,3.55E-10,27019,dynein axonemal intermediate chain 1,
RP11-284F21.7,61.84619172,-1.333621508,0.21297665,7.08E-11,3.64E-10,NA,NA,
RP11-527N22.2,14.67100474,-4.102818588,0.645914314,7.19E-11,3.69E-10,NA,NA,
RP11-16P6.1,26.65674002,-1.922179955,0.309800452,7.24E-11,3.71E-10,NA,NA,
PDIA2,17.78092468,2.795172199,0.449479811,7.43E-11,3.81E-10,64714,protein disulfide isomerase family A member 2,
Sept-04,40.42038944,1.600672012,0.258032387,8.54E-11,4.36E-10,NA,NA,
CEBPD,271.9541219,1.149250896,0.18348963,8.73E-11,4.46E-10,1052,CCAAT enhancer binding protein delta,
TRIB2,116.660389,-1.50072046,0.24236311,8.89E-11,4.53E-10,28951,tribbles pseudokinase 2,
AADAC,17.55946216,-2.824527834,0.457637898,9.12E-11,4.64E-10,13,arylacetamide deacetylase,
THAP8,149.2664704,1.009371878,0.1604793,9.36E-11,4.76E-10,199745,THAP domain containing 8,
GFAP,74.54728538,-1.223717692,0.196207132,9.41E-11,4.79E-10,2670,glial fibrillary acidic protein,
TMC1,17.37562199,3.066973809,0.49760943,1.02E-10,5.17E-10,117531,transmembrane channel like 1,
ZSCAN12P1,97.32585385,-1.042423113,0.166395432,1.02E-10,5.20E-10,221584,zinc finger and SCAN domain containing 12 pseudogene 1,
CDH18,45.66007405,1.696471634,0.276103797,1.08E-10,5.48E-10,1016,cadherin 18,
RP11-240L7.5,32.57200309,1.700041968,0.276380279,1.14E-10,5.78E-10,NA,NA,
CRYM,36.86598525,1.723809911,0.280599134,1.16E-10,5.88E-10,1428,crystallin mu,
AC005154.7,30.14033512,1.754163817,0.286085176,1.25E-10,6.32E-10,NA,NA,
RP13-766D20.2,17.39536948,2.662665545,0.433795818,1.26E-10,6.34E-10,NA,NA,
FMO5,119.9232675,1.104334846,0.177657857,1.28E-10,6.44E-10,2330,flavin containing dimethylaniline monoxygenase 5,
CLCNKA,16.79332923,3.014763108,0.492239835,1.37E-10,6.92E-10,1187,chloride voltage-gated channel Ka,
SPAG17,94.56155794,1.203115018,0.194738689,1.39E-10,6.99E-10,200162,sperm associated antigen 17,
KIAA1211L,58.09449765,1.331927486,0.216622102,1.53E-10,7.67E-10,NA,NA,
ZNF517,115.2116593,1.01817714,0.163908673,1.53E-10,7.70E-10,340385,zinc finger protein 517,
RP11-650L12.2,66.0294994,-1.174173364,0.190348722,1.57E-10,7.90E-10,NA,NA,
FAM71E1,80.49514376,1.101715612,0.17861107,1.75E-10,8.78E-10,NA,NA,
DEGS2,30.58288119,2.228883185,0.370112127,1.78E-10,8.92E-10,123099,"delta 4-desaturase, sphingolipid 2",
LCN2,23.87924649,2.205523983,0.364924546,1.84E-10,9.20E-10,3934,lipocalin 2,
TMEM125,15.47221035,3.294388819,0.539110323,1.89E-10,9.44E-10,128218,transmembrane protein 125,
RP11-211G23.2,18.9277722,-5.433171954,0.857122243,1.99E-10,9.92E-10,NA,NA,
RP11-383H13.1,53.10540293,1.32439046,0.217112045,2.05E-10,1.02E-09,NA,NA,
CTD-2162K18.4,46.70198572,-1.418197508,0.233496911,2.10E-10,1.05E-09,NA,NA,
AC007040.7,15.1736844,-3.001654917,0.4962862,2.26E-10,1.12E-09,NA,NA,
RP11-886P16.3,60.9209741,1.329328189,0.218941686,2.42E-10,1.20E-09,NA,NA,
MSH5,92.90358354,-1.038092171,0.16955973,2.52E-10,1.25E-09,4439,mutS homolog 5,
ABHD1,50.9242609,1.284056775,0.211257852,2.54E-10,1.26E-09,84696,abhydrolase domain containing 1,
RP11-511P7.2,15.60183382,4.059238748,0.661427684,2.56E-10,1.27E-09,NA,NA,
TLR3,46.77045831,1.728629394,0.287885467,2.57E-10,1.28E-09,7098,toll like receptor 3,
CCDC187,22.74103732,2.244458993,0.374451111,2.58E-10,1.28E-09,399693,coiled-coil domain containing 187,
PPP4R4,34.86059975,-1.791846104,0.299094847,2.59E-10,1.28E-09,57718,protein phosphatase 4 regulatory subunit 4,
CCDC36,44.05109696,-1.423458378,0.235670819,2.62E-10,1.30E-09,NA,NA,
CCDC62,31.94857942,1.667428511,0.276906768,2.65E-10,1.31E-09,84660,coiled-coil domain containing 62,
RP11-597K23.2,24.47363238,2.087363173,0.348964796,2.75E-10,1.36E-09,NA,NA,
RP11-473N11.2,121.7939577,-1.078168607,0.17704824,2.90E-10,1.44E-09,NA,NA,
ALK,23.73317232,2.355941,0.394876688,2.91E-10,1.44E-09,238,ALK receptor tyrosine kinase,
TULP2,63.75705464,1.22346726,0.202085285,3.01E-10,1.49E-09,7288,TUB like protein 2,
RP11-64D22.2,15.60277532,-3.41455019,0.57124186,3.17E-10,1.56E-09,NA,NA,
AKAP3,69.48865537,1.120821126,0.184768718,3.29E-10,1.62E-09,10566,A-kinase anchoring protein 3,
XKR3,60.94665048,1.346312758,0.223676539,3.31E-10,1.63E-09,150165,XK related 3,
RP11-61A14.4,20.05856132,2.348361062,0.393695283,3.34E-10,1.65E-09,NA,NA,
ANO7P1,26.3639751,1.992322197,0.334504054,3.37E-10,1.66E-09,NA,NA,
TRPM8,39.54596582,1.48388309,0.24737056,3.38E-10,1.67E-09,79054,transient receptor potential cation channel subfamily M member 8,
RP4-760C5.5,14.08792432,3.904198833,0.639498652,3.49E-10,1.72E-09,NA,NA,
RP11-328M4.2,42.30061857,-1.431860341,0.239023969,3.62E-10,1.78E-09,NA,NA,
RP11-443P15.2,43.63413732,1.47032298,0.245492757,3.62E-10,1.78E-09,NA,NA,
RP4-564F22.5,59.79497809,-1.213700895,0.201556669,3.74E-10,1.84E-09,NA,NA,
LRP1,2816.463882,1.530893609,0.257298228,3.76E-10,1.85E-09,4035,LDL receptor related protein 1,
LPAR6,15.58564729,-6.459610304,1.298177009,3.85E-10,1.89E-09,10161,lysophosphatidic acid receptor 6,
RP11-327F22.1,33.43212823,1.593696575,0.267137907,3.87E-10,1.90E-09,NA,NA,
RTN4RL2,51.22090723,1.416748099,0.237164291,4.08E-10,2.00E-09,349667,reticulon 4 receptor like 2,
CTA-384D8.35,16.33090031,4.10126907,0.681268737,4.16E-10,2.04E-09,NA,NA,
RP13-714J12.1,19.65073043,2.3600704,0.399080243,4.19E-10,2.05E-09,NA,NA,
MEGF6,1372.251115,1.522210282,0.256564649,4.23E-10,2.07E-09,1953,multiple EGF like domains 6,
PRDM16,71.76411347,-1.137728659,0.189161936,4.31E-10,2.11E-09,63976,PR/SET domain 16,
RTEL1,57.26104725,-1.280181835,0.213993918,4.40E-10,2.15E-09,51750,regulator of telomere elongation helicase 1,
RP11-617D20.1,48.48769492,1.351895849,0.226499932,4.62E-10,2.25E-09,NA,NA,
CITF22-49E9.3,21.0754194,2.227172897,0.377485676,4.74E-10,2.31E-09,NA,NA,
RP11-48B3.4,37.11958852,1.796537766,0.305005818,4.77E-10,2.33E-09,NA,NA,
U70984.1,50.88657581,-1.264135855,0.211771971,4.82E-10,2.35E-09,NA,NA,
RP5-967N21.11,15.92040821,-2.940501131,0.499539052,4.86E-10,2.37E-09,NA,NA,
FAM53A,69.14955637,-1.136022076,0.189600509,4.94E-10,2.40E-09,152877,family with sequence similarity 53 member A,
RP13-895J2.6,35.47913037,-1.543350405,0.260579885,4.96E-10,2.42E-09,NA,NA,
RP11-564D11.3,34.90086951,-1.76041916,0.299255898,5.02E-10,2.44E-09,NA,NA,
ZFHX2,73.55720267,1.468794335,0.24834238,5.21E-10,2.53E-09,85446,zinc finger homeobox 2,
AC016689.1,36.04248707,1.535675715,0.259731494,5.50E-10,2.67E-09,NA,NA,
RP5-1169K15.1,86.9217779,1.046677565,0.17456787,5.54E-10,2.68E-09,NA,NA,
GS1-600G8.5,48.11849729,1.48371581,0.251165598,5.67E-10,2.75E-09,NA,NA,
PCDHB10,169.2804644,1.095857147,0.183469019,5.89E-10,2.85E-09,56126,protocadherin beta 10,
RAB37,30.56155146,1.681218606,0.285797541,6.07E-10,2.94E-09,326624,"RAB37, member RAS oncogene family",
GPR35,64.64384989,1.10118397,0.184577624,6.33E-10,3.05E-09,2859,G protein-coupled receptor 35,
KCTD19,55.98573342,1.448191895,0.245739657,6.36E-10,3.07E-09,146212,potassium channel tetramerization domain containing 19,
LCN12,22.24220314,2.134028978,0.365092143,6.42E-10,3.10E-09,286256,lipocalin 12,
C8orf46,132.1523935,1.089982782,0.182983589,6.57E-10,3.17E-09,NA,NA,
CTD-2020K17.3,34.5939644,1.566501012,0.266802809,6.85E-10,3.30E-09,NA,NA,
EFHD1,31.41295461,1.638115214,0.279352472,7.09E-10,3.41E-09,80303,EF-hand domain family member D1,
GLDN,29.43511522,2.262566761,0.390146377,7.10E-10,3.42E-09,342035,gliomedin,
CYP39A1,80.25460058,1.339495243,0.227683749,7.48E-10,3.59E-09,51302,cytochrome P450 family 39 subfamily A member 1,
PLEKHS1,21.84442264,3.094735862,0.53569694,7.67E-10,3.68E-09,79949,pleckstrin homology domain containing S1,
INSC,14.9294693,-2.95010637,0.507561147,7.99E-10,3.83E-09,387755,INSC spindle orientation adaptor protein,
CDK5R2,64.28316858,1.121833942,0.189425837,8.12E-10,3.89E-09,8941,cyclin dependent kinase 5 regulatory subunit 2,
RP11-484L8.1,8.873604247,-7.612084694,2.651977748,8.15E-10,3.90E-09,NA,NA,
RP13-104F24.2,25.82826042,1.862358295,0.320112168,8.20E-10,3.93E-09,NA,NA,
RP11-30K9.6,21.61622179,2.027692606,0.348998106,8.39E-10,4.01E-09,NA,NA,
NLRP12,43.67378347,1.345113213,0.229040201,8.43E-10,4.03E-09,91662,NLR family pyrin domain containing 12,
RP13-507I23.1,102.0483255,1.015815634,0.171216897,8.57E-10,4.10E-09,NA,NA,
RP11-2C24.9,56.02912967,1.405066418,0.241567832,1.02E-09,4.86E-09,NA,NA,
KLHDC7A,44.85350616,1.66131338,0.287467054,1.02E-09,4.87E-09,127707,kelch domain containing 7A,
GABRD,58.31369358,-1.358031462,0.233307067,1.06E-09,5.02E-09,2563,gamma-aminobutyric acid type A receptor subunit delta,
RP13-554M15.7,91.69383487,-1.050644132,0.178536392,1.07E-09,5.08E-09,NA,NA,
RP1-93I3.1,38.12505631,1.562066166,0.269730721,1.09E-09,5.18E-09,NA,NA,
RP11-283I3.6,80.93508143,1.128414089,0.192690305,1.14E-09,5.42E-09,NA,NA,
ECEL1P2,17.4730015,2.580865895,0.448177635,1.17E-09,5.53E-09,347694,endothelin converting enzyme like 1 pseudogene 2,
CTD-3035D6.2,40.88667737,-1.437767206,0.248338708,1.17E-09,5.55E-09,NA,NA,
FAM9B,56.38296852,-1.294468648,0.22259724,1.19E-09,5.63E-09,171483,family with sequence similarity 9 member B,
HILS1,14.31312625,3.309667243,0.570693066,1.20E-09,5.66E-09,NA,NA,
RP11-373D23.3,36.84052971,1.474384921,0.254537478,1.20E-09,5.68E-09,NA,NA,
MGAT4A,59.60778011,1.218262758,0.208985461,1.20E-09,5.68E-09,11320,"alpha-1,3-mannosyl-glycoprotein 4-beta-N-acetylglucosaminyltransferase A",
OVOL2,109.3073372,-1.007485705,0.171524156,1.21E-09,5.74E-09,58495,ovo like zinc finger 2,
PSG1,28.18262323,1.671472038,0.289944659,1.26E-09,5.96E-09,5669,pregnancy specific beta-1-glycoprotein 1,
SERPING1,42.10755002,1.812054563,0.317273277,1.38E-09,6.49E-09,710,serpin family G member 1,
RP6-91H8.3,35.13743403,-1.522693341,0.26486587,1.42E-09,6.68E-09,NA,NA,
AC058791.1,64.19503139,-1.087999015,0.186793985,1.46E-09,6.86E-09,NA,NA,
LGALS9,34.21202655,1.60394782,0.279592345,1.48E-09,6.95E-09,3965,galectin 9,
AC011747.7,27.58348664,1.84896523,0.324405623,1.58E-09,7.41E-09,NA,NA,
DYNLRB2,33.68722129,1.748910703,0.306817331,1.58E-09,7.44E-09,83657,dynein light chain roadblock-type 2,
AGXT,44.65052256,1.81332863,0.319512508,1.65E-09,7.74E-09,189,alanine--glyoxylate aminotransferase,
RP11-845M18.6,22.10530131,2.075611542,0.364736599,1.65E-09,7.76E-09,NA,NA,
C1orf101,22.39215044,1.981677848,0.348299748,1.69E-09,7.94E-09,NA,NA,
IL32,891.2648863,1.400092216,0.244744127,1.72E-09,8.07E-09,9235,interleukin 32,
RP11-722A15.2,69.90665364,1.054868762,0.1815661,1.75E-09,8.19E-09,NA,NA,
CTC-510F12.2,42.40930322,1.459305124,0.255359875,1.79E-09,8.35E-09,NA,NA,
AC008268.2,69.42836729,-1.035468923,0.178555106,1.85E-09,8.64E-09,NA,NA,
MORN5,15.95196222,2.704511877,0.476823954,1.92E-09,8.98E-09,254956,MORN repeat containing 5,
CTD-3128G10.7,16.37440331,2.651335777,0.468535601,2.07E-09,9.63E-09,NA,NA,
CEACAM1,29.63746192,1.624106959,0.285897495,2.11E-09,9.81E-09,634,CEA cell adhesion molecule 1,
RP11-46D6.1,48.64647617,1.610728346,0.284810132,2.14E-09,9.98E-09,NA,NA,
RP11-417L14.1,17.39319694,-2.231969479,0.396008127,2.18E-09,1.01E-08,NA,NA,
CD177,39.95781517,1.339110002,0.234638332,2.26E-09,1.05E-08,57126,CD177 molecule,
RAB26,57.27497186,1.177413291,0.205324628,2.29E-09,1.06E-08,25837,"RAB26, member RAS oncogene family",
CTD-2066L21.3,84.84227805,-1.054902864,0.183470467,2.34E-09,1.09E-08,NA,NA,
FAM27C,19.20062732,-2.460291694,0.439891677,2.37E-09,1.10E-08,100132948,family with sequence similarity 27 member C,
ZMYND15,30.84608545,2.229624329,0.400224038,2.46E-09,1.14E-08,84225,zinc finger MYND-type containing 15,
RSPO3,20.41191336,2.09489329,0.373192415,2.54E-09,1.18E-08,84870,R-spondin 3,
FAM78A,79.4718113,1.128189905,0.197218408,2.64E-09,1.22E-08,286336,family with sequence similarity 78 member A,
IL12A,50.79363914,-1.257361275,0.221533055,2.77E-09,1.28E-08,3592,interleukin 12A,
RP11-313D6.4,64.34281871,1.214106628,0.213514652,2.79E-09,1.29E-08,NA,NA,
AL133493.2,74.81331165,1.096254369,0.191944528,2.88E-09,1.33E-08,NA,NA,
TRIM63,16.02694322,5.047048297,0.857576875,2.94E-09,1.35E-08,84676,tripartite motif containing 63,
PDZK1IP1,17.49008258,2.317394655,0.414285115,2.96E-09,1.36E-08,10158,PDZK1 interacting protein 1,
PIK3R5,68.27857346,1.381412963,0.244809255,2.96E-09,1.36E-08,23533,phosphoinositide-3-kinase regulatory subunit 5,
CPNE9,19.96821796,2.23813898,0.402414262,3.02E-09,1.39E-08,151835,copine family member 9,
TMPRSS7,16.50752897,2.476040202,0.443462912,3.22E-09,1.48E-08,344805,transmembrane serine protease 7,
AC005330.2,36.41338583,1.589131722,0.284763687,3.46E-09,1.59E-08,NA,NA,
LLNLR-271C9.1,13.70923491,2.945720181,0.525917776,3.53E-09,1.62E-08,NA,NA,
HHEX,45.53249778,-1.23129299,0.218339633,3.63E-09,1.66E-08,3087,hematopoietically expressed homeobox,
LPAR1,49.97415771,-1.34591469,0.239941335,3.70E-09,1.69E-08,1902,lysophosphatidic acid receptor 1,
KRT123P,12.63509911,3.487673117,0.618027106,3.79E-09,1.73E-08,NA,NA,
AC018809.6,84.20285128,-1.008100514,0.177670053,3.97E-09,1.81E-08,NA,NA,
WNT4,23.05858408,1.835858871,0.330777099,4.03E-09,1.84E-08,54361,Wnt family member 4,
TMEM59L,85.89464348,1.044368556,0.184347654,4.03E-09,1.84E-08,25789,transmembrane protein 59 like,
CCDC64B,56.36175301,1.279662147,0.228154057,4.10E-09,1.87E-08,NA,NA,
AKR1C3,513.2231802,1.557425001,0.281320658,4.22E-09,1.92E-08,8644,aldo-keto reductase family 1 member C3,
TMPRSS3,14.37966208,2.763985754,0.498801354,4.49E-09,2.04E-08,64699,transmembrane serine protease 3,
DHRS12,34.96319021,1.395132323,0.250176308,4.56E-09,2.07E-08,79758,dehydrogenase/reductase 12,
RP1-102E24.8,62.56683989,-1.159639187,0.206784504,4.57E-09,2.08E-08,NA,NA,
INHBE,43.6717038,1.273741091,0.227707875,4.60E-09,2.09E-08,83729,inhibin subunit beta E,
MYOZ1,16.0467767,2.505576765,0.454553721,4.63E-09,2.10E-08,58529,myozenin 1,
ERVV-1,20.84926306,2.124704209,0.386536001,4.64E-09,2.11E-08,147664,"endogenous retrovirus group V member 1, envelope",
RNF39,45.28154829,1.347982835,0.24200915,4.82E-09,2.18E-08,80352,ring finger protein 39,
FST,19.27506392,-2.211129502,0.403533728,4.94E-09,2.24E-08,10468,follistatin,
DNAAF1,56.01939503,1.10115147,0.196357392,5.33E-09,2.41E-08,123872,dynein axonemal assembly factor 1,
RP3-325F22.5,36.65280534,-1.492102274,0.270692405,5.50E-09,2.48E-08,NA,NA,
TMEM163,26.56249127,1.891948092,0.345995189,5.55E-09,2.50E-08,81615,transmembrane protein 163,
TMEM191C,12.95677255,2.995641639,0.542128641,5.77E-09,2.60E-08,645426,transmembrane protein 191C,
DFNB59,85.77852606,1.06689441,0.190961109,5.97E-09,2.69E-08,NA,NA,
MROH8,58.06062514,1.073001346,0.191876053,6.10E-09,2.74E-08,140699,maestro heat like repeat family member 8,
U73167.7,16.05387376,2.336706483,0.426911833,6.10E-09,2.74E-08,NA,NA,
RP11-760H22.2,26.34050274,1.847989476,0.338570542,6.26E-09,2.81E-08,NA,NA,
RP11-280F2.2,27.80412975,1.678584103,0.30637314,6.36E-09,2.85E-08,NA,NA,
APBB1IP,13.52853636,4.382152235,0.776498051,6.50E-09,2.92E-08,54518,amyloid beta precursor protein binding family B member 1 interacting protein,
SPRR2D,13.22501908,2.8760951,0.524394497,6.67E-09,2.99E-08,6703,small proline rich protein 2D,
RP11-153A23.6,20.04294975,1.999842791,0.367472258,6.89E-09,3.09E-08,NA,NA,
RP11-112L6.3,26.92873033,1.651560561,0.302273127,7.03E-09,3.15E-08,NA,NA,
PRSS27,36.11469076,1.376966041,0.250528047,7.23E-09,3.23E-08,83886,serine protease 27,
LEMD1,63.67783368,1.311391942,0.239042911,7.86E-09,3.51E-08,93273,LEM domain containing 1,
RP11-248C1.2,41.55140629,1.42833124,0.26141874,7.93E-09,3.54E-08,NA,NA,
CTD-2515O10.6,50.87738656,-1.132671437,0.204937451,7.96E-09,3.55E-08,NA,NA,
KLHDC1,27.29005866,1.570441925,0.288003552,8.10E-09,3.61E-08,122773,kelch domain containing 1,
FAM65C,14.77482195,2.576515096,0.475755055,8.48E-09,3.78E-08,NA,NA,
TMPRSS6,67.53527311,1.045498078,0.188891623,8.57E-09,3.82E-08,164656,transmembrane serine protease 6,
MBNL1-AS1,59.6030481,1.139298994,0.20672577,8.69E-09,3.87E-08,401093,MBNL1 antisense RNA 1,
ZBTB7C,78.84683086,1.155935816,0.210151187,8.84E-09,3.93E-08,201501,zinc finger and BTB domain containing 7C,
DHDH,88.7692545,1.066365509,0.193215439,8.89E-09,3.95E-08,27294,dihydrodiol dehydrogenase,
ANKRD53,19.81243883,2.118581901,0.391748351,8.99E-09,3.99E-08,79998,ankyrin repeat domain 53,
FAM172B,23.81316357,-1.776987331,0.329523561,9.14E-09,4.06E-08,NA,NA,
TRPV6,36.27286639,1.670447732,0.309529581,9.24E-09,4.10E-08,55503,transient receptor potential cation channel subfamily V member 6,
RP11-893F2.14,7.336294291,7.060308306,2.530804486,9.54E-09,4.23E-08,NA,NA,
FAM196B,15.69148192,-2.701506704,0.504955019,9.82E-09,4.35E-08,NA,NA,
RP11-456H18.2,29.09551716,1.611631809,0.298315559,9.94E-09,4.40E-08,NA,NA,
C2orf70,14.75494239,-2.615403337,0.488650106,1.07E-08,4.74E-08,NA,NA,
CKMT1B,125.8017513,1.003770619,0.182920714,1.17E-08,5.15E-08,1159,"creatine kinase, mitochondrial 1B",
RP11-7F17.5,25.7663545,1.642786907,0.305796532,1.17E-08,5.17E-08,NA,NA,
SLC7A2,119.6662494,-1.321608231,0.244813128,1.19E-08,5.26E-08,6542,solute carrier family 7 member 2,
FAM83E,15.10258235,2.412421661,0.450718832,1.20E-08,5.28E-08,54854,family with sequence similarity 83 member E,
PPP1R32,40.14124516,1.373486545,0.254163845,1.22E-08,5.36E-08,NA,NA,
MYOM1,27.45819224,1.691707241,0.315858165,1.24E-08,5.45E-08,8736,myomesin 1,
PLIN5,29.00606511,1.844524227,0.346871727,1.27E-08,5.60E-08,440503,perilipin 5,
HRCT1,22.24259669,2.177051536,0.410745267,1.30E-08,5.69E-08,646962,histidine rich carboxyl terminus 1,
RP11-446N19.1,42.71340353,1.54154155,0.288232722,1.32E-08,5.79E-08,NA,NA,
GTF2IRD2B,42.11674152,1.245711043,0.230073115,1.32E-08,5.81E-08,389524,GTF2I repeat domain containing 2B,
RP11-554A11.10,50.77404369,1.466846865,0.273789879,1.36E-08,5.94E-08,NA,NA,
CFH,256.8520449,1.002804089,0.183800576,1.40E-08,6.13E-08,3075,complement factor H,
ACTL8,51.91725578,-1.458470354,0.272889426,1.41E-08,6.15E-08,81569,actin like 8,
CITF22-92A6.1,61.76996377,1.129098342,0.208237992,1.41E-08,6.18E-08,NA,NA,
RP11-96H19.1,65.29756035,1.11474754,0.205736707,1.49E-08,6.52E-08,NA,NA,
IL4I1,26.64899301,1.629472495,0.305823488,1.50E-08,6.55E-08,259307,interleukin 4 induced 1,
RP11-722C17.1,44.46231507,1.229802355,0.228442585,1.59E-08,6.92E-08,NA,NA,
PHYHIP,50.84722781,1.251559045,0.232964243,1.60E-08,6.98E-08,9796,phytanoyl-CoA 2-hydroxylase interacting protein,
RP11-278L15.1,26.08837284,1.750929536,0.330407972,1.62E-08,7.06E-08,NA,NA,
RP11-467J12.4,59.04031895,1.03341666,0.19037932,1.62E-08,7.07E-08,NA,NA,
EMILIN1,32.59364799,1.472134532,0.276204833,1.63E-08,7.11E-08,11117,elastin microfibril interfacer 1,
LUM,14.12419006,2.608294184,0.49232067,1.64E-08,7.13E-08,4060,lumican,
RP11-93B14.10,20.60734599,1.829796514,0.345358358,1.66E-08,7.22E-08,NA,NA,
S1PR1,19.50884203,2.562644057,0.488712102,1.66E-08,7.23E-08,1901,sphingosine-1-phosphate receptor 1,
ANXA8L1,29.06111873,1.510606881,0.28366619,1.67E-08,7.28E-08,728113,annexin A8 like 1,
GS1-44D20.1,54.89529264,1.141538657,0.211914521,1.71E-08,7.44E-08,NA,NA,
CTD-2165H16.2,23.60541352,-1.642891772,0.310365503,1.76E-08,7.63E-08,NA,NA,
TSKS,33.69879072,1.398869086,0.262377517,1.76E-08,7.63E-08,60385,testis specific serine kinase substrate,
RP11-736K20.6,15.88677545,2.232934036,0.423049996,1.78E-08,7.73E-08,NA,NA,
RP13-178D16.2,37.67166866,-1.346981649,0.252734243,1.81E-08,7.86E-08,NA,NA,
RP11-325F22.2,95.21120953,1.081837817,0.200762358,1.84E-08,7.96E-08,NA,NA,
RP11-290H9.4,15.34684483,2.428718574,0.461691166,1.85E-08,8.00E-08,NA,NA,
RP3-473B4.3,13.89454744,2.70033323,0.511756964,1.85E-08,8.00E-08,NA,NA,
MIR621,19.9485543,-1.917725055,0.365208488,1.87E-08,8.10E-08,693206,microRNA 621,
C16orf86,62.48622231,1.14328723,0.21310043,1.91E-08,8.26E-08,388284,chromosome 16 open reading frame 86,
RP11-488P3.1,57.25993963,-1.091498783,0.203173391,1.95E-08,8.45E-08,NA,NA,
RP11-182J1.14,20.28936706,1.86156095,0.353384753,1.95E-08,8.45E-08,NA,NA,
RP11-342M1.3,29.85987452,-1.485076872,0.280580319,1.98E-08,8.56E-08,NA,NA,
ERICD,32.79265374,1.459061539,0.275422791,1.99E-08,8.60E-08,104355217,E2F1-regulated inhibitor of cell death,
CHI3L2,75.23063859,1.074433067,0.20019339,2.11E-08,9.12E-08,1117,chitinase 3 like 2,
RP5-1021I20.1,60.10378401,1.161010902,0.217364459,2.13E-08,9.21E-08,NA,NA,
SLC7A10,11.72591161,3.169620059,0.597827623,2.16E-08,9.33E-08,56301,solute carrier family 7 member 10,
NKPD1,48.97136974,1.224344028,0.230181892,2.21E-08,9.52E-08,284353,NTPase KAP family P-loop domain containing 1,
NDP,11.95252036,-3.144028621,0.598955918,2.22E-08,9.57E-08,4693,norrin cystine knot growth factor NDP,
TMEM220-AS1,15.64137418,2.3689354,0.45386307,2.28E-08,9.83E-08,101101775,TMEM220 antisense RNA 1,
TTLL9,17.40269346,2.153019039,0.413216241,2.45E-08,1.05E-07,164395,tubulin tyrosine ligase like 9,
RP11-278A23.1,30.63716005,-1.467262676,0.279677649,2.53E-08,1.09E-07,NA,NA,
ZNF843,41.11065177,1.496398177,0.285788001,2.58E-08,1.11E-07,283933,zinc finger protein 843,
TNXB,126.9524075,1.246787202,0.236743982,2.75E-08,1.18E-07,7148,tenascin XB,
SYNPO2,121.8998634,1.226964099,0.232931626,2.81E-08,1.20E-07,171024,synaptopodin 2,
CTC-301O7.4,34.42432947,1.444925668,0.275928368,2.83E-08,1.21E-07,NA,NA,
WI2-87327B8.2,27.47341562,1.621696862,0.311222651,2.89E-08,1.24E-07,NA,NA,
DUOX2,13.25676149,2.625594,0.504867902,2.93E-08,1.25E-07,50506,dual oxidase 2,
GBP4,16.60081318,2.367465006,0.459353574,2.95E-08,1.26E-07,115361,guanylate binding protein 4,
RP11-153M3.1,70.43078031,-1.055155426,0.198942744,2.96E-08,1.26E-07,NA,NA,
RP11-348A11.5,83.79081314,1.010682566,0.190146831,3.07E-08,1.31E-07,NA,NA,
IL36RN,86.12066858,1.034968734,0.195150488,3.16E-08,1.35E-07,26525,interleukin 36 receptor antagonist,
TUBB2B,17.23911439,2.12779832,0.412406233,3.17E-08,1.35E-07,347733,tubulin beta 2B class IIb,
RP11-57A19.2,22.644861,-1.81000971,0.351279024,3.26E-08,1.39E-07,NA,NA,
NOXA1,35.741377,1.562219594,0.301839998,3.36E-08,1.43E-07,10811,NADPH oxidase activator 1,
TUBBP1,62.21295594,-1.094335426,0.207965086,3.48E-08,1.48E-07,92755,tubulin beta pseudogene 1,
AC021218.2,40.45540988,-1.320183979,0.253164025,3.48E-08,1.48E-07,NA,NA,
PRR29,58.95205038,1.033377435,0.195596802,3.53E-08,1.50E-07,92340,proline rich 29,
TSPAN1,61.09393181,1.004392004,0.18972754,3.54E-08,1.50E-07,10103,tetraspanin 1,
HS3ST1,70.07320498,-1.014916858,0.192147602,3.65E-08,1.55E-07,9957,heparan sulfate-glucosamine 3-sulfotransferase 1,
ST8SIA1,66.62430901,1.05913107,0.20097443,3.71E-08,1.57E-07,6489,"ST8 alpha-N-acetyl-neuraminide alpha-2,8-sialyltransferase 1",
AC073043.1,31.60283595,-1.518837947,0.294352695,3.72E-08,1.58E-07,NA,NA,
PSORS1C2,19.17019861,1.915927387,0.373085755,3.73E-08,1.58E-07,170680,psoriasis susceptibility 1 candidate 2,
PDZK1,40.089034,1.47290921,0.284933232,3.78E-08,1.60E-07,5174,PDZ domain containing 1,
BRICD5,66.42727518,-1.027243161,0.195135324,3.81E-08,1.61E-07,283870,BRICHOS domain containing 5,
NMRK2,15.18138313,2.316199049,0.452074984,3.85E-08,1.63E-07,27231,nicotinamide riboside kinase 2,
RP11-91K9.1,16.97553946,2.252937306,0.441285804,4.02E-08,1.70E-07,NA,NA,
RP11-483C6.2,39.34434509,1.273989301,0.244988898,4.03E-08,1.70E-07,NA,NA,
DEFB1,13.55166256,2.890429491,0.565972027,4.12E-08,1.74E-07,1672,defensin beta 1,
SAMD12,12.75303562,2.81162853,0.548037351,4.18E-08,1.76E-07,401474,sterile alpha motif domain containing 12,
RP11-420G6.4,18.21133799,2.222802029,0.436852659,4.27E-08,1.80E-07,NA,NA,
AC009477.6,10.16359029,-4.079213216,0.769548891,4.35E-08,1.83E-07,NA,NA,
RP11-244M2.1,25.63443535,-1.535394889,0.2989878,4.38E-08,1.85E-07,NA,NA,
RP11-21L23.2,47.40305994,1.120687043,0.214732336,4.56E-08,1.92E-07,NA,NA,
ASIC4,19.0067553,1.855301017,0.363912737,4.89E-08,2.05E-07,55515,acid sensing ion channel subunit family member 4,
TCN1,80.70385908,-1.368702269,0.266956248,4.94E-08,2.08E-07,6947,transcobalamin 1,
MIR3142HG,23.49588915,-1.811122912,0.358661287,5.24E-08,2.20E-07,107075116,MIR3142 host gene,
SRPK3,57.33298301,-1.023023237,0.196377523,5.25E-08,2.20E-07,26576,SRSF protein kinase 3,
RP11-203J24.8,29.47436364,1.463275015,0.286250822,5.35E-08,2.24E-07,NA,NA,
AC002116.7,17.4362745,-2.097948194,0.415762145,5.39E-08,2.26E-07,NA,NA,
SCN4B,46.94797893,1.317077487,0.256528035,5.42E-08,2.27E-07,6330,sodium voltage-gated channel beta subunit 4,
CH17-55D9.1,28.40008479,1.576257677,0.309624782,5.59E-08,2.34E-07,NA,NA,
SOWAHB,17.56262747,2.023324444,0.40000707,5.78E-08,2.41E-07,345079,sosondowah ankyrin repeat domain family member B,
AC097711.1,8.572491789,-5.51170981,1.290640386,5.92E-08,2.47E-07,NA,NA,
RP11-117P22.2,9.948747541,-3.447741793,0.672490537,6.06E-08,2.53E-07,NA,NA,
OSCAR,54.74691804,1.004427905,0.193751179,6.45E-08,2.69E-07,126014,osteoclast associated Ig-like receptor,
TBX4,22.62588691,1.755999771,0.348190418,6.52E-08,2.71E-07,9496,T-box transcription factor 4,
ZNF670-ZNF695,12.30393647,-2.501972751,0.498767678,6.63E-08,2.76E-07,100533111,ZNF670-ZNF695 readthrough (NMD candidate),
SLC26A10,18.78022174,1.83223291,0.363695836,6.76E-08,2.81E-07,NA,NA,
KLHL30,12.42973547,2.508420413,0.497734829,6.82E-08,2.84E-07,377007,kelch like family member 30,
SAA2,6.048213644,6.695314008,2.501155884,6.89E-08,2.87E-07,6289,serum amyloid A2,
OSR2,50.79338036,-1.120027278,0.218259648,6.91E-08,2.87E-07,116039,odd-skipped related transciption factor 2,
CTD-2228K2.1,12.01355199,2.70898094,0.53878726,7.24E-08,3.00E-07,NA,NA,
ZSCAN4,10.36576857,3.642567692,0.708901221,7.33E-08,3.04E-07,201516,zinc finger and SCAN domain containing 4,
MKRN2OS,26.58378524,1.623860907,0.323150067,7.47E-08,3.09E-07,100129480,MKRN2 opposite strand,
MEI1,40.31180697,-1.187235861,0.232798965,7.55E-08,3.12E-07,150365,meiotic double-stranded break formation protein 1,
CTD-2207P18.2,11.06316181,-3.006837559,0.600305678,7.57E-08,3.13E-07,NA,NA,
NKD2,39.01861718,-1.341548748,0.265203707,7.60E-08,3.14E-07,85409,NKD inhibitor of WNT signaling pathway 2,
KB-1460A1.5,28.9511589,1.406550635,0.278269807,7.87E-08,3.25E-07,NA,NA,
RP11-276H7.2,15.82693372,-1.997026722,0.400545382,8.06E-08,3.33E-07,NA,NA,
RP1-122P22.2,15.81279937,2.137749349,0.428545627,8.07E-08,3.33E-07,NA,NA,
RP4-646B12.2,38.33504695,1.22132283,0.240334034,8.09E-08,3.34E-07,NA,NA,
UBE2SP2,14.26101147,-2.259633594,0.455539351,8.34E-08,3.44E-07,440406,ubiquitin conjugating enzyme E2 S pseudogene 2,
RERG,16.37694243,2.181601613,0.439793967,8.50E-08,3.50E-07,85004,RAS like estrogen regulated growth inhibitor,
RP1-151B14.6,29.67715381,1.359592807,0.269360968,8.57E-08,3.53E-07,NA,NA,
RP11-461A8.4,22.39956808,-1.702756998,0.341934022,8.63E-08,3.56E-07,NA,NA,
RP11-461N23.3,22.33568675,-1.663683812,0.333611659,8.75E-08,3.60E-07,NA,NA,
TMEM178A,18.67741712,1.866799735,0.37536525,8.84E-08,3.64E-07,130733,transmembrane protein 178A,
IL23A,66.67302115,1.053616751,0.206562855,8.89E-08,3.66E-07,51561,interleukin 23 subunit alpha,
TMEM9B-AS1,55.52728405,1.087650498,0.213646014,9.13E-08,3.75E-07,493900,TMEM9B antisense RNA 1,
PLXNA4,64.09604536,-1.041226857,0.204477107,9.62E-08,3.95E-07,91584,plexin A4,
SPINK1,18.28585519,2.14468227,0.435959798,9.96E-08,4.09E-07,6690,serine peptidase inhibitor Kazal type 1,
PATE2,11.49416169,-2.516059841,0.508192875,9.98E-08,4.10E-07,399967,prostate and testis expressed 2,
RP11-255N24.3,40.80650924,-1.138863035,0.225405832,1.05E-07,4.28E-07,NA,NA,
MIR17HG,56.22028177,-1.268965565,0.25360074,1.05E-07,4.28E-07,407975,miR-17-92a-1 cluster host gene,
LY96,227.158301,1.003705542,0.197561631,1.05E-07,4.32E-07,23643,lymphocyte antigen 96,
RP11-810P12.7,27.9621018,1.436299308,0.288256448,1.11E-07,4.52E-07,NA,NA,
DRP2,20.32475567,-1.761200089,0.357107878,1.11E-07,4.52E-07,1821,dystrophin related protein 2,
AC008265.2,11.55004763,-2.788363535,0.566643422,1.14E-07,4.65E-07,NA,NA,
KLC3,113.8922615,1.035858617,0.204787086,1.14E-07,4.65E-07,147700,kinesin light chain 3,
ZFP57,10.39039614,3.963295458,0.778368726,1.16E-07,4.75E-07,346171,ZFP57 zinc finger protein,
RP11-365P13.3,30.77499415,-1.396207382,0.280987966,1.18E-07,4.79E-07,NA,NA,
RP11-775D22.2,11.55862711,3.778147066,0.758204528,1.19E-07,4.84E-07,NA,NA,
GRHL3,11.79419451,2.6792814,0.543545367,1.20E-07,4.88E-07,57822,grainyhead like transcription factor 3,
CLEC2B,31.34400542,1.422675869,0.287184141,1.25E-07,5.07E-07,9976,C-type lectin domain family 2 member B,
RP5-1063M23.2,35.77873029,-1.267830173,0.254960691,1.33E-07,5.38E-07,NA,NA,
RP11-834C11.3,29.44143477,1.370588225,0.276532834,1.34E-07,5.42E-07,NA,NA,
RP11-21B23.2,10.25804634,-3.077116873,0.625111417,1.35E-07,5.46E-07,NA,NA,
AC005592.2,10.2447879,-3.068973908,0.62483895,1.38E-07,5.61E-07,NA,NA,
CKS1BP6,18.65753932,-1.955803516,0.402611869,1.40E-07,5.65E-07,652904,CDC28 protein kinase regulatory subunit 1B pseudogene 6,
RP11-746P2.3,12.84869419,-2.568389238,0.529369848,1.41E-07,5.69E-07,NA,NA,
RP11-766F14.2,18.7953751,1.888961739,0.38725012,1.44E-07,5.82E-07,NA,NA,
RP11-366O20.4,39.44003911,-1.179853856,0.237084371,1.44E-07,5.83E-07,NA,NA,
ABCA17P,58.00805868,-1.141993947,0.229471092,1.46E-07,5.89E-07,650655,"ATP binding cassette subfamily A member 17, pseudogene",
NRROS,21.82946523,-1.611430802,0.32964037,1.49E-07,6.00E-07,375387,negative regulator of reactive oxygen species,
PRSS35,18.38902905,1.84157566,0.377950418,1.50E-07,6.07E-07,167681,serine protease 35,
RP11-417E7.1,24.4740859,1.61835773,0.331366485,1.53E-07,6.17E-07,NA,NA,
BEAN1,70.07120705,1.001045042,0.199726219,1.57E-07,6.32E-07,146227,brain expressed associated with NEDD4 1,
BDNF-AS1,15.95734462,1.99728794,0.411050843,1.61E-07,6.47E-07,NA,NA,
STX19,13.38159821,2.39501412,0.494913798,1.69E-07,6.80E-07,415117,syntaxin 19,
SPON2,32.38903645,1.34906144,0.274707281,1.70E-07,6.84E-07,10417,spondin 2,
RP1-111C20.4,24.40597467,1.610785586,0.331665224,1.75E-07,7.05E-07,NA,NA,
SLIT1,24.21067319,1.645035438,0.33888601,1.75E-07,7.05E-07,6585,slit guidance ligand 1,
AOC1,68.18249224,1.050264697,0.211117264,1.77E-07,7.10E-07,26,amine oxidase copper containing 1,
RP11-411G2.1,16.57929271,-1.870546903,0.387264773,1.78E-07,7.15E-07,NA,NA,
MGAM,36.70938125,-1.351012556,0.276813398,1.86E-07,7.45E-07,8972,maltase-glucoamylase,
RP4-726N20.2,39.53515076,1.191538945,0.242129625,1.91E-07,7.65E-07,NA,NA,
GGACT,44.16054145,1.102871709,0.222888793,1.93E-07,7.71E-07,87769,gamma-glutamylamine cyclotransferase,
MOGAT3,5.468513311,6.498877137,2.487190034,1.94E-07,7.75E-07,346606,monoacylglycerol O-acyltransferase 3,
CACNB2,32.75227942,-1.48327971,0.306686084,2.05E-07,8.21E-07,783,calcium voltage-gated channel auxiliary subunit beta 2,
GPR143,13.2542054,2.271350588,0.474078138,2.19E-07,8.71E-07,4935,G protein-coupled receptor 143,
RP1-290I10.8,23.19759508,1.682122066,0.351227812,2.30E-07,9.15E-07,NA,NA,
TNNI2,18.15386768,1.818891466,0.380106914,2.35E-07,9.36E-07,7136,"troponin I2, fast skeletal type",
RP11-318M2.2,41.21847627,1.155638435,0.236249674,2.37E-07,9.40E-07,NA,NA,
GPR146,37.13830514,1.374590063,0.28502937,2.52E-07,1.00E-06,115330,G protein-coupled receptor 146,
ANKRD18DP,9.333195731,-3.600055432,0.741209466,2.56E-07,1.01E-06,348840,"ankyrin repeat domain 18D, pseudogene",
RP3-330O12.5,11.51376761,2.48620106,0.521759965,2.60E-07,1.03E-06,NA,NA,
MYLK3,23.6607537,1.68569397,0.354116222,2.69E-07,1.06E-06,91807,myosin light chain kinase 3,
RAB19,11.71353519,2.39987429,0.505130101,2.85E-07,1.13E-06,401409,"RAB19, member RAS oncogene family",
GFRA3,37.00937623,1.380538802,0.28832369,2.91E-07,1.15E-06,2676,GDNF family receptor alpha 3,
AC144831.1,9.474503359,3.481734203,0.719151255,2.98E-07,1.17E-06,NA,NA,
GLDC,17.70722608,-1.808819633,0.382966827,3.02E-07,1.19E-06,2731,glycine decarboxylase,
FAM71F2,41.90248826,1.157700046,0.23928625,3.02E-07,1.19E-06,NA,NA,
RAG1,49.42769441,1.155799035,0.238923196,3.04E-07,1.20E-06,5896,recombination activating 1,
BCAN,45.78331413,-1.143187519,0.236483496,3.07E-07,1.21E-06,63827,brevican,
CTD-2623N2.3,26.45778333,1.386958261,0.290602638,3.28E-07,1.29E-06,NA,NA,
COL4A4,35.77520073,1.618044449,0.343701598,3.31E-07,1.30E-06,1286,collagen type IV alpha 4 chain,
CYP4F23P,5.190885533,6.398335072,2.483439932,3.51E-07,1.37E-06,100422238,"cytochrome P450 family 4 subfamily F member 23, pseudogene",
RP11-386C23.1,17.09823853,-1.859636085,0.396919166,3.52E-07,1.38E-06,NA,NA,
SLC38A8,9.728493885,4.24917018,0.858578875,3.54E-07,1.38E-06,146167,solute carrier family 38 member 8,
GPR162,30.38305928,1.308862589,0.274292768,3.58E-07,1.40E-06,27239,G protein-coupled receptor 162,
PA2G4P4,36.25570225,-1.40634729,0.297535098,3.67E-07,1.44E-06,647033,proliferation-associated 2G4 pseudogene 4,
RP1-257A7.4,21.77133574,1.573639734,0.333837939,3.77E-07,1.47E-06,NA,NA,
C6orf100,11.39208311,3.258928934,0.698169786,3.98E-07,1.55E-06,NA,NA,
FGF19,30.80405931,1.378578956,0.291814148,4.04E-07,1.57E-06,9965,fibroblast growth factor 19,
NPPB,21.03481298,2.166296905,0.470097903,4.06E-07,1.58E-06,4879,natriuretic peptide B,
GSTA1,14.43968891,2.124866087,0.457066132,4.14E-07,1.61E-06,2938,glutathione S-transferase alpha 1,
GDF5,46.00912406,1.131066688,0.236601296,4.15E-07,1.61E-06,8200,growth differentiation factor 5,
CTA-293F17.1,12.96464091,2.220075179,0.477280095,4.21E-07,1.64E-06,NA,NA,
TRIM29,10.6453269,2.811891066,0.601706085,4.32E-07,1.68E-06,23650,tripartite motif containing 29,
KIAA0319,38.03966185,1.13491439,0.238088129,4.49E-07,1.74E-06,9856,KIAA0319,
RP11-477J21.7,14.28026843,2.031144008,0.43729639,4.57E-07,1.77E-06,NA,NA,
SEMA7A,4310.515739,-1.358413553,0.290934741,4.78E-07,1.85E-06,8482,semaphorin 7A (JohnMiltonHagen blood group),
AC015849.16,31.07680482,-1.377092065,0.29387889,4.81E-07,1.86E-06,NA,NA,
FAM49A,13.64508872,2.219875794,0.480813734,4.93E-07,1.90E-06,NA,NA,
NMNAT3,37.02633677,1.250008341,0.26535154,5.11E-07,1.97E-06,349565,nicotinamide nucleotide adenylyltransferase 3,
SNAI3,21.46752746,1.831983571,0.397825315,5.13E-07,1.98E-06,333929,snail family transcriptional repressor 3,
CFAP74,35.22971631,1.220860019,0.258793987,5.14E-07,1.98E-06,85452,cilia and flagella associated protein 74,
RP5-1120P11.1,37.31589068,-1.128017845,0.238187839,5.19E-07,2.00E-06,NA,NA,
MMP28,49.97363655,1.475302539,0.317993399,5.29E-07,2.04E-06,79148,matrix metallopeptidase 28,
CEACAMP10,9.333923285,2.970949721,0.636037876,5.31E-07,2.05E-06,1098,CEA cell adhesion molecule pseudogene 10,
RP11-24M17.7,28.10691082,1.341733537,0.286706346,5.44E-07,2.10E-06,NA,NA,
CLCNKB,16.4583058,1.87814134,0.40842526,5.46E-07,2.10E-06,1188,chloride voltage-gated channel Kb,
SMCO3,12.56058743,2.278127941,0.495740093,5.57E-07,2.14E-06,440087,single-pass membrane protein with coiled-coil domains 3,
ATP2B2,25.98891447,-1.376906747,0.295928993,5.65E-07,2.17E-06,491,ATPase plasma membrane Ca2+ transporting 2,
ZNF233,46.35225502,1.119814457,0.237487057,5.91E-07,2.27E-06,353355,zinc finger protein 233,
RP13-890H12.2,30.71829033,1.215379163,0.259089478,6.00E-07,2.30E-06,NA,NA,
ABI3BP,60.25996497,1.228702471,0.262856403,6.01E-07,2.30E-06,25890,ABI family member 3 binding protein,
SHC2,51.21156923,1.031016251,0.217653607,6.04E-07,2.32E-06,25759,SHC adaptor protein 2,
RP11-539E17.4,51.80616612,-1.056330046,0.223882296,6.10E-07,2.34E-06,NA,NA,
CTC-203F4.2,23.9407572,1.417323815,0.305315866,6.11E-07,2.34E-06,NA,NA,
N4BP2L1,17.71653508,1.709532705,0.371762412,6.18E-07,2.37E-06,90634,NEDD4 binding protein 2 like 1,
GUCY2D,10.05190226,2.707664897,0.589371585,6.45E-07,2.47E-06,3000,"guanylate cyclase 2D, retinal",
RP5-894A10.5,22.94353698,1.5790511,0.34404147,6.64E-07,2.54E-06,NA,NA,
RP11-346E17.4,35.58962381,1.331613259,0.287681142,6.69E-07,2.56E-06,NA,NA,
UPK3B,20.27326019,1.634378563,0.356415497,6.73E-07,2.57E-06,105375355,uroplakin 3B,
MLLT4-AS1,16.72496442,1.917516828,0.421960972,6.95E-07,2.65E-06,NA,NA,
PALM3,19.24210158,1.798138255,0.395093959,6.95E-07,2.66E-06,342979,paralemmin 3,
RASL10A,22.34811356,-1.790882788,0.395941327,6.96E-07,2.66E-06,10633,RAS like family 10 member A,
KLRC1,9.958042403,2.692146403,0.588249465,7.07E-07,2.70E-06,3821,killer cell lectin like receptor C1,
SERPINB4,36.51948054,1.771751612,0.391933511,7.13E-07,2.72E-06,6318,serpin family B member 4,
AC003092.1,19.51023563,-1.656201511,0.364747937,7.57E-07,2.88E-06,NA,NA,
CTB-30L5.1,12.20228247,2.451575491,0.542593912,7.62E-07,2.90E-06,102724339,uncharacterized CTB-30L5.1,
CACNA2D4,15.96094425,1.971132794,0.43666725,7.83E-07,2.98E-06,93589,calcium voltage-gated channel auxiliary subunit alpha2delta 4,
RP11-499P20.2,36.20932676,-1.114275452,0.239302909,7.87E-07,2.99E-06,NA,NA,
Sept-03,39.92967018,1.10936644,0.238112171,7.94E-07,3.02E-06,NA,NA,
CKLF,19.70858702,-1.59075206,0.350341561,8.17E-07,3.10E-06,51192,chemokine like factor,
DHRS9,31.21526809,-1.314925155,0.286298289,8.21E-07,3.12E-06,10170,dehydrogenase/reductase 9,
MAFK,1836.489212,1.115399859,0.240639269,8.27E-07,3.14E-06,7975,MAF bZIP transcription factor K,
RP3-473B4.4,5.044443102,6.319581291,2.497746254,8.37E-07,3.17E-06,NA,NA,
RP11-416N2.4,16.26699282,1.741532613,0.383976147,8.37E-07,3.17E-06,NA,NA,
RP4-737E23.5,16.40961952,-1.839836101,0.409175059,8.62E-07,3.26E-06,NA,NA,
RP11-72O9.4,20.03894525,-1.582721905,0.349287698,8.66E-07,3.28E-06,NA,NA,
RP11-298C3.2,20.40340125,-1.611734472,0.356604447,8.80E-07,3.33E-06,NA,NA,
AC007191.4,66.31148683,1.094081687,0.236063164,8.80E-07,3.33E-06,NA,NA,
RNF225,8.81464065,4.090889631,0.860572541,8.84E-07,3.34E-06,646862,ring finger protein 225,
RP11-261N11.14,8.753974338,3.344551036,0.727118632,8.87E-07,3.35E-06,NA,NA,
SHISA3,11.86029423,-2.424121134,0.5426635,8.88E-07,3.36E-06,152573,shisa family member 3,
RP11-184I16.2,39.62806267,-1.10792222,0.239412194,8.97E-07,3.39E-06,NA,NA,
COL6A4P2,16.01088954,2.196337342,0.493141549,9.01E-07,3.40E-06,646300,collagen type VI alpha 4 pseudogene 2,
TMEM191B,11.6304104,2.496554658,0.557053399,9.23E-07,3.48E-06,728229,transmembrane protein 191B,
AC116609.2,21.40894073,1.544107529,0.341103695,9.45E-07,3.56E-06,NA,NA,
RGCC,10.8459013,-2.280252533,0.509479239,9.57E-07,3.60E-06,28984,regulator of cell cycle,
SHD,41.4907514,1.127954344,0.244684355,9.78E-07,3.68E-06,56961,Src homology 2 domain containing transforming protein D,
BHLHA15,16.64629529,-1.926314647,0.432701718,9.94E-07,3.74E-06,168620,basic helix-loop-helix family member a15,
QPCT,49.81947033,1.115741598,0.242592621,1.02E-06,3.82E-06,25797,glutaminyl-peptide cyclotransferase,
HIST2H2BF,23.72856332,1.435173634,0.317247876,1.04E-06,3.89E-06,NA,NA,
RP11-472G21.2,10.42539456,3.606185699,0.799634693,1.04E-06,3.90E-06,NA,NA,
AC025165.8,29.99910624,1.281564859,0.28126009,1.04E-06,3.91E-06,NA,NA,
CCDC144NL,24.1898338,-1.42050733,0.314918747,1.08E-06,4.07E-06,339184,CCDC144A N-terminal like (pseudogene),
SOWAHD,19.81029166,1.595819055,0.355501077,1.10E-06,4.14E-06,347454,sosondowah ankyrin repeat domain family member D,
UBQLNL,18.9538592,1.663929493,0.37178269,1.11E-06,4.15E-06,143630,ubiquilin like,
SEC14L5,15.45228363,1.913895996,0.430447648,1.11E-06,4.16E-06,9717,SEC14 like lipid binding 5,
RP11-114B7.6,9.810398259,2.669132935,0.59637369,1.12E-06,4.20E-06,NA,NA,
RPL3L,42.10981049,1.068556602,0.232464744,1.13E-06,4.22E-06,6123,ribosomal protein L3 like,
NLGN3,56.99450823,1.136709253,0.248895275,1.13E-06,4.23E-06,54413,neuroligin 3,
CASC1,31.74106218,1.361087679,0.301434976,1.13E-06,4.24E-06,NA,NA,
LMO1,55.09742041,1.102638168,0.241032939,1.15E-06,4.30E-06,4004,LIM domain only 1,
C2orf50,18.74167146,1.641223139,0.367259157,1.16E-06,4.34E-06,NA,NA,
RP11-475N22.5,18.26837765,1.592714106,0.355556775,1.16E-06,4.35E-06,NA,NA,
SSTR2,21.36353452,-1.551586414,0.347644087,1.16E-06,4.35E-06,6752,somatostatin receptor 2,
LINC00921,55.68248643,1.04054425,0.226411571,1.17E-06,4.36E-06,283876,long intergenic non-protein coding RNA 921,
AC007405.2,29.00067176,1.30760889,0.289113671,1.19E-06,4.43E-06,NA,NA,
RN7SKP97,10.61785593,-2.355652636,0.533422637,1.22E-06,4.55E-06,106480463,RN7SK pseudogene 97,
AP000963.2,14.07593783,1.908543586,0.430076194,1.23E-06,4.58E-06,NA,NA,
MGAT3,10.52080049,2.471140535,0.557340538,1.26E-06,4.69E-06,4248,"beta-1,4-mannosyl-glycoprotein 4-beta-N-acetylglucosaminyltransferase",
SPAAR,12.73442489,2.197854932,0.499097666,1.34E-06,4.99E-06,158376,small regulatory polypeptide of amino acid response,
KIF4B,8.799212027,-2.801323205,0.633106577,1.35E-06,5.03E-06,285643,kinesin family member 4B,
RP11-968O1.5,11.27374682,2.303376725,0.523943403,1.38E-06,5.13E-06,NA,NA,
RP11-477B16.5,12.78469243,-2.226782636,0.510217809,1.39E-06,5.15E-06,NA,NA,
IL17REL,45.39594163,2.470661294,0.579464329,1.43E-06,5.31E-06,400935,interleukin 17 receptor E like,
RP11-909N17.3,10.65508516,2.349771011,0.533584383,1.43E-06,5.31E-06,NA,NA,
VWCE,38.93556668,1.094151536,0.241149197,1.44E-06,5.34E-06,220001,von Willebrand factor C and EGF domains,
NKD1,63.98086403,-1.107177999,0.244806981,1.44E-06,5.36E-06,85407,NKD inhibitor of WNT signaling pathway 1,
SEPT5-GP1BB,14.74143079,1.833346674,0.416158815,1.45E-06,5.37E-06,100526833,SEPT5-GP1BB readthrough,
CTD-2008A1.2,37.86699622,-1.075343718,0.237841955,1.57E-06,5.82E-06,NA,NA,
PRR36,19.39047878,1.910354534,0.43939184,1.59E-06,5.87E-06,80164,proline rich 36,
CTB-7E3.1,33.94868294,1.175685336,0.261834973,1.63E-06,6.01E-06,NA,NA,
RP11-118K6.3,15.41407555,1.834224693,0.419931202,1.66E-06,6.13E-06,NA,NA,
TMEM169,16.2480697,1.845106527,0.423833581,1.67E-06,6.17E-06,92691,transmembrane protein 169,
VTN,118.163102,2.0211271,0.472877448,1.68E-06,6.18E-06,7448,vitronectin,
RP11-734K21.2,21.53215007,1.507127241,0.342079324,1.69E-06,6.24E-06,NA,NA,
CYP2C9,59.2878793,-1.031767935,0.228491636,1.70E-06,6.26E-06,1559,cytochrome P450 family 2 subfamily C member 9,
MRPL12,340.2747286,-1.461710951,0.334618668,1.73E-06,6.37E-06,6182,mitochondrial ribosomal protein L12,
ACBD7,47.38594459,-1.032563321,0.228930867,1.75E-06,6.42E-06,414149,acyl-CoA binding domain containing 7,
PGM5P2,27.826509,-1.247166154,0.280339599,1.75E-06,6.45E-06,595135,phosphoglucomutase 5 pseudogene 2,
SAPCD1,45.67100019,-1.100379823,0.24547548,1.78E-06,6.54E-06,401251,suppressor APC domain containing 1,
RP11-478C6.6,23.41426527,-1.325495123,0.29939935,1.79E-06,6.60E-06,NA,NA,
RP11-525G13.2,22.17714543,-1.433597204,0.326031382,1.81E-06,6.64E-06,NA,NA,
RP3-331H24.7,26.69882334,-1.305897477,0.295266286,1.81E-06,6.66E-06,NA,NA,
RP11-599J14.2,17.01265515,-1.765332112,0.408190226,1.88E-06,6.90E-06,NA,NA,
GABARAP,36.88963978,1.088958053,0.243160324,1.89E-06,6.94E-06,11337,GABA type A receptor-associated protein,
ADAMTS1,27.56762611,-1.647145581,0.381474408,1.90E-06,6.96E-06,9510,ADAM metallopeptidase with thrombospondin type 1 motif 1,
SIGLEC1,39.53639134,1.082939775,0.2417757,1.92E-06,7.04E-06,6614,sialic acid binding Ig like lectin 1,
RP11-367H1.1,17.73491579,1.638789325,0.376293068,1.93E-06,7.08E-06,NA,NA,
STAT4,53.1832527,1.11561186,0.250613473,2.04E-06,7.46E-06,6775,signal transducer and activator of transcription 4,
CTD-2630F21.1,34.17386262,1.129346752,0.25368805,2.05E-06,7.49E-06,NA,NA,
ANKK1,33.84013671,1.243689566,0.282173501,2.07E-06,7.56E-06,255239,ankyrin repeat and kinase domain containing 1,
AC142472.6,41.53722186,1.018633694,0.227280676,2.08E-06,7.61E-06,NA,NA,
HSD17B1,44.25799151,1.143026403,0.257655295,2.10E-06,7.66E-06,3292,hydroxysteroid 17-beta dehydrogenase 1,
RP11-114H23.1,10.78328178,-2.262263794,0.527102366,2.11E-06,7.68E-06,NA,NA,
RP11-415J8.3,42.31051135,-1.075936872,0.241953251,2.15E-06,7.85E-06,NA,NA,
RP11-180M15.7,44.06217753,1.040948922,0.23324373,2.18E-06,7.93E-06,NA,NA,
RP11-318L16.4,29.08588,-1.295639905,0.295706154,2.20E-06,7.99E-06,NA,NA,
AC008063.2,8.080250843,3.534524204,0.795721455,2.20E-06,8.00E-06,NA,NA,
CTD-2547L24.3,37.46489082,1.088382656,0.244723997,2.23E-06,8.12E-06,NA,NA,
KCNF1,8.148951845,-2.885338483,0.665929214,2.25E-06,8.18E-06,3754,potassium voltage-gated channel modifier subfamily F member 1,
CCDC30,38.59676022,1.118979689,0.252526012,2.26E-06,8.21E-06,728621,coiled-coil domain containing 30,
KRBA2,30.83407073,1.377096284,0.316146906,2.26E-06,8.21E-06,124751,KRAB-A domain containing 2,
RP11-110J1.3,37.80967318,1.124638949,0.253831083,2.27E-06,8.26E-06,NA,NA,
CH17-343M10.2,14.2337967,2.062591141,0.484589143,2.32E-06,8.43E-06,NA,NA,
RP11-1348G14.4,49.14074254,1.033081089,0.232208575,2.34E-06,8.47E-06,NA,NA,
UNC5C,19.90404665,-1.631627925,0.380845051,2.41E-06,8.73E-06,8633,unc-5 netrin receptor C,
TMOD1,22.37477024,1.39574685,0.321108339,2.42E-06,8.77E-06,7111,tropomodulin 1,
CLRN3,13.57834802,1.996185102,0.468265829,2.46E-06,8.91E-06,119467,clarin 3,
RP11-181C3.4,18.98585722,1.692800718,0.395526478,2.46E-06,8.91E-06,NA,NA,
RP11-830F9.5,8.557277363,3.291052432,0.758729612,2.52E-06,9.10E-06,NA,NA,
AF131215.8,12.13754807,2.006864638,0.468945788,2.53E-06,9.15E-06,NA,NA,
RP13-539J13.1,9.064897108,3.375379466,0.781186296,2.55E-06,9.23E-06,NA,NA,
AC004870.4,21.26038598,1.43254695,0.331054523,2.58E-06,9.34E-06,NA,NA,
WDR93,31.2681635,1.184031107,0.270273988,2.62E-06,9.48E-06,56964,WD repeat domain 93,
ICOSLG,27.00747765,1.443250439,0.33606303,2.78E-06,1.00E-05,23308,inducible T cell costimulator ligand,
COL26A1,16.69270972,1.706686833,0.400516028,2.80E-06,1.01E-05,136227,collagen type XXVI alpha 1 chain,
RP11-276H7.3,13.35643496,-1.954922504,0.462532616,2.81E-06,1.01E-05,NA,NA,
RP11-81A22.4,47.89665118,1.054971059,0.239987126,2.85E-06,1.02E-05,NA,NA,
RP11-112L6.4,26.70009983,1.238534779,0.285802766,3.10E-06,1.11E-05,NA,NA,
CTC-241F20.4,23.89593998,-1.321807682,0.307696188,3.20E-06,1.15E-05,NA,NA,
RP11-487I9.2,28.05588203,1.418708286,0.332439539,3.24E-06,1.16E-05,NA,NA,
FGR,8.004439478,3.912110299,0.884078015,3.25E-06,1.16E-05,2268,"FGR proto-oncogene, Src family tyrosine kinase",
RP11-122A8.4,16.99297883,1.84621372,0.440507045,3.29E-06,1.18E-05,NA,NA,
ZG16,4.211790416,5.954208685,2.466270966,3.29E-06,1.18E-05,653808,zymogen granule protein 16,
FA2H,22.19705863,1.42348354,0.33330864,3.29E-06,1.18E-05,79152,fatty acid 2-hydroxylase,
HMGA1L1,14.44942068,-1.736011238,0.412101362,3.38E-06,1.21E-05,NA,NA,
PTPN7,10.98901782,2.152043033,0.51151472,3.39E-06,1.21E-05,5778,protein tyrosine phosphatase non-receptor type 7,
CRYGN,10.18246878,2.539881215,0.606611837,3.41E-06,1.22E-05,155051,crystallin gamma N,
RP11-596C23.6,30.86040066,1.159391865,0.268020564,3.50E-06,1.25E-05,NA,NA,
AC133785.1,14.64504315,1.810701042,0.431554145,3.58E-06,1.28E-05,NA,NA,
RP4-694A7.2,7.47174852,-3.936545416,0.898572187,3.61E-06,1.29E-05,NA,NA,
RP1-93H18.3,37.52280726,-1.067288266,0.24606189,3.65E-06,1.30E-05,NA,NA,
RP11-815M8.1,34.70693073,1.125880525,0.260656662,3.70E-06,1.32E-05,NA,NA,
RP11-804H8.6,23.13574281,1.343036073,0.315111499,3.75E-06,1.34E-05,NA,NA,
ZIM2,11.00731363,-2.263181359,0.547406894,3.79E-06,1.35E-05,23619,zinc finger imprinted 2,
ANKDD1B,24.16682256,1.492212764,0.354331351,3.86E-06,1.37E-05,728780,ankyrin repeat and death domain containing 1B,
MMP10,10.59321591,-2.105312223,0.506265151,3.86E-06,1.37E-05,4319,matrix metallopeptidase 10,
CCR3,13.4288326,1.817792928,0.435168134,3.88E-06,1.38E-05,1232,C-C motif chemokine receptor 3,
AC145676.2,7.576704401,-3.236825657,0.765713988,4.00E-06,1.42E-05,NA,NA,
SHCBP1L,20.70240698,-1.374935288,0.325165945,4.09E-06,1.45E-05,81626,SHC binding and spindle associated 1 like,
RP11-337N6.3,16.62894671,1.692032085,0.405701337,4.14E-06,1.47E-05,NA,NA,
AF127936.9,28.71960282,1.238370878,0.290852138,4.20E-06,1.49E-05,NA,NA,
SH3PXD2A-AS1,8.583317037,-2.565476509,0.617952744,4.21E-06,1.49E-05,100505839,SH3PXD2A antisense RNA 1,
IL6,989.8066287,1.625742926,0.393296287,4.23E-06,1.50E-05,3569,interleukin 6,
CTD-2021H9.3,49.5211911,1.103888202,0.257340242,4.25E-06,1.50E-05,NA,NA,
GRK1,19.29244032,1.528692484,0.364534167,4.26E-06,1.51E-05,6011,G protein-coupled receptor kinase 1,
RP11-495K9.10,4.475147184,6.035435053,2.502535412,4.28E-06,1.52E-05,NA,NA,
AF127577.8,51.22842063,1.059247943,0.246142959,4.30E-06,1.52E-05,NA,NA,
CMTM1,23.78889796,-1.310711494,0.310016187,4.37E-06,1.55E-05,113540,CKLF like MARVEL transmembrane domain containing 1,
SLC11A1,31.67698863,1.154615795,0.270162892,4.41E-06,1.56E-05,6556,solute carrier family 11 member 1,
ARNT2,327.4863152,1.439297785,0.345171983,4.41E-06,1.56E-05,9915,aryl hydrocarbon receptor nuclear translocator 2,
NDUFA4L2,26.48701005,1.282428784,0.302590033,4.42E-06,1.56E-05,56901,NDUFA4 mitochondrial complex associated like 2,
MYL7,11.96769818,2.283025249,0.555230279,4.45E-06,1.57E-05,58498,myosin light chain 7,
AC105344.2,12.3238641,-2.060979235,0.501785125,4.46E-06,1.58E-05,NA,NA,
RP11-420L9.2,7.487077965,3.406543847,0.796835434,4.49E-06,1.59E-05,NA,NA,
FYB1,131.2860785,1.834625372,0.450771538,4.54E-06,1.60E-05,2533,FYN binding protein 1,
FOXB1,13.5742728,1.839932998,0.446224777,5.00E-06,1.76E-05,27023,forkhead box B1,
SQLE,4417.049621,1.083561756,0.255091409,5.18E-06,1.82E-05,6713,squalene epoxidase,
AF011889.4,26.143524,1.280755151,0.305113666,5.22E-06,1.84E-05,NA,NA,
CCDC114,39.82530131,1.034555653,0.242283806,5.34E-06,1.88E-05,NA,NA,
RP11-387D10.3,9.964533601,2.346517438,0.574856996,5.47E-06,1.92E-05,NA,NA,
RBPMS2,15.1978958,-1.754511179,0.429359288,5.55E-06,1.95E-05,348093,"RNA binding protein, mRNA processing factor 2",
SLC6A2,5.569812585,4.615774831,1.320213841,5.59E-06,1.96E-05,6530,solute carrier family 6 member 2,
RP11-893F2.9,37.24156276,1.006465132,0.235657887,5.62E-06,1.97E-05,NA,NA,
RP11-81G24.1,7.497359616,3.399458601,0.807738035,5.63E-06,1.97E-05,NA,NA,
ITIH4,12.70600583,1.882296032,0.460771477,5.75E-06,2.02E-05,3700,inter-alpha-trypsin inhibitor heavy chain 4,
PDGFRB,283.07098,1.381014621,0.335160927,5.85E-06,2.05E-05,5159,platelet derived growth factor receptor beta,
MIR181A2HG,39.44305648,1.212286276,0.290392515,5.91E-06,2.07E-05,100379345,MIR181A2 host gene,
RP11-27N21.3,33.54918169,1.163756706,0.277235622,6.04E-06,2.11E-05,NA,NA,
RP11-298I3.1,22.24319026,-1.322044997,0.318626652,6.11E-06,2.13E-05,NA,NA,
B3GNT6,8.154260947,-2.83873888,0.699779813,6.22E-06,2.17E-05,192134,"UDP-GlcNAc:betaGal beta-1,3-N-acetylglucosaminyltransferase 6",
RP11-247A12.2,22.56490783,1.298252881,0.312461503,6.37E-06,2.22E-05,NA,NA,
FABP5,34.2620546,-1.014220216,0.239994265,6.63E-06,2.31E-05,2171,fatty acid binding protein 5,
RP4-616B8.5,6.856550943,-3.391593231,0.815552114,6.69E-06,2.33E-05,NA,NA,
C15orf48,1549.532931,1.455429818,0.357696464,6.74E-06,2.35E-05,84419,chromosome 15 open reading frame 48,
RP11-932O9.10,13.23545651,-1.848867705,0.459036873,6.80E-06,2.37E-05,NA,NA,
CTB-111H14.1,19.5107245,1.568054545,0.386258675,6.86E-06,2.39E-05,NA,NA,
RP11-68I18.10,8.740506778,2.445632209,0.603837577,6.89E-06,2.40E-05,NA,NA,
RP1-283E3.8,22.58684898,1.337806155,0.324660913,6.99E-06,2.43E-05,NA,NA,
RP11-797A18.6,12.62315372,-2.011149583,0.503343178,7.17E-06,2.49E-05,NA,NA,
ANKRD65,39.92554365,1.034494088,0.246326678,7.23E-06,2.51E-05,441869,ankyrin repeat domain 65,
RP11-478C6.5,12.39377113,-1.827430507,0.454324586,7.41E-06,2.57E-05,NA,NA,
RP11-973F15.1,20.18415721,1.747740792,0.435936255,7.41E-06,2.57E-05,NA,NA,
KRT83,9.839190657,2.333362804,0.581489202,7.44E-06,2.58E-05,3889,keratin 83,
BCL2A1,12.73684838,-1.925501278,0.482729263,7.48E-06,2.59E-05,597,BCL2 related protein A1,
RP11-94H18.1,10.53440385,-2.082843725,0.52188939,7.61E-06,2.64E-05,NA,NA,
CCT5P1,31.00700885,-1.150486867,0.277721997,7.62E-06,2.64E-05,402226,chaperonin containing TCP1 subunit 5 pseudogene 1,
DNAH7,23.80323478,1.245088149,0.301876742,7.67E-06,2.65E-05,56171,dynein axonemal heavy chain 7,
KLHL41,19.95801642,1.436040487,0.353239152,7.90E-06,2.73E-05,10324,kelch like family member 41,
RP11-399D6.2,8.666926299,2.611412689,0.651100844,7.92E-06,2.74E-05,NA,NA,
AC003075.4,31.08585189,1.208024424,0.293681295,8.00E-06,2.77E-05,NA,NA,
DNAH10OS,16.98130555,1.557593405,0.385492829,8.09E-06,2.80E-05,642797,dynein axonemal heavy chain 10 opposite strand,
RIMS4,7.140745688,3.722560722,0.886839608,8.26E-06,2.85E-05,140730,regulating synaptic membrane exocytosis 4,
RP11-102N12.3,13.62010218,1.684929778,0.419256874,8.54E-06,2.94E-05,NA,NA,
TTLL11-IT1,12.15405663,-1.860066902,0.467721323,8.59E-06,2.96E-05,NA,NA,
AC006273.5,20.85902656,1.351744466,0.33224231,8.68E-06,2.99E-05,NA,NA,
RP11-539L10.3,33.50492611,1.129546172,0.273963569,8.72E-06,3.00E-05,NA,NA,
MYCBPAP,26.75838082,1.175335073,0.285567263,8.72E-06,3.00E-05,84073,MYCBP associated protein,
IL21R,22.02309322,1.33229684,0.32746649,8.84E-06,3.04E-05,50615,interleukin 21 receptor,
RP11-85I17.2,7.830880522,-2.5890083,0.650032341,8.90E-06,3.06E-05,NA,NA,
AC108142.1,20.92175127,1.515787222,0.377983115,8.95E-06,3.08E-05,NA,NA,
CTC-573N18.1,12.91564436,1.977066892,0.500474277,9.02E-06,3.10E-05,NA,NA,
RP4-753D5.4,35.18285144,1.120311037,0.272521147,9.17E-06,3.15E-05,NA,NA,
SMIM6,16.98218614,1.496920285,0.372279798,9.28E-06,3.19E-05,100130933,small integral membrane protein 6,
MIOX,25.68735629,1.215957314,0.297739538,9.35E-06,3.21E-05,55586,myo-inositol oxygenase,
RAVER1,1622.698032,-1.052205116,0.255663035,9.44E-06,3.24E-05,125950,"ribonucleoprotein, PTB binding 1",
EIF1AP1,34.88202452,-1.040420924,0.251838146,9.45E-06,3.24E-05,NA,NA,
PNPLA1,11.28306691,1.95467929,0.493254579,9.49E-06,3.25E-05,285848,patatin like phospholipase domain containing 1,
KCTD16,12.61690021,1.860222209,0.469625512,9.54E-06,3.27E-05,57528,potassium channel tetramerization domain containing 16,
RP3-399L15.3,31.18148107,1.11117398,0.270499115,9.54E-06,3.27E-05,NA,NA,
FAM66C,33.68060782,1.025982047,0.247821141,9.67E-06,3.31E-05,440078,family with sequence similarity 66 member C,
RP11-495K9.9,4.202349295,5.888978893,2.511329336,9.72E-06,3.33E-05,NA,NA,
DNMT3L,5.442939214,4.545184917,1.345958536,9.92E-06,3.40E-05,29947,DNA methyltransferase 3 like,
PSG8,7.073343997,3.296528862,0.814205997,1.07E-05,3.65E-05,440533,pregnancy specific beta-1-glycoprotein 8,
RP11-30P6.6,6.994793175,-3.085440942,0.77705448,1.08E-05,3.68E-05,NA,NA,
CRIP3,15.77641241,1.533230255,0.385760456,1.10E-05,3.74E-05,401262,cysteine rich protein 3,
CDHR3,27.20759083,-1.277209801,0.318239124,1.12E-05,3.80E-05,222256,cadherin related family member 3,
CTA-941F9.10,25.37484113,-1.235816918,0.306866482,1.13E-05,3.84E-05,NA,NA,
PPEF1,16.65803414,1.514364798,0.381552701,1.13E-05,3.84E-05,5475,protein phosphatase with EF-hand domain 1,
RP5-1148A21.3,13.34014469,1.952302445,0.501331872,1.14E-05,3.89E-05,NA,NA,
CP,17.60595467,1.786657478,0.458592403,1.17E-05,3.99E-05,1356,ceruloplasmin,
ARHGEF6,25.98725828,1.297669733,0.324673535,1.19E-05,4.05E-05,9459,Rac/Cdc42 guanine nucleotide exchange factor 6,
CTD-2066L21.2,38.60671973,-1.123603473,0.278312257,1.21E-05,4.09E-05,NA,NA,
FBLN5,21.41625351,1.424289689,0.359737457,1.21E-05,4.11E-05,10516,fibulin 5,
ARMC3,24.20123158,-1.243944466,0.310327874,1.22E-05,4.13E-05,219681,armadillo repeat containing 3,
TTC16,22.72147994,1.33270925,0.33485632,1.24E-05,4.19E-05,158248,tetratricopeptide repeat domain 16,
TLR1,28.07220324,1.222136718,0.304806575,1.25E-05,4.22E-05,7096,toll like receptor 1,
CORIN,12.8304298,1.73472943,0.442567768,1.25E-05,4.23E-05,10699,"corin, serine peptidase",
CTC-260E6.3,22.0333285,-1.422305149,0.361370022,1.27E-05,4.28E-05,NA,NA,
RP11-736N17.10,13.35908587,1.786977583,0.458727011,1.27E-05,4.29E-05,NA,NA,
RP11-864N7.4,4.960313168,4.407019148,1.325171462,1.27E-05,4.29E-05,NA,NA,
RP11-92G12.3,14.18333094,1.615490755,0.410860301,1.27E-05,4.30E-05,NA,NA,
FEZ1,7.060700837,2.96988363,0.750089087,1.29E-05,4.37E-05,9638,fasciculation and elongation protein zeta 1,
AC074212.6,30.22011075,1.103706708,0.273903199,1.35E-05,4.56E-05,NA,NA,
XIRP2,9.967481175,-2.329598808,0.610190552,1.38E-05,4.64E-05,129446,xin actin binding repeat containing 2,
RP13-735L24.1,14.67304644,-1.804444425,0.470031201,1.44E-05,4.83E-05,NA,NA,
LLNLR-304G9.1,8.018029918,2.475422421,0.638941407,1.45E-05,4.86E-05,NA,NA,
RP6-145B8.3,31.40866785,-1.083928903,0.270765682,1.53E-05,5.15E-05,NA,NA,
NRL,25.54791494,1.14334983,0.286500085,1.55E-05,5.19E-05,4901,neural retina leucine zipper,
RNF182,20.54000512,-1.413070728,0.363364922,1.57E-05,5.26E-05,221687,ring finger protein 182,
ARHGDIG,10.95582124,1.903065068,0.49517377,1.59E-05,5.32E-05,398,Rho GDP dissociation inhibitor gamma,
RP11-583F2.1,9.762939875,2.15148824,0.5643057,1.63E-05,5.45E-05,NA,NA,
FZD8,20.76606764,-1.250996032,0.318370027,1.66E-05,5.56E-05,8325,frizzled class receptor 8,
LBP,6.769910316,3.226908472,0.820048714,1.67E-05,5.58E-05,3929,lipopolysaccharide binding protein,
FGD2,9.430168269,2.37244657,0.626737504,1.69E-05,5.66E-05,221472,"FYVE, RhoGEF and PH domain containing 2",
RP1-179N16.6,19.18243921,1.405377507,0.362365436,1.76E-05,5.88E-05,NA,NA,
RP11-5G9.4,33.50883922,-1.023920543,0.256666297,1.78E-05,5.93E-05,NA,NA,
DBH,41.46714871,1.374464158,0.355819468,1.78E-05,5.93E-05,1621,dopamine beta-hydroxylase,
MSC,5.008910573,4.40301558,1.351576364,1.78E-05,5.94E-05,9242,musculin,
RP11-54A4.2,33.83963289,1.047781894,0.263122848,1.79E-05,5.98E-05,NA,NA,
EGR3,6.576117553,-4.239271662,1.043688102,1.80E-05,6.01E-05,1960,early growth response 3,
MAPK10,15.18001961,1.586219596,0.413659734,1.83E-05,6.10E-05,5602,mitogen-activated protein kinase 10,
AC015849.15,16.88083248,-1.47500332,0.383675542,1.83E-05,6.10E-05,NA,NA,
RP11-477N3.1,10.63296856,1.945749985,0.512471143,1.85E-05,6.15E-05,NA,NA,
AC064871.2,21.84693602,1.231827091,0.314517529,1.88E-05,6.24E-05,NA,NA,
JAM3,32.49923676,-1.028987527,0.259112812,1.90E-05,6.31E-05,83700,junctional adhesion molecule 3,
DUSP13,12.61965908,1.683280858,0.441109756,1.91E-05,6.34E-05,NA,NA,
SVOPL,12.52938513,1.761966714,0.463437898,1.92E-05,6.38E-05,136306,SVOP like,
AP001469.5,10.46304117,2.025455282,0.536913766,1.94E-05,6.44E-05,NA,NA,
C4A,17.13955307,1.405796692,0.3644122,1.98E-05,6.57E-05,720,complement C4A (Chido/Rodgers blood group),
CTSE,13.64931241,-1.670190771,0.44122452,1.98E-05,6.58E-05,1510,cathepsin E,
CTC-490G23.6,8.652889132,2.396559906,0.637318767,2.00E-05,6.63E-05,NA,NA,
HPGD,27.4861421,1.131781846,0.287904837,2.00E-05,6.63E-05,3248,15-hydroxyprostaglandin dehydrogenase,
ARHGEF15,9.020717872,2.453102531,0.65601762,2.02E-05,6.70E-05,22899,Rho guanine nucleotide exchange factor 15,
IGSF23,23.87343376,1.182874806,0.302711506,2.07E-05,6.85E-05,147710,immunoglobulin superfamily member 23,
RP11-218E20.3,42.08534081,1.003930088,0.253392628,2.09E-05,6.93E-05,NA,NA,
EGR2,31.30576046,-1.138913999,0.292347014,2.16E-05,7.15E-05,1959,early growth response 2,
HIST1H2APS4,7.877989717,-2.247190567,0.598499145,2.17E-05,7.19E-05,NA,NA,
AC139666.1,7.77125004,3.078832561,0.819466046,2.19E-05,7.25E-05,NA,NA,
RP11-126O1.5,32.10610383,-1.367535599,0.360152568,2.25E-05,7.42E-05,NA,NA,
FAM131B,27.99783921,1.126997835,0.289076116,2.27E-05,7.48E-05,9715,family with sequence similarity 131 member B,
CAMK2A,31.52803777,1.079154089,0.275863284,2.28E-05,7.53E-05,815,calcium/calmodulin dependent protein kinase II alpha,
DHFRP1,19.25617868,-1.313921399,0.342697931,2.29E-05,7.55E-05,573971,dihydrofolate reductase pseudogene 1,
SLFNL1-AS1,28.40357237,-1.085917193,0.278149811,2.32E-05,7.65E-05,100507178,SLFNL1 antisense RNA 1,
RP11-139E24.1,24.94438917,1.12354329,0.288247135,2.32E-05,7.65E-05,NA,NA,
RANP1,22.82486971,-1.316117946,0.344537448,2.33E-05,7.68E-05,221547,RAN pseudogene 1,
AP000892.6,14.42752447,1.56735999,0.414327286,2.34E-05,7.71E-05,NA,NA,
ABCA11,33.28340902,-1.150987395,0.297891349,2.38E-05,7.83E-05,NA,NA,
RP11-736L22.1,31.53700727,-1.004300564,0.255529399,2.38E-05,7.86E-05,NA,NA,
CTD-2026K11.6,27.8863673,1.094608422,0.281170474,2.45E-05,8.05E-05,NA,NA,
RP11-845M18.7,6.566978568,2.846151688,0.749595256,2.47E-05,8.12E-05,NA,NA,
LZTS1,8.889676494,-2.130838448,0.576677631,2.48E-05,8.16E-05,11178,leucine zipper tumor suppressor 1,
C19orf84,39.32737429,1.007741772,0.257266339,2.51E-05,8.24E-05,147646,chromosome 19 open reading frame 84,
RP4-694A7.4,7.042328166,-2.592955208,0.697037162,2.52E-05,8.27E-05,NA,NA,
HIST1H4E,30.7345105,1.035457905,0.265143864,2.54E-05,8.33E-05,NA,NA,
POM121L9P,4.47801818,4.224558656,1.330480328,2.54E-05,8.34E-05,29774,"POM121 transmembrane nucleoporin like 9, pseudogene",
NECAB2,37.92454901,1.119584938,0.290214645,2.59E-05,8.49E-05,54550,N-terminal EF-hand calcium binding protein 2,
FOXD1,11.26458762,-1.79017846,0.483745964,2.63E-05,8.63E-05,2297,forkhead box D1,
RP11-430C7.5,30.16458751,1.141128278,0.295867237,2.64E-05,8.64E-05,NA,NA,
UBE2SP1,10.59429168,-1.970740551,0.537532344,2.74E-05,8.96E-05,246719,ubiquitin conjugating enzyme E2 S pseudogene 1,
UPK2,29.24252574,1.018293958,0.261566419,2.76E-05,9.04E-05,7379,uroplakin 2,
LDLRAD1,3.485063768,5.531113467,2.481437214,2.77E-05,9.07E-05,388633,low density lipoprotein receptor class A domain containing 1,
LRRC2,20.87964307,1.749657056,0.478610897,2.78E-05,9.08E-05,79442,leucine rich repeat containing 2,
DNM1P46,14.14207411,1.638972527,0.442766143,2.88E-05,9.39E-05,196968,dynamin 1 pseudogene 46,
BNC1,13.16922233,-1.660408284,0.45059958,2.91E-05,9.49E-05,646,basonuclin zinc finger protein 1,
RP11-661A12.5,8.140406095,2.302437023,0.625656211,2.91E-05,9.50E-05,NA,NA,
RP4-794I6.4,8.584849933,2.225206237,0.606091147,2.93E-05,9.55E-05,NA,NA,
RAB43,25.69742149,1.092553451,0.283593763,2.94E-05,9.59E-05,339122,"RAB43, member RAS oncogene family",
CTD-2341M24.1,15.26784466,1.467779055,0.393087079,3.04E-05,9.90E-05,NA,NA,
AATK,22.02203507,1.433381709,0.385247574,3.08E-05,1.00E-04,9625,apoptosis associated tyrosine kinase,
GRID2IP,6.205542879,3.46466907,0.904426662,3.13E-05,1.02E-04,392862,Grid2 interacting protein,
CYP1A2,8.978781927,2.027630776,0.552062754,3.14E-05,1.02E-04,1544,cytochrome P450 family 1 subfamily A member 2,
AC104654.2,13.12524583,1.665429873,0.452427057,3.15E-05,1.02E-04,NA,NA,
RP11-247L20.3,14.8823626,-1.569813041,0.426169747,3.16E-05,1.03E-04,NA,NA,
RP11-90L1.8,20.20814873,1.240025664,0.327780118,3.18E-05,1.03E-04,NA,NA,
RP11-522B15.3,30.5760321,1.028050106,0.266828193,3.18E-05,1.03E-04,NA,NA,
RP11-80A15.1,17.52767919,1.379019554,0.369410303,3.24E-05,1.05E-04,NA,NA,
RP11-78C3.1,7.29779915,-2.425123006,0.668029615,3.27E-05,1.06E-04,NA,NA,
TEX29,17.76011214,1.359862769,0.363728444,3.27E-05,1.06E-04,121793,testis expressed 29,
AP000689.3,26.22327133,-1.11679736,0.2936016,3.31E-05,1.07E-04,NA,NA,
RP11-42O15.3,12.43930253,1.823094236,0.500886098,3.34E-05,1.08E-04,NA,NA,
MNX1,20.53712571,-1.378389775,0.371621285,3.36E-05,1.09E-04,3110,motor neuron and pancreas homeobox 1,
RP11-33O4.2,31.93035978,1.011187382,0.263429394,3.46E-05,1.12E-04,NA,NA,
PLCB1,31.76208361,1.142950544,0.302669182,3.54E-05,1.14E-04,23236,phospholipase C beta 1,
DUOXA1,13.90523324,1.623875155,0.44421233,3.56E-05,1.15E-04,90527,dual oxidase maturation factor 1,
TMEM47,31.93237843,1.053649042,0.276672627,3.61E-05,1.17E-04,83604,transmembrane protein 47,
TNNC2,19.6779923,1.229766636,0.327803985,3.65E-05,1.18E-04,7125,"troponin C2, fast skeletal type",
MDS2,5.947501791,3.408747505,0.896381977,3.69E-05,1.19E-04,259283,myelodysplastic syndrome 2 translocation associated,
CYP4X1,39.81836685,1.055390968,0.278275681,3.77E-05,1.21E-04,260293,cytochrome P450 family 4 subfamily X member 1,
RP1L1,93.03942778,-1.000222271,0.263049266,3.86E-05,1.24E-04,94137,RP1 like 1,
SNORA71C,15.26049045,-1.54445762,0.426555645,4.02E-05,1.29E-04,677839,"small nucleolar RNA, H/ACA box 71C",
RP11-473M20.16,34.92068151,1.028702037,0.271264886,4.04E-05,1.30E-04,NA,NA,
LINC00243,8.420551266,2.188759928,0.610011475,4.05E-05,1.30E-04,401247,long intergenic non-protein coding RNA 243,
CYS1,18.18482371,1.350386659,0.366801101,4.08E-05,1.31E-04,192668,cystin 1,
RP11-274B21.10,10.92091596,1.861408222,0.519441876,4.10E-05,1.31E-04,NA,NA,
RP11-133L14.4,10.59258887,-1.789159919,0.498502799,4.17E-05,1.34E-04,NA,NA,
NPHS1,6.361249209,2.771531982,0.76113334,4.21E-05,1.35E-04,4868,"NPHS1 adhesion molecule, nephrin",
SNORD14E,14.43362733,-1.55542401,0.432120516,4.31E-05,1.38E-04,85391,"small nucleolar RNA, C/D box 14E",
PARK2,9.856235236,2.038435291,0.572800364,4.33E-05,1.39E-04,NA,NA,
CCDC168,6.042793405,-2.831053512,0.783051867,4.34E-05,1.39E-04,643677,coiled-coil domain containing 168,
IGKV2OR22-4,7.522496005,2.529712347,0.709788171,4.38E-05,1.40E-04,28847,immunoglobulin kappa variable 2/OR22-4 (pseudogene),
MRPL30P1,20.44828462,-1.249799734,0.339838513,4.46E-05,1.43E-04,359740,mitochondrial ribosomal protein L30 pseudogene 1,
AC064850.4,10.82679419,-1.728925735,0.48329745,4.48E-05,1.43E-04,NA,NA,
HOXA11,10.39059861,-2.019032558,0.574010633,4.51E-05,1.44E-04,3207,homeobox A11,
WDR78,32.53832601,1.018740488,0.270969033,4.65E-05,1.49E-04,NA,NA,
LST1,17.54640411,1.329527361,0.363822881,4.66E-05,1.49E-04,7940,leukocyte specific transcript 1,
RP11-153F10.2,8.818468953,1.979866571,0.55504406,4.66E-05,1.49E-04,NA,NA,
CHL1,8.195579214,2.131085202,0.599796088,4.68E-05,1.49E-04,10752,cell adhesion molecule L1 like,
CXCL11,7.837604521,2.403117734,0.678636645,4.70E-05,1.50E-04,6373,C-X-C motif chemokine ligand 11,
SLFNL1,27.02367757,-1.078132451,0.28939996,4.71E-05,1.50E-04,200172,schlafen like 1,
RP11-48B3.3,16.32040637,1.408950247,0.388478895,4.76E-05,1.52E-04,NA,NA,
RP11-434C1.1,16.58120226,1.489221255,0.41403388,4.82E-05,1.53E-04,NA,NA,
ETV7,15.46159477,1.374607332,0.377635425,4.82E-05,1.54E-04,51513,ETS variant transcription factor 7,
CBFA2T3,10.99323239,1.784152062,0.502425988,4.92E-05,1.57E-04,863,CBFA2/RUNX1 partner transcriptional co-repressor 3,
RP11-666A8.13,18.95717011,1.238649595,0.337760324,4.96E-05,1.58E-04,NA,NA,
PA2G4P2,11.46308277,-1.658750422,0.466259211,4.99E-05,1.59E-04,170533,proliferation-associated 2G4 pseudogene 2,
RP11-519G16.3,28.15194053,1.129389048,0.305958558,5.06E-05,1.61E-04,NA,NA,
ACKR2,18.52180321,1.248799537,0.34214654,5.29E-05,1.68E-04,1238,atypical chemokine receptor 2,
RP11-640L9.2,2.815690482,5.138087836,2.41472807,5.35E-05,1.70E-04,NA,NA,
CNGA4,12.23775497,1.705143691,0.482482976,5.38E-05,1.71E-04,1262,cyclic nucleotide gated channel subunit alpha 4,
RTN4R,204.4287457,1.201130937,0.331110024,5.47E-05,1.73E-04,65078,reticulon 4 receptor,
SBSN,24.18923363,1.177937032,0.322696592,5.53E-05,1.75E-04,374897,suprabasin,
HIST2H2AC,13.49486134,-1.461269279,0.40912412,5.54E-05,1.75E-04,NA,NA,
RP11-327P2.5,23.94578618,1.130684219,0.308148557,5.57E-05,1.76E-04,NA,NA,
TMEM27,12.75347763,1.542603039,0.433851266,5.71E-05,1.81E-04,NA,NA,
PAMR1,7.904205658,2.089077709,0.594169843,5.71E-05,1.81E-04,25891,peptidase domain containing associated with muscle regeneration 1,
FCGBP,18.66594475,1.333689536,0.371932382,5.84E-05,1.84E-04,8857,Fc gamma binding protein,
RP11-563N4.1,19.18118358,-1.208668437,0.333628476,5.89E-05,1.86E-04,NA,NA,
RP4-673D20.3,11.57974104,1.60742722,0.454386287,5.90E-05,1.86E-04,NA,NA,
RP11-21B21.4,11.17728406,1.705351343,0.488527675,5.97E-05,1.89E-04,NA,NA,
RP11-359I18.5,16.65970682,1.454375544,0.409588036,6.03E-05,1.90E-04,NA,NA,
RP11-290L1.5,2.968124928,-5.375914666,2.534573463,6.03E-05,1.90E-04,NA,NA,
RP11-48B3.5,23.17723429,1.147264971,0.314805742,6.05E-05,1.91E-04,NA,NA,
FTHL20,17.3188512,1.345762768,0.376602917,6.11E-05,1.92E-04,NA,NA,
SYT14,13.47686227,1.498385785,0.423048872,6.18E-05,1.95E-04,255928,synaptotagmin 14,
RBP5,28.57555212,1.123128893,0.308624167,6.22E-05,1.96E-04,83758,retinol binding protein 5,
RP11-114H23.2,7.54675321,-2.135001557,0.61911602,6.52E-05,2.05E-04,NA,NA,
CTD-3162L10.1,20.42572728,-1.203399074,0.334941931,6.53E-05,2.05E-04,NA,NA,
EXOC3L1,25.71940934,1.083526835,0.296990106,6.54E-05,2.05E-04,283849,exocyst complex component 3 like 1,
AC122136.1,7.392890098,2.309179577,0.666891788,6.55E-05,2.06E-04,NA,NA,
CLDND2,29.29508592,-1.008528792,0.274792609,6.57E-05,2.06E-04,125875,claudin domain containing 2,
GIMAP8,5.890252633,2.952890279,0.833412454,6.65E-05,2.09E-04,155038,"GTPase, IMAP family member 8",
CTC-339O9.1,10.90567812,1.94135186,0.568098843,6.83E-05,2.14E-04,NA,NA,
LMOD1,14.49965692,1.495411064,0.426929629,7.01E-05,2.20E-04,25802,leiomodin 1,
DYNC1I1,24.26314232,1.16262209,0.323536854,7.11E-05,2.22E-04,1780,dynein cytoplasmic 1 intermediate chain 1,
TTC34,20.87232767,1.211891312,0.338657735,7.13E-05,2.23E-04,100287898,tetratricopeptide repeat domain 34,
NOVA2,20.27466027,1.348415578,0.382948991,7.20E-05,2.25E-04,4858,NOVA alternative splicing regulator 2,
AC073957.15,8.548658934,1.923226907,0.556971015,7.23E-05,2.26E-04,NA,NA,
RP11-541M12.6,18.93933334,-1.183750216,0.330931671,7.25E-05,2.27E-04,NA,NA,
RP11-435I10.3,13.12695581,1.50139373,0.429939509,7.26E-05,2.27E-04,NA,NA,
ZNF423,10.03924749,1.838133152,0.533980521,7.27E-05,2.27E-04,23090,zinc finger protein 423,
CTC-297N7.9,6.685150474,2.353807258,0.68051059,7.30E-05,2.28E-04,NA,NA,
RP11-344E13.4,5.270203137,-3.324159501,0.930550052,7.33E-05,2.29E-04,NA,NA,
RP11-699L21.1,12.7285419,-1.542244806,0.444526055,7.37E-05,2.30E-04,NA,NA,
COL9A3,40.48162434,1.103089226,0.307088515,7.51E-05,2.34E-04,1299,collagen type IX alpha 3 chain,
RP11-566J3.2,11.88647779,-1.622904419,0.471696375,7.54E-05,2.35E-04,NA,NA,
RP11-65J3.15,3.801057082,3.922979596,1.34218766,7.57E-05,2.36E-04,NA,NA,
OMG,31.89719264,1.151748177,0.322530824,7.71E-05,2.41E-04,4974,oligodendrocyte myelin glycoprotein,
FAM150B,8.000984153,-3.137307886,0.94892352,7.73E-05,2.41E-04,NA,NA,
HIST1H2AI,28.78958296,1.065084911,0.295122397,7.75E-05,2.42E-04,NA,NA,
ASCL5,10.65821129,1.726489869,0.502625955,7.83E-05,2.44E-04,647219,achaete-scute family bHLH transcription factor 5,
CRIP1,23.74572506,1.219463634,0.344505792,7.93E-05,2.47E-04,1396,cysteine rich protein 1,
SMTNL2,5.646187783,3.307494656,0.928563757,7.93E-05,2.47E-04,342527,smoothelin like 2,
GPR179,30.00852885,1.116613761,0.312173156,8.02E-05,2.49E-04,440435,G protein-coupled receptor 179,
LRRC74B,13.22068719,1.657413971,0.485026513,8.06E-05,2.51E-04,400891,leucine rich repeat containing 74B,
CTD-2200A16.1,8.730266073,1.951899784,0.572827842,8.10E-05,2.52E-04,NA,NA,
MIR635,9.211656668,2.029688712,0.599962688,8.11E-05,2.52E-04,693220,microRNA 635,
CTC-241N9.1,29.36850148,1.019039978,0.281897932,8.16E-05,2.53E-04,NA,NA,
RP5-943J3.2,8.297811813,2.005753316,0.588826333,8.19E-05,2.54E-04,NA,NA,
AC123788.4,25.31587619,1.152418758,0.32469916,8.28E-05,2.57E-04,NA,NA,
C4B,11.22600354,1.727123043,0.506486161,8.40E-05,2.61E-04,721,complement C4B (Chido/Rodgers blood group),
PA2G4P1,15.51339475,-1.310997605,0.374960518,8.41E-05,2.61E-04,389884,proliferation-associated 2G4 pseudogene 1,
AC008888.7,16.25704334,1.332514748,0.382494308,8.70E-05,2.69E-04,NA,NA,
COLGALT2,10.55091429,1.703170036,0.500461776,8.87E-05,2.75E-04,23127,collagen beta(1-O)galactosyltransferase 2,
LINC00239,24.8584958,1.047436539,0.292510754,8.98E-05,2.78E-04,145200,long intergenic non-protein coding RNA 239,
RHOXF1-AS1,14.41962995,1.408081502,0.407428327,9.01E-05,2.79E-04,101928969,RHOXF1 antisense RNA 1,
RP11-106M3.4,22.04519216,1.193263267,0.339106269,9.02E-05,2.79E-04,NA,NA,
HMGB1P8,19.24374967,-1.289509903,0.371188378,9.04E-05,2.79E-04,692147,high mobility group box 1 pseudogene 8,
SAMD14,14.3293307,1.459917129,0.424722707,9.08E-05,2.81E-04,201191,sterile alpha motif domain containing 14,
UPB1,12.12051411,1.589649649,0.467757501,9.45E-05,2.92E-04,51733,beta-ureidopropionase 1,
TIMM8AP,10.3521967,1.675094878,0.493395966,9.46E-05,2.92E-04,NA,NA,
AC069213.1,5.349932816,3.752061202,1.039068289,9.57E-05,2.95E-04,NA,NA,
KRTAP5-1,5.911038577,2.939022086,0.860885511,9.66E-05,2.98E-04,387264,keratin associated protein 5-1,
CHAT,3.760962599,3.887181853,1.36111663,9.84E-05,3.03E-04,1103,choline O-acetyltransferase,
RHBG,17.21149406,1.291078492,0.372642453,9.85E-05,3.03E-04,57127,Rh family B glycoprotein,
MSI1,6.776247952,2.362964754,0.704784149,9.97E-05,3.07E-04,4440,musashi RNA binding protein 1,
KB-1732A1.1,19.059317,-1.1995239,0.3441442,9.98E-05,3.07E-04,NA,NA,
ANXA10,24.42048834,-1.147488606,0.327730683,9.99E-05,3.07E-04,11199,annexin A10,
CCDC173,11.36592642,-1.633896566,0.485924948,1.01E-04,3.10E-04,NA,NA,
C3orf80,6.656003847,-2.267266535,0.681067054,1.02E-04,3.12E-04,401097,chromosome 3 open reading frame 80,
RP11-61A14.1,11.16200117,-1.599433893,0.474811979,1.02E-04,3.14E-04,NA,NA,
CAPN12,20.84686,1.158831826,0.331229601,1.02E-04,3.15E-04,147968,calpain 12,
AP003774.4,8.504811262,1.904961007,0.56939755,1.04E-04,3.19E-04,NA,NA,
TMEM191A,17.49839041,1.22296524,0.351892623,1.04E-04,3.19E-04,84222,transmembrane protein 191A (pseudogene),
CTD-2342J14.6,13.58907349,1.428100519,0.419039145,1.06E-04,3.24E-04,NA,NA,
RP11-416I2.1,16.97030108,-1.286508565,0.374020301,1.06E-04,3.24E-04,NA,NA,
LTK,16.98621696,1.353764645,0.396195704,1.06E-04,3.25E-04,4058,leukocyte receptor tyrosine kinase,
RP11-757G14.4,25.8123687,1.031257475,0.291269201,1.07E-04,3.29E-04,NA,NA,
CXCR6,16.58348791,-1.231941037,0.358269698,1.13E-04,3.47E-04,10663,C-X-C motif chemokine receptor 6,
SLC2A10,26.85129714,1.01205699,0.286795003,1.15E-04,3.50E-04,81031,solute carrier family 2 member 10,
MYOT,31.57967048,1.020922372,0.290172215,1.15E-04,3.50E-04,9499,myotilin,
RP11-360L9.7,2.429581182,-5.001433728,2.475381466,1.15E-04,3.51E-04,NA,NA,
MVD,1603.216484,1.018125634,0.291339502,1.16E-04,3.53E-04,4597,mevalonate diphosphate decarboxylase,
AC091178.1,6.797396735,2.346517699,0.712096456,1.16E-04,3.55E-04,NA,NA,
RP11-403A21.1,11.06467933,1.604231533,0.48000862,1.18E-04,3.58E-04,NA,NA,
NOTUM,8.481359722,2.015505275,0.615124034,1.19E-04,3.62E-04,147111,"notum, palmitoleoyl-protein carboxylesterase",
AC012307.2,5.668527753,2.889035763,0.85965465,1.20E-04,3.67E-04,NA,NA,
ADAMTSL2,9.460129099,1.732073719,0.521404081,1.21E-04,3.68E-04,9719,ADAMTS like 2,
FAM166A,6.409511082,2.481026351,0.752305512,1.21E-04,3.69E-04,NA,NA,
MFAP4,26.81941068,1.037792576,0.296531704,1.22E-04,3.71E-04,4239,microfibril associated protein 4,
NLRP6,15.17122104,1.368512281,0.405605452,1.24E-04,3.76E-04,171389,NLR family pyrin domain containing 6,
MSLN,14.04702033,1.473028752,0.441017848,1.24E-04,3.77E-04,10232,mesothelin,
RP11-439L18.3,11.5847601,1.51725017,0.45382241,1.26E-04,3.83E-04,NA,NA,
RTP3,17.77000303,1.392159094,0.415312421,1.27E-04,3.87E-04,83597,receptor transporter protein 3,
CTC-510F12.4,8.279898326,1.856506536,0.563705245,1.29E-04,3.90E-04,NA,NA,
RP11-24J23.2,14.52476954,1.424313631,0.425452529,1.30E-04,3.93E-04,NA,NA,
KCNH3,19.138222,1.205588227,0.353594662,1.33E-04,4.03E-04,23416,potassium voltage-gated channel subfamily H member 3,
FCN3,6.978964006,2.192448283,0.672308336,1.34E-04,4.06E-04,8547,ficolin 3,
RP11-79P5.7,10.18869322,-1.594512795,0.484415687,1.35E-04,4.09E-04,NA,NA,
RP11-726G1.2,11.92845295,-1.480437995,0.446794368,1.35E-04,4.10E-04,NA,NA,
CTD-2589M5.5,16.66202146,-1.33777985,0.399804843,1.37E-04,4.13E-04,NA,NA,
RP11-879F14.2,4.913171357,-3.185238219,0.943033828,1.37E-04,4.13E-04,NA,NA,
ROCK1P1,13.30588093,1.701832647,0.526314113,1.39E-04,4.19E-04,727758,Rho associated coiled-coil containing protein kinase 1 pseudogene 1,
RP11-21I4.3,19.51037172,-1.166505888,0.342376098,1.39E-04,4.19E-04,NA,NA,
DLEU2,27.65069183,-1.093796952,0.319779137,1.41E-04,4.25E-04,8847,deleted in lymphocytic leukemia 2,
STAC2,6.912553776,2.355911847,0.731106259,1.41E-04,4.26E-04,342667,SH3 and cysteine rich domain 2,
AP000344.1,6.243893344,2.439201529,0.748767042,1.41E-04,4.26E-04,NA,NA,
EFCAB12,39.05251217,1.033435768,0.299321761,1.42E-04,4.30E-04,90288,EF-hand calcium binding domain 12,
CHRM1,5.549771774,3.220312104,0.964973905,1.43E-04,4.32E-04,1128,cholinergic receptor muscarinic 1,
AC009299.4,12.11802628,-1.450508486,0.438831331,1.45E-04,4.38E-04,NA,NA,
CFAP99,13.45429233,1.411903707,0.425212158,1.46E-04,4.41E-04,402160,cilia and flagella associated protein 99,
CTD-2616J11.3,4.908433226,-3.179691244,0.950023466,1.48E-04,4.47E-04,NA,NA,
CEMIP,3656.088984,1.402789675,0.425750422,1.50E-04,4.52E-04,57214,cell migration inducing hyaluronidase 1,
ALOX15B,8.578607092,1.889336597,0.587156449,1.53E-04,4.59E-04,247,arachidonate 15-lipoxygenase type B,
CTD-2600O9.1,14.20874817,1.490951453,0.456267419,1.55E-04,4.65E-04,NA,NA,
RP11-169K16.6,18.39990644,1.207410983,0.360350817,1.62E-04,4.85E-04,NA,NA,
CHADL,21.93152293,1.133273371,0.335566496,1.63E-04,4.88E-04,150356,chondroadherin like,
RP11-521L9.2,22.40782018,-1.062899204,0.312570222,1.64E-04,4.90E-04,NA,NA,
SLC15A3,13.75235616,1.428823939,0.436581357,1.64E-04,4.91E-04,51296,solute carrier family 15 member 3,
PLIN1,14.80123323,1.277656859,0.383381937,1.64E-04,4.91E-04,5346,perilipin 1,
CTD-3220F14.1,15.74599415,-1.228433006,0.368271694,1.65E-04,4.94E-04,NA,NA,
AL844908.5,16.43160358,-1.249813647,0.376316173,1.66E-04,4.96E-04,NA,NA,
LY6D,17.62502228,1.2303587,0.368785176,1.67E-04,5.00E-04,8581,lymphocyte antigen 6 family member D,
MYOZ2,5.903158154,2.601876077,0.810363284,1.69E-04,5.06E-04,51778,myozenin 2,
OTUD7A,23.06404218,1.152088694,0.343273863,1.69E-04,5.07E-04,161725,OTU deubiquitinase 7A,
AP000344.3,5.266789349,3.677494882,1.085989632,1.69E-04,5.07E-04,NA,NA,
GYG2,10.61515297,1.790293669,0.563326885,1.71E-04,5.12E-04,8908,glycogenin 2,
SLC28A1,15.51658263,1.366514507,0.416177432,1.71E-04,5.13E-04,9154,solute carrier family 28 member 1,
RP11-20G13.1,3.521021664,3.74671164,1.383696006,1.72E-04,5.14E-04,NA,NA,
RP11-465L10.10,11.37953732,1.480194638,0.453842566,1.73E-04,5.16E-04,NA,NA,
AC006042.6,5.013007023,3.078850289,0.925843968,1.73E-04,5.17E-04,NA,NA,
SMIM5,14.715788,1.427089361,0.438696724,1.74E-04,5.20E-04,643008,small integral membrane protein 5,
EFNA2,15.30787664,1.273131672,0.384814053,1.76E-04,5.25E-04,1943,ephrin A2,
CCR4,5.891427654,-2.247453178,0.709298236,1.82E-04,5.43E-04,1233,C-C motif chemokine receptor 4,
OR1F1,12.92912168,1.399072049,0.429412132,1.83E-04,5.47E-04,4992,olfactory receptor family 1 subfamily F member 1,
IL34,11.42684605,1.486254907,0.459462752,1.87E-04,5.56E-04,146433,interleukin 34,
RP11-544M22.8,12.09394412,1.509200751,0.468769942,1.89E-04,5.63E-04,NA,NA,
CTC-265F19.1,2.35731167,4.723159173,2.41103326,1.92E-04,5.70E-04,NA,NA,
RP11-364B6.3,9.539146836,1.621365815,0.506404732,1.93E-04,5.73E-04,NA,NA,
RP11-16E12.1,7.515214689,1.953778317,0.619586079,1.95E-04,5.79E-04,NA,NA,
C2CD4A,5.819714687,2.586765562,0.816372881,1.95E-04,5.80E-04,145741,C2 calcium dependent domain containing 4A,
PRLR,10.24764195,-1.525822533,0.476770579,1.97E-04,5.85E-04,5618,prolactin receptor,
AC011322.1,14.04926229,1.364580096,0.420859494,2.01E-04,5.96E-04,NA,NA,
ADAM28,20.26639545,1.229060661,0.37478805,2.02E-04,5.99E-04,10863,ADAM metallopeptidase domain 28,
MIR616,11.78883853,1.535810028,0.48144912,2.02E-04,6.00E-04,693201,microRNA 616,
AC087380.14,6.710324819,2.115803485,0.67376065,2.03E-04,6.03E-04,NA,NA,
HIST1H1B,6.831370782,-2.094476105,0.674147168,2.04E-04,6.04E-04,NA,NA,
RP11-358L16.4,13.34787325,1.397258968,0.432906015,2.04E-04,6.05E-04,NA,NA,
U73166.2,14.54389739,1.24569728,0.379737873,2.06E-04,6.10E-04,NA,NA,
CDH16,19.48228196,1.235780413,0.378022255,2.07E-04,6.13E-04,1014,cadherin 16,
RP11-557H15.2,9.853584864,1.590077488,0.497926677,2.09E-04,6.20E-04,NA,NA,
RP11-545I5.3,30.78879695,1.001725892,0.298171241,2.12E-04,6.28E-04,NA,NA,
NUDT3,21.29485887,-1.07221885,0.322445729,2.13E-04,6.28E-04,11165,nudix hydrolase 3,
TSPAN32,7.497105717,1.962124504,0.627873459,2.14E-04,6.32E-04,10077,tetraspanin 32,
AC147651.3,17.74231375,1.26980252,0.39202805,2.16E-04,6.36E-04,NA,NA,
KCNG1,15.41770826,-1.286253109,0.397897168,2.16E-04,6.38E-04,3755,potassium voltage-gated channel modifier subfamily G member 1,
OOEP,9.260472229,1.665433869,0.528262707,2.16E-04,6.38E-04,441161,oocyte expressed protein,
RP11-33N11.1,13.10104553,-1.432762175,0.450651698,2.17E-04,6.41E-04,NA,NA,
RP3-337H4.8,7.633287927,-1.84530386,0.594414329,2.26E-04,6.66E-04,NA,NA,
CTD-2589H19.4,2.258492066,4.629176154,2.400625974,2.29E-04,6.73E-04,NA,NA,
LAMB4,15.78551204,-1.320855866,0.413051587,2.30E-04,6.76E-04,22798,laminin subunit beta 4,
MFSD4A,33.8518347,1.005048671,0.301640055,2.30E-04,6.76E-04,148808,major facilitator superfamily domain containing 4A,
AMZ1,22.87607499,1.172379507,0.360058815,2.31E-04,6.81E-04,155185,archaelysin family metallopeptidase 1,
ASB2,7.921227582,-1.887387736,0.61396669,2.32E-04,6.83E-04,51676,ankyrin repeat and SOCS box containing 2,
AC004019.13,11.8888168,1.468652346,0.463647874,2.33E-04,6.84E-04,NA,NA,
RP11-693N9.2,5.458940703,2.492383298,0.794653585,2.33E-04,6.86E-04,NA,NA,
CTD-2530H12.4,5.763090143,2.300461761,0.736995198,2.34E-04,6.87E-04,NA,NA,
RP11-151N17.1,9.52147013,-1.565035311,0.49933037,2.37E-04,6.98E-04,NA,NA,
RP11-440G9.1,11.15718757,1.525736795,0.484609243,2.39E-04,7.02E-04,NA,NA,
MILR1,21.90302342,-1.062572249,0.322490815,2.40E-04,7.05E-04,284021,mast cell immunoglobulin like receptor 1,
RP4-781B1.5,7.9566539,1.902261037,0.616622791,2.41E-04,7.07E-04,NA,NA,
LA16c-329F2.2,7.058638062,-2.117665459,0.698650596,2.42E-04,7.09E-04,NA,NA,
PCBP3-OT1,20.71855748,1.105219137,0.337112948,2.43E-04,7.12E-04,NA,NA,
RP13-20L14.10,10.56899555,1.500413731,0.476791895,2.46E-04,7.22E-04,NA,NA,
RP11-1236K1.5,9.152307958,1.741758986,0.56426301,2.47E-04,7.24E-04,NA,NA,
ATCAY,10.44353996,1.576681284,0.50496393,2.49E-04,7.29E-04,85300,ATCAY kinesin light chain interacting caytaxin,
AQP7,6.446838412,2.053853432,0.664272897,2.50E-04,7.32E-04,364,aquaporin 7,
CTD-2313J17.4,2.335602738,4.677678371,2.430928428,2.51E-04,7.36E-04,NA,NA,
AC092675.3,21.92628195,-1.045309192,0.318411921,2.53E-04,7.42E-04,NA,NA,
RP11-359M6.3,12.96231899,-1.413809021,0.450578238,2.55E-04,7.46E-04,NA,NA,
GSTA2,6.646564568,2.076362623,0.678407913,2.58E-04,7.55E-04,2939,glutathione S-transferase alpha 2,
CLCA3P,3.524801161,-3.803902902,1.477574278,2.60E-04,7.60E-04,9629,"chloride channel accessory 3, pseudogene",
CLDN5,5.166672495,-2.818304285,0.917386174,2.60E-04,7.60E-04,7122,claudin 5,
RP11-40H20.2,19.46244737,-1.163569268,0.362950599,2.70E-04,7.88E-04,NA,NA,
RP5-907D15.3,22.70031495,-1.122551418,0.34777557,2.71E-04,7.91E-04,NA,NA,
SGK2,7.905655992,1.872900415,0.615906631,2.75E-04,8.00E-04,10110,serum/glucocorticoid regulated kinase 2,
CD207,13.69754589,1.365040649,0.434632573,2.77E-04,8.07E-04,50489,CD207 molecule,
CILP,18.70982299,1.183238494,0.370227374,2.82E-04,8.19E-04,8483,cartilage intermediate layer protein,
ENTPD8,12.78383998,1.321903215,0.418240539,2.83E-04,8.22E-04,377841,ectonucleoside triphosphate diphosphohydrolase 8,
C9orf47,7.682691147,-1.832247803,0.605933721,2.84E-04,8.25E-04,NA,NA,
LINC01395,18.76533633,1.160107267,0.362122585,2.88E-04,8.38E-04,101929557,long intergenic non-protein coding RNA 1395,
AKR1D1,9.19186243,1.861156743,0.620501606,2.95E-04,8.54E-04,6718,aldo-keto reductase family 1 member D1,
RP11-473O3.1,14.39859435,-1.205829523,0.379725855,2.95E-04,8.54E-04,NA,NA,
RP11-221J22.2,3.05919646,-3.600839757,1.419854451,2.98E-04,8.63E-04,NA,NA,
ALOX15,6.881302873,2.132322062,0.713295338,3.03E-04,8.76E-04,246,arachidonate 15-lipoxygenase,
AC006262.6,7.190549161,1.88607326,0.622086607,3.03E-04,8.76E-04,NA,NA,
AC027119.1,18.90926983,1.094006387,0.339839195,3.06E-04,8.84E-04,NA,NA,
MYO18B,13.54838588,1.44942577,0.472248139,3.07E-04,8.88E-04,84700,myosin XVIIIB,
CTD-2616J11.2,4.242757389,-3.468096376,1.081267206,3.10E-04,8.95E-04,NA,NA,
HSPB7,5.934302997,2.55518028,0.857679888,3.11E-04,8.98E-04,27129,heat shock protein family B (small) member 7,
RP5-832C2.8,30.16763953,-1.177275573,0.373505544,3.13E-04,9.03E-04,NA,NA,
RP11-10N23.6,16.65343,-1.174255949,0.371745525,3.19E-04,9.21E-04,NA,NA,
SMTNL1,11.7092638,1.511416892,0.49543743,3.21E-04,9.26E-04,219537,smoothelin like 1,
RP11-158I3.2,7.921140166,1.759302763,0.581949322,3.21E-04,9.26E-04,NA,NA,
AC073130.1,26.49379609,-1.000486101,0.309365737,3.21E-04,9.27E-04,NA,NA,
RP11-392O17.1,2.992147486,-3.552007768,1.414503373,3.24E-04,9.34E-04,NA,NA,
NEU4,7.58892363,1.816051039,0.603668855,3.26E-04,9.40E-04,129807,neuraminidase 4,
SNORD17,23.65436563,-1.095964017,0.345685776,3.41E-04,9.80E-04,692086,"small nucleolar RNA, C/D box 17",
ATP12A,4.472439656,-2.981830255,0.97677337,3.43E-04,9.87E-04,479,ATPase H+/K+ transporting non-gastric alpha2 subunit,
CTD-2126E3.1,2.390876667,4.655296562,2.471979582,3.44E-04,9.90E-04,NA,NA,
RUNX3,31.59761987,-1.041620314,0.326431638,3.46E-04,9.93E-04,864,RUNX family transcription factor 3,
CCL17,5.338342166,2.44136756,0.813378715,3.47E-04,9.97E-04,6361,C-C motif chemokine ligand 17,
AC078883.3,7.372108178,2.06386192,0.702665606,3.49E-04,0.001001626,NA,NA,
RP1-34L19.2,2.959229718,-3.543080556,1.421692124,3.53E-04,0.001013257,NA,NA,
CHRD,8.176797246,1.678329759,0.559099176,3.58E-04,0.001025665,8646,chordin,
LRRC4B,26.8054323,1.101352111,0.349053517,3.59E-04,0.001029283,94030,leucine rich repeat containing 4B,
RP11-459E5.1,5.839584877,-2.41154544,0.829833165,3.62E-04,0.001037088,NA,NA,
FOLR1,6.400368709,2.210160646,0.753376595,3.62E-04,0.001038079,2348,folate receptor alpha,
AC011309.4,21.35608244,1.037596359,0.325568611,3.66E-04,0.001048072,NA,NA,
RP11-629O1.2,26.34871413,-1.077823309,0.34261345,3.74E-04,0.001071091,NA,NA,
RP11-561N12.6,20.42465965,-1.023137325,0.321666887,3.79E-04,0.001083537,NA,NA,
TNFSF15,18.5678748,1.13941665,0.363890121,3.80E-04,0.001085504,9966,TNF superfamily member 15,
MGAM2,7.156217155,-1.97334067,0.681218496,3.82E-04,0.001093399,93432,maltase-glucoamylase 2 (putative),
RP11-332H18.3,5.244899746,2.396649582,0.809246074,3.90E-04,0.001115601,NA,NA,
RP11-64I1.2,14.61003596,-1.188071444,0.383380471,3.91E-04,0.001116082,NA,NA,
AC010642.1,23.80971399,-1.067783281,0.340028935,3.91E-04,0.001116983,NA,NA,
RP11-775A3.1,3.085354296,3.470309366,1.40558572,3.94E-04,0.001125313,NA,NA,
RP11-502I4.3,19.38056165,1.116893268,0.358112534,4.01E-04,0.001144181,NA,NA,
RP11-345I19.6,5.504865656,-2.104362548,0.720576907,4.03E-04,0.001149679,NA,NA,
RP11-227H15.5,8.237813362,1.671548105,0.565568623,4.04E-04,0.001151476,NA,NA,
AL773604.8,6.824240283,-2.058785275,0.7173486,4.08E-04,0.001161984,NA,NA,
PROM1,5.299477331,2.391118927,0.814962452,4.09E-04,0.001164832,8842,prominin 1,
TMEM176B,8.441236335,1.608107459,0.541419685,4.11E-04,0.001170443,28959,transmembrane protein 176B,
RP11-205M3.2,6.975959691,-1.809947514,0.620092611,4.13E-04,0.00117555,NA,NA,
RP11-356O23.1,13.59560601,-1.207780938,0.393436638,4.18E-04,0.001188212,NA,NA,
RP11-445H22.4,16.32012326,1.119973326,0.359775216,4.18E-04,0.001189091,NA,NA,
RP11-7F17.7,10.31074287,1.536140517,0.518290603,4.19E-04,0.001189478,NA,NA,
DLL1,8.224153903,1.668401566,0.567236251,4.23E-04,0.001201019,28514,delta like canonical Notch ligand 1,
ST6GAL2,20.16241327,1.124554258,0.362712431,4.25E-04,0.001205744,84620,"ST6 beta-galactoside alpha-2,6-sialyltransferase 2",
CTB-50L17.16,11.26432136,1.362995241,0.451647715,4.26E-04,0.001209991,NA,NA,
RP3-468K18.6,18.80447772,-1.04505651,0.333457677,4.28E-04,0.001214058,NA,NA,
RP11-638I2.4,9.536038367,1.678751273,0.576629772,4.29E-04,0.001217052,NA,NA,
LINC00271,17.56365875,1.159956059,0.37666546,4.33E-04,0.001227558,NA,NA,
IL1B,6.573822227,1.88947469,0.646749477,4.35E-04,0.001232116,3553,interleukin 1 beta,
RP5-1069P2.4,20.17973317,1.014930207,0.322337,4.38E-04,0.001242544,NA,NA,
LA16c-380A1.2,8.262699439,1.681576542,0.575242023,4.41E-04,0.00124989,NA,NA,
RP11-903H12.3,5.835356187,2.072204613,0.711942592,4.42E-04,0.001251794,NA,NA,
RP11-150O12.6,5.870224242,-2.004608846,0.695065028,4.44E-04,0.001256231,NA,NA,
NDST3,9.423833344,1.575683966,0.536014063,4.45E-04,0.001260248,9348,N-deacetylase and N-sulfotransferase 3,
RP11-1069G10.2,18.81229607,1.106753254,0.358018118,4.49E-04,0.001269888,NA,NA,
NPSR1,12.89165574,1.31150124,0.435654513,4.51E-04,0.00127716,387129,neuropeptide S receptor 1,
RSPO4,6.141499483,1.953124114,0.671078924,4.52E-04,0.001280075,343637,R-spondin 4,
RP11-258F22.1,17.33895689,1.090654441,0.351885042,4.54E-04,0.001283529,NA,NA,
RP11-1E6.1,3.990572042,-3.348366434,1.091512764,4.58E-04,0.001295203,NA,NA,
RP11-485G7.6,7.756879286,-1.721496377,0.596876727,4.66E-04,0.001317086,NA,NA,
RP11-785D18.2,12.06474409,1.33622541,0.447360918,4.78E-04,0.001349704,NA,NA,
ENTPD2,34.22182163,1.001454578,0.321201276,4.80E-04,0.001353259,954,ectonucleoside triphosphate diphosphohydrolase 2,
RASGRF1,19.36869092,1.048237646,0.338195525,4.86E-04,0.001368357,5923,Ras protein specific guanine nucleotide releasing factor 1,
CECR1,9.59057838,1.513770524,0.516343505,4.86E-04,0.001368965,NA,NA,
RP11-116G8.4,7.97323759,1.837996956,0.648582382,4.91E-04,0.001382407,NA,NA,
VSTM5,7.418613228,1.878435721,0.662231455,4.98E-04,0.001399678,387804,V-set and transmembrane domain containing 5,
COL14A1,7.176224697,1.862874982,0.651649095,4.99E-04,0.001402485,7373,collagen type XIV alpha 1 chain,
FAM129C,9.398622855,1.551823762,0.535948137,4.99E-04,0.001403537,NA,NA,
RP11-46I1.2,5.099354625,-2.203043107,0.773267048,5.02E-04,0.001409966,NA,NA,
AMY2B,12.71317253,1.229567967,0.407707089,5.04E-04,0.001415645,280,amylase alpha 2B,
IQUB,15.54790537,1.232400866,0.410712019,5.05E-04,0.001418943,154865,IQ motif and ubiquitin domain containing,
RP11-909N17.2,9.702604442,1.688942729,0.593972913,5.07E-04,0.001424594,NA,NA,
CD72,9.681296219,1.504617263,0.519066173,5.27E-04,0.001477162,971,CD72 molecule,
RP11-39C10.2,10.20943122,-1.412533875,0.483886106,5.29E-04,0.001481424,NA,NA,
RP11-492E3.2,16.03534065,1.094770288,0.358236415,5.29E-04,0.001481424,NA,NA,
RNASE4,6.828365261,1.782182314,0.622040242,5.32E-04,0.001490092,6038,ribonuclease A family member 4,
RP11-70D24.2,2.862094861,3.335019975,1.401954793,5.38E-04,0.001504115,NA,NA,
HAO1,4.11461441,-2.840552614,0.975426364,5.42E-04,0.001516,54363,hydroxyacid oxidase 1,
RP11-320M16.2,9.172581034,1.71865581,0.608986064,5.43E-04,0.001518613,NA,NA,
ARMC12,19.25489359,1.034535591,0.337545269,5.56E-04,0.001553137,221481,armadillo repeat containing 12,
FTHL1,12.38003537,1.24364682,0.41788494,5.60E-04,0.001561589,NA,NA,
TKTL1,7.074853252,1.828870435,0.647946118,5.64E-04,0.001572157,8277,transketolase like 1,
RP11-288L9.4,6.963286437,1.794277046,0.634209434,5.66E-04,0.001576709,NA,NA,
RP11-447H19.1,16.48975209,-1.121073611,0.372367039,5.66E-04,0.001577042,NA,NA,
LNX1,15.77282115,1.316502123,0.450016607,5.67E-04,0.001580321,84708,ligand of numb-protein X 1,
RP11-389K14.3,7.717937285,1.683389733,0.592707266,5.72E-04,0.001593766,NA,NA,
RP11-806L2.3,7.367445201,-1.628398776,0.57230678,5.73E-04,0.001595337,NA,NA,
RP5-1142A6.2,20.88122579,-1.110243532,0.369815083,5.74E-04,0.001598032,NA,NA,
RP11-177H22.2,13.63881966,-1.249700772,0.425412561,5.85E-04,0.001628301,NA,NA,
TMPRSS4,15.86278844,1.215116552,0.411120981,5.95E-04,0.001654156,56649,transmembrane serine protease 4,
AC005281.1,8.084713972,1.638862485,0.578887028,6.02E-04,0.001672623,NA,NA,
DOK7,13.34104062,1.258651031,0.428214243,6.09E-04,0.001692519,285489,docking protein 7,
RP11-266K4.14,6.292809193,1.972503441,0.7095752,6.16E-04,0.001710433,NA,NA,
RPL7P50,15.46918312,1.117037209,0.37320918,6.18E-04,0.001716061,729449,ribosomal protein L7 pseudogene 50,
RP11-159H10.3,13.5562751,-1.395352288,0.491192492,6.37E-04,0.001766703,NA,NA,
AP000271.1,16.75851011,-1.187591114,0.404645864,6.40E-04,0.001772712,NA,NA,
SLC16A11,12.38870632,1.236129561,0.42162852,6.42E-04,0.001779038,162515,solute carrier family 16 member 11,
NRK,8.632287392,1.62169899,0.579099265,6.45E-04,0.001785049,203447,Nik related kinase,
RP1-273G13.2,18.28766652,-1.145064345,0.389502485,6.53E-04,0.001805777,NA,NA,
SLC14A2,6.799478033,2.05358811,0.757481654,6.53E-04,0.001807237,8170,solute carrier family 14 member 2,
AC072062.1,16.08179408,1.096303276,0.367369883,6.58E-04,0.001818525,NA,NA,
RP4-564F22.7,13.45898931,-1.337009974,0.467918829,6.59E-04,0.001822496,NA,NA,
CFAP65,9.111715096,1.520654642,0.535893734,6.64E-04,0.001835192,255101,cilia and flagella associated protein 65,
CTD-2003D5.1,4.079005133,-2.80248331,0.995232794,6.73E-04,0.001857035,NA,NA,
PIK3C2G,15.43134502,-1.419598903,0.507855105,6.80E-04,0.001877078,5288,phosphatidylinositol-4-phosphate 3-kinase catalytic subunit type 2 gamma,
UPK3A,2.127315851,4.366666158,2.485221344,6.83E-04,0.001882964,7380,uroplakin 3A,
SYNDIG1L,17.39493708,1.185292602,0.405626945,6.84E-04,0.001885162,646658,synapse differentiation inducing 1 like,
BCL2L14,10.02852284,1.458484823,0.517726675,6.90E-04,0.001901374,79370,BCL2 like 14,
RP1-213J1P__B.1,2.730413626,3.234941771,1.408707891,6.90E-04,0.001902794,NA,NA,
RP11-455F5.6,6.752175218,1.74065845,0.626918057,6.92E-04,0.00190656,NA,NA,
LINGO4,4.847756318,2.532872315,0.922240768,7.02E-04,0.001931062,339398,leucine rich repeat and Ig domain containing 4,
CTNNA2,5.316061852,2.360128949,0.869757158,7.06E-04,0.001941942,1496,catenin alpha 2,
RP1-240K6.4,5.392051686,-2.031164924,0.747896572,7.11E-04,0.001954803,NA,NA,
CDH5,8.268869287,1.656132579,0.600908245,7.12E-04,0.001955989,1003,cadherin 5,
Z84723.2,13.1981451,-1.243274333,0.432462447,7.15E-04,0.001964409,NA,NA,
RP11-348A11.4,6.129845752,-1.871870428,0.68800683,7.15E-04,0.001965232,NA,NA,
COL4A3,9.77324316,1.52960265,0.548974229,7.16E-04,0.001967593,1285,collagen type IV alpha 3 chain,
RP11-329B9.4,18.23703374,1.081533255,0.365857384,7.17E-04,0.001969875,NA,NA,
INSIG1,5877.514315,1.039212149,0.347608974,7.21E-04,0.001980283,3638,insulin induced gene 1,
CTC-490E21.10,6.932661556,1.784774602,0.650834607,7.25E-04,0.001989896,NA,NA,
NCCRP1,2.745387198,3.229271793,1.418854665,7.28E-04,0.001998448,342897,"NCCRP1, F-box associated domain containing",
RP11-423F24.3,4.800012475,-2.33802397,0.865195282,7.29E-04,0.001999632,NA,NA,
IL11,4221.573291,-1.190955102,0.419374941,7.35E-04,0.002015859,3589,interleukin 11,
RP11-673C5.1,13.03998221,-1.172884847,0.403979077,7.36E-04,0.002017944,NA,NA,
PLA2G2F,4.575566615,2.802697346,1.016944156,7.38E-04,0.002022415,64600,phospholipase A2 group IIF,
RP11-161I2.1,10.05457991,1.571658556,0.571852998,7.55E-04,0.002066308,NA,NA,
TRPM6,9.165160529,-1.461381466,0.52557467,7.56E-04,0.002069861,140803,transient receptor potential cation channel subfamily M member 6,
RP11-83J16.3,16.64534413,-1.041827228,0.352204844,7.56E-04,0.002069946,NA,NA,
RP11-122G18.12,10.94489146,1.308203635,0.458957404,7.61E-04,0.002080895,NA,NA,
RP11-517I3.2,8.939847154,1.555449673,0.564474402,7.62E-04,0.002084631,NA,NA,
C16orf96,10.31091013,1.423381148,0.509428316,7.68E-04,0.002098013,342346,chromosome 16 open reading frame 96,
SIGLEC9,7.690607805,1.792047876,0.664602457,7.68E-04,0.002098903,27180,sialic acid binding Ig like lectin 9,
SMIM10L2B,13.86624354,1.276713208,0.450703889,7.78E-04,0.002124584,644596,small integral membrane protein 10 like 2B,
CTD-2521M24.13,14.41330631,1.134122688,0.38992698,7.80E-04,0.002129586,NA,NA,
RP11-609D21.3,4.177198517,2.708081744,0.968517303,7.80E-04,0.002129625,NA,NA,
MIR27B,5.447622022,2.124425948,0.791045276,7.90E-04,0.002153619,407019,microRNA 27b,
RP11-98L4.1,12.70356208,-1.243352182,0.437245351,7.96E-04,0.002169443,NA,NA,
CTC-255N20.1,23.79959403,1.015052558,0.344018407,8.01E-04,0.002182444,NA,NA,
AP001628.6,7.446532362,-1.634387767,0.601445633,8.04E-04,0.002189813,NA,NA,
RP11-535A19.2,18.31821844,1.017815484,0.344326595,8.09E-04,0.002203354,NA,NA,
RP11-7K24.3,10.94541409,1.292088578,0.456353602,8.13E-04,0.002213876,NA,NA,
FGF9,4.811640819,2.217161138,0.816637126,8.15E-04,0.00221761,2254,fibroblast growth factor 9,
RP11-561N12.5,14.60668213,-1.176782846,0.410542331,8.16E-04,0.002221154,NA,NA,
RP11-164J13.1,15.74431636,1.098676157,0.378015544,8.30E-04,0.002257001,NA,NA,
LCNL1,9.978987093,1.382404545,0.495740275,8.38E-04,0.002276001,401562,lipocalin like 1,
PDF,15.03704147,-1.323240484,0.478080809,8.41E-04,0.002284671,64146,"peptide deformylase, mitochondrial",
GTF2IRD2P,5.401543751,2.117990523,0.794569814,8.43E-04,0.002288703,NA,NA,
COL5A1-AS1,5.969448891,-1.831597053,0.685652387,8.51E-04,0.002310533,414316,COL5A1 antisense RNA 1,
FSD2,6.882736953,1.915530605,0.724757461,8.57E-04,0.002324198,123722,fibronectin type III and SPRY domain containing 2,
KCNN3,14.75319254,1.278565497,0.457978806,8.79E-04,0.00238278,3782,potassium calcium-activated channel subfamily N member 3,
SNORA11,4.541486705,2.423305247,0.905638771,9.05E-04,0.002445724,677799,"small nucleolar RNA, H/ACA box 11",
RP11-489P20.1,19.15652201,1.01992617,0.349667047,9.07E-04,0.002451683,NA,NA,
AC008063.3,4.812855426,2.196935239,0.824518668,9.10E-04,0.002459616,NA,NA,
C5orf46,5.280073194,2.079924565,0.786999607,9.20E-04,0.002484732,389336,chromosome 5 open reading frame 46,
RP11-552M11.2,5.64497254,-1.893890409,0.722683569,9.44E-04,0.002546419,NA,NA,
RP11-206M11.7,4.295687859,-2.469120114,0.937510123,9.44E-04,0.002546484,NA,NA,
RP11-800A3.7,9.080454789,1.479225291,0.546487506,9.45E-04,0.002549456,NA,NA,
RP11-219E7.3,6.494808707,1.8075367,0.685524764,9.49E-04,0.00256103,NA,NA,
RP11-446H18.5,3.789623331,3.079609438,1.102309644,9.63E-04,0.002594003,NA,NA,
RP11-803J6.1,17.17065456,1.033391624,0.3573575,9.70E-04,0.002612336,NA,NA,
S1PR4,16.47813688,1.268864625,0.459731233,9.70E-04,0.002613345,8698,sphingosine-1-phosphate receptor 4,
KRT85,2.714444044,3.170021004,1.463094678,9.92E-04,0.002669707,3891,keratin 85,
RP11-84C10.1,12.68492312,-1.23581918,0.445965966,9.93E-04,0.002670581,NA,NA,
SMIM1,12.0240728,1.362967485,0.502116371,0.001000226,0.002689757,388588,small integral membrane protein 1 (Vel blood group),
ELDR,8.781990203,-1.380603563,0.508221628,0.001003368,0.002697932,102725541,EGFR long non-coding downstream RNA,
AC002059.10,8.460449037,-1.496101918,0.561316094,0.001007095,0.002707316,NA,NA,
FAM21EP,16.04968911,1.035875874,0.359925488,0.001007561,0.002707828,100421577,"family with sequence similarity 21, member A pseudogene",
RP11-454H13.6,12.16691757,1.195402568,0.427996823,0.001027674,0.002759913,NA,NA,
RP3-333H23.10,7.265026589,1.815029761,0.70470905,0.001038362,0.002787483,NA,NA,
RP11-329B9.3,5.033707647,2.017021344,0.768297667,0.001038661,0.002787718,NA,NA,
POM121L2,1.781523657,4.0123261,2.428754878,0.001039831,0.002789725,94026,POM121 transmembrane nucleoporin like 2,
ALOX5,10.93120909,1.422980243,0.533045896,0.001063722,0.002849765,240,arachidonate 5-lipoxygenase,
AC016717.1,5.530223631,2.149925905,0.840828378,0.001068612,0.002861412,NA,NA,
RP11-244H3.5,13.16831802,1.15056306,0.411012139,0.001071268,0.002867653,NA,NA,
GOLGA6L2,4.251638088,2.675017569,1.016291544,0.001073576,0.002872957,283685,golgin A6 family like 2,
RP11-325K4.3,8.546983126,1.395892038,0.515390639,0.001074648,0.002875241,NA,NA,
ZNF521,7.044526362,1.65698564,0.631260918,0.001085211,0.002900857,25925,zinc finger protein 521,
RP11-115J23.1,3.962358888,-2.712672193,1.039330677,0.001096982,0.002930838,NA,NA,
RP11-115K3.2,6.961880474,1.88470888,0.743827915,0.001103331,0.002947501,NA,NA,
UBL4B,7.040333812,1.651134746,0.630751713,0.00110653,0.002954852,164153,ubiquitin like 4B,
RP11-498P14.2,13.84474945,1.22724362,0.44793035,0.001112535,0.002969686,NA,NA,
CYP4F3,9.024302233,1.659288671,0.646410144,0.001132715,0.003021412,4051,cytochrome P450 family 4 subfamily F member 3,
PITX3,8.234434866,-1.448506201,0.549691708,0.001160614,0.00309053,5309,paired like homeodomain 3,
B4GALNT2,5.410542372,1.894819623,0.734542813,0.001163662,0.003097388,124872,"beta-1,4-N-acetyl-galactosaminyltransferase 2 (SID blood group)",
RP11-352B15.1,20.27969272,1.119118089,0.403666714,0.001170549,0.003114777,NA,NA,
RP1-159M24.1,14.09253542,-1.104892897,0.397179885,0.001175533,0.003126464,NA,NA,
CTD-3051D23.1,11.43837993,1.213053876,0.443416931,0.001182269,0.003143111,NA,NA,
NOD2,6.873475778,1.607355797,0.616406007,0.001191461,0.003167231,64127,nucleotide binding oligomerization domain containing 2,
RP11-972P1.10,7.13854605,-1.532300276,0.58854295,0.001193647,0.003172082,NA,NA,
DLEC1,18.69502487,1.074081527,0.385201143,0.001197645,0.003181745,9940,DLEC1 cilia and flagella associated protein,
TSPAN11,4.869235618,2.198727979,0.866743403,0.001206855,0.003204279,441631,tetraspanin 11,
RP11-88E10.5,16.43941157,1.021572489,0.362204673,0.001213013,0.003219981,NA,NA,
FTHL11,16.60137033,1.044519949,0.372070937,0.001213398,0.003220678,NA,NA,
RP11-469A15.2,1.761225331,3.966280091,2.447852581,0.001214489,0.003223251,NA,NA,
TNNT2,19.99142658,1.17835445,0.433911249,0.001227256,0.003255171,7139,"troponin T2, cardiac type",
VWF,7.210873668,1.550929679,0.594840215,0.001234806,0.003274209,7450,von Willebrand factor,
RP11-786O7.1,7.143284004,1.534856611,0.586934617,0.00123747,0.003280614,NA,NA,
RP3-395C13.1,4.78382624,2.172863033,0.857517082,0.001248353,0.003307804,NA,NA,
PDPK2P,9.007484663,1.383121447,0.521628974,0.001252159,0.003316889,653650,"3-phosphoinositide dependent protein kinase 2, pseudogene",
ANTXRL,7.556380667,1.505788807,0.576210429,0.001255399,0.003324804,195977,ANTXR like,
CMAHP,15.22027115,1.083406458,0.390084435,0.001256689,0.003327553,8418,"cytidine monophospho-N-acetylneuraminic acid hydroxylase, pseudogene",
CCDC54,6.196044127,1.74202791,0.680859673,0.00125753,0.003329447,84692,coiled-coil domain containing 54,
CCDC170,18.50876625,1.052202977,0.378012774,0.001259622,0.003334651,80129,coiled-coil domain containing 170,
FGF17,4.935868308,1.96626793,0.769655175,0.001264338,0.003346464,8822,fibroblast growth factor 17,
RP11-473M20.5,9.137835869,1.401407855,0.531607939,0.001265029,0.003347957,NA,NA,
RP1-45I4.3,11.08415446,1.22548781,0.453008102,0.00126766,0.003354248,NA,NA,
AC024592.9,5.22552461,2.049315508,0.815097756,0.001272072,0.003365584,NA,NA,
RP11-481J2.2,22.52850454,1.065301026,0.385126596,0.001275262,0.003373347,NA,NA,
RP11-539G11.2,2.565569236,-3.148767359,1.53471645,0.001285035,0.003397157,NA,NA,
NPFFR1,5.307106558,2.071248955,0.82912073,0.00129096,0.003411794,64106,neuropeptide FF receptor 1,
RP11-747H12.8,1.673918273,-4.028822659,2.515705801,0.001292266,0.003414905,NA,NA,
PTPRVP,4.78774929,2.14938331,0.857563488,0.001310631,0.003460693,148713,"protein tyrosine phosphatase receptor type V, pseudogene",
RP11-49I11.1,13.54370996,1.135426104,0.415730866,0.001326566,0.003500637,NA,NA,
AC011747.4,3.910284355,3.056430782,1.17513157,0.001329384,0.003507021,NA,NA,
HSD17B1P1,9.539402728,1.293999871,0.485461794,0.001332137,0.003513935,643646,hydroxysteroid 17-beta dehydrogenase 1 pseudogene 1,
CTD-2538G9.5,10.22593097,1.317871768,0.498590765,0.001337491,0.003527352,NA,NA,
MROH7,4.388238111,2.348228829,0.932649889,0.001349266,0.003556498,374977,maestro heat like repeat family member 7,
RP11-44N11.1,6.198023239,-1.710215781,0.680967053,0.001356819,0.003575467,NA,NA,
RP11-16E12.2,6.903860958,1.742213147,0.696244774,0.001363199,0.003591563,NA,NA,
CTD-2184C24.2,12.42090867,1.154020588,0.425687316,0.001367064,0.003600667,NA,NA,
TUBAP,9.910992748,-1.318979272,0.504481568,0.001387862,0.00365144,NA,NA,
RP11-154H23.4,2.509710694,2.98525875,1.465847687,0.001391041,0.003659072,NA,NA,
RP3-470B24.5,4.764248851,2.159474811,0.867884751,0.001392075,0.003661428,NA,NA,
CTD-2382E5.6,2.71849727,-3.177677637,1.59134274,0.001401615,0.003685052,NA,NA,
TOGARAM2,13.63828328,1.141486869,0.42213218,0.001411297,0.003709768,165186,TOG array regulator of axonemal microtubules 2,
IL20,7.54490259,1.616400842,0.641184902,0.001413483,0.003714774,50604,interleukin 20,
AC142293.3,7.774150707,-1.456887081,0.568406933,0.001417153,0.003723671,NA,NA,
MTUS2,7.389538207,1.45903047,0.563809929,0.001417292,0.003723671,23281,microtubule associated scaffold protein 2,
AP001065.6,11.46861151,1.278412429,0.485632433,0.001419829,0.003729967,NA,NA,
FRY,12.13672849,1.304945595,0.500071658,0.001441707,0.003784779,10129,FRY microtubule binding protein,
SLC38A3,4.844419221,2.172452145,0.883457508,0.001444071,0.003789879,10991,solute carrier family 38 member 3,
CTD-2325P2.4,8.507966857,1.365498196,0.525176156,0.001471654,0.003859967,NA,NA,
RP1-150O5.3,14.68801653,1.058788765,0.38710727,0.001474224,0.003865554,NA,NA,
FMR1-AS1,6.408380009,1.774383045,0.719940806,0.001498014,0.003923256,100126270,FMR1 antisense RNA 1,
CTD-2265O21.3,13.86508912,1.116970022,0.414290211,0.001501772,0.00393193,NA,NA,
TBX2,6.449762474,1.620758745,0.645301142,0.001510368,0.003953258,6909,T-box transcription factor 2,
GAS2L2,3.830126379,2.515061706,0.995823069,0.001539578,0.004025322,246176,growth arrest specific 2 like 2,
SLC34A2,7.482823086,1.701350392,0.695745161,0.001544443,0.004036442,10568,solute carrier family 34 member 2,
RP11-470P21.2,5.348029891,1.857627766,0.753085538,0.001546348,0.00404062,NA,NA,
CTD-3214H19.6,9.188500962,1.304271797,0.501724108,0.001566182,0.004089612,NA,NA,
FGF11,10.92876731,1.278171018,0.491869269,0.001581387,0.00412809,2256,fibroblast growth factor 11,
KB-1742H10.3,17.08380819,1.00166249,0.365630704,0.00159019,0.004149018,NA,NA,
CTD-2626G11.3,3.986923321,-2.300900688,0.944160144,0.001590632,0.004149762,NA,NA,
GRM2,6.930202699,1.593304952,0.6405307,0.001599852,0.004172579,2912,glutamate metabotropic receptor 2,
RP11-881M11.2,7.350572234,1.455536563,0.572777402,0.001613747,0.004207155,NA,NA,
CASP16P,17.12495156,1.083375645,0.404598519,0.001631649,0.004252147,197350,"caspase 16, pseudogene",
FKBP6,3.570046059,2.933088946,1.1487096,0.001644294,0.004282142,8468,FKBP prolyl isomerase family member 6 (inactive),
RP11-66N5.2,4.252957416,-2.080282924,0.860309771,0.001648,0.004291368,NA,NA,
RP11-490K7.4,4.1899466,-2.080615502,0.857691341,0.001660904,0.004323265,NA,NA,
LINC01451,8.193852749,-1.520168125,0.617772195,0.001665744,0.004335436,401561,long intergenic non-protein coding RNA 1451,
LCTL,10.04872354,-1.266231326,0.492153025,0.001669726,0.004344514,197021,lactase like,
AC010492.2,6.468557565,-1.501786091,0.601186022,0.001684717,0.004382224,NA,NA,
RP11-1L9.1,1.659494093,3.788857674,2.463354386,0.001686807,0.004387227,NA,NA,
FAM131C,16.15449211,-1.011108761,0.373759551,0.001688567,0.004391371,348487,family with sequence similarity 131 member C,
CLEC3B,1.657080975,3.787059101,2.462979315,0.001690257,0.004395334,7123,C-type lectin domain family 3 member B,
C21orf62-AS1,14.31339599,1.067412571,0.39797874,0.001698741,0.004415657,NA,NA,
PLA2G4E,4.187191602,2.261956618,0.927124329,0.001701919,0.00442348,123745,phospholipase A2 group IVE,
SFRP4,5.260500684,1.832227066,0.751953201,0.001712378,0.004448913,6424,secreted frizzled related protein 4,
RP11-551L14.4,5.700519286,1.747308929,0.71784841,0.001727592,0.00448535,NA,NA,
C10orf107,5.105328202,1.978889302,0.82775846,0.00173787,0.004509465,NA,NA,
RP11-2H3.7,8.190949314,-1.349254484,0.533117996,0.001744209,0.004524042,NA,NA,
PARVG,3.968846002,-2.280609271,0.953006431,0.001746093,0.004528483,64098,parvin gamma,
AC091062.2,12.97630527,1.062086962,0.396328809,0.001752844,0.004545546,NA,NA,
GALNT14,4.701874773,-1.972472695,0.831011873,0.00176139,0.004567259,79623,polypeptide N-acetylgalactosaminyltransferase 14,
RPL7P3,4.21633723,2.609493557,1.091850928,0.001766195,0.004579268,140857,ribosomal protein L7 pseudogene 3,
CTD-3023L14.2,3.856397036,-2.245726071,0.932646923,0.001766468,0.004579527,NA,NA,
CTC-265F19.2,3.477327425,2.876780666,1.138511754,0.001780754,0.004614749,NA,NA,
RP4-584D14.6,10.66875851,1.163253913,0.443803806,0.001781888,0.004617235,NA,NA,
CTD-2116N20.1,4.217633087,-2.074322928,0.868872739,0.001788421,0.004632294,NA,NA,
ACTN1-AS1,7.718559173,1.402179182,0.560282283,0.001798872,0.004656216,NA,NA,
RP11-310H4.4,7.874379904,-1.364664742,0.544098186,0.001808997,0.004680972,NA,NA,
NKX2-1-AS1,10.32783422,1.257561501,0.490677105,0.001809146,0.004680972,100506237,NKX2-1 antisense RNA 1,
KIT,19.57132746,1.083467344,0.410388361,0.001810654,0.004683509,3815,"KIT proto-oncogene, receptor tyrosine kinase",
RP11-144N1.1,7.865252874,-1.366277521,0.545823823,0.001833919,0.00473996,NA,NA,
NEGR1,8.68609578,-1.328262315,0.530292933,0.001856285,0.00479495,257194,neuronal growth regulator 1,
SSUH2,10.56264705,-1.155935823,0.446037749,0.00189205,0.004880169,51066,ssu-2 homolog,
CTD-2006C1.13,3.476394915,2.851814395,1.149032453,0.001917534,0.004940107,NA,NA,
RASAL1,15.22746328,1.030236355,0.387137598,0.00191937,0.004944354,8437,RAS protein activator like 1,
RNU6-1161P,7.705283822,-1.417823065,0.577172944,0.001920037,0.00494559,106480077,"RNA, U6 small nuclear 1161, pseudogene",
NKX1-2,7.231677748,1.424411204,0.572734474,0.001923358,0.004953661,390010,NK1 homeobox 2,
MIR6783,1.54388948,-3.800118053,2.535429301,0.001930892,0.004972094,102466734,microRNA 6783,
HOPX,4.109497646,2.561152542,1.087137709,0.001940874,0.00499536,84525,HOP homeobox,
OCA2,7.648479131,1.386781082,0.556398946,0.001946097,0.005006848,4948,OCA2 melanosomal transmembrane protein,
C1QTNF1-AS1,4.223170728,2.228332887,0.94331589,0.001946055,0.005006848,100507410,C1QTNF1 antisense RNA 1,
RP11-616M22.11,5.336641456,1.822556446,0.769309562,0.00195192,0.005020363,NA,NA,
RP11-167H9.4,2.401580632,2.85047828,1.501278783,0.001955348,0.00502869,NA,NA,
CTD-2318O12.1,3.896822675,-2.227048927,0.948396497,0.001955579,0.005028796,NA,NA,
C4orf22,8.072847088,-1.477738928,0.613171591,0.001961434,0.005042377,NA,NA,
CTD-2083E4.7,3.370412994,2.812085354,1.12992653,0.001981253,0.005088372,NA,NA,
AC005753.1,2.475071627,2.884020394,1.531935959,0.001988244,0.005104836,NA,NA,
PRSS57,7.137478879,1.492594794,0.614234436,0.001999561,0.005132394,400668,serine protease 57,
REEP1,4.052671584,2.195799059,0.92267489,0.002003774,0.005142209,65055,receptor accessory protein 1,
RAB4B,12.56514235,1.105088569,0.425129696,0.002008971,0.005153041,53916,"RAB4B, member RAS oncogene family",
DRC1,4.670809314,1.856028919,0.776937845,0.002017146,0.005170993,92749,dynein regulatory complex subunit 1,
RP11-522H2.3,9.946343028,-1.185001619,0.464552907,0.002022934,0.00518476,NA,NA,
AC013449.1,7.167643246,1.501857042,0.621604204,0.002049514,0.005246835,NA,NA,
MEG9,6.670190348,-1.512797136,0.631356041,0.002057591,0.005266492,100507257,maternally expressed 9,
KIAA1456,2.493884668,2.890594032,1.546878017,0.002072206,0.005300301,NA,NA,
RP11-253M7.6,3.372682726,2.811278627,1.143105653,0.002089802,0.005343754,NA,NA,
RP11-104F15.9,5.066263931,1.74905068,0.737346271,0.002117423,0.005410191,NA,NA,
CTD-2034L19.1,2.184060458,-2.820867584,1.521124359,0.002120812,0.005417801,NA,NA,
RP11-456J20.1,1.569297163,-3.779709991,2.569467594,0.002150056,0.00548985,NA,NA,
RP11-282I1.1,4.661011407,1.847106678,0.785138627,0.002191044,0.0055891,NA,NA,
RP11-182I10.3,7.65746918,1.394250286,0.572569637,0.00219489,0.005597583,NA,NA,
C12orf79,9.072251723,-1.312652056,0.537379726,0.00220541,0.005622485,NA,NA,
SCNN1G,15.21766317,-1.032536966,0.397655286,0.002213,0.005640745,6340,sodium channel epithelial 1 subunit gamma,
HPCA,14.4638212,1.064153242,0.412207949,0.002222335,0.005663711,3208,hippocalcin,
BTBD16,6.392723511,1.584856472,0.673057087,0.002251097,0.005730103,118663,BTB domain containing 16,
CXCL14,11.5271245,-1.114658982,0.438684284,0.002291994,0.005828023,9547,C-X-C motif chemokine ligand 14,
FAM47E,10.52824499,1.19923716,0.479875588,0.002304192,0.00585622,100129583,family with sequence similarity 47 member E,
CTD-2027G2.1,4.339569816,-1.849019618,0.802576227,0.002335597,0.005929185,NA,NA,
RP11-461G12.2,10.40951785,1.178222484,0.471194498,0.002374973,0.006021039,NA,NA,
C1orf127,6.366040111,1.573689039,0.673976147,0.002377894,0.006027865,148345,chromosome 1 open reading frame 127,
GDPD4,3.57569932,2.368212581,1.009878589,0.002383363,0.00603999,220032,glycerophosphodiester phosphodiesterase domain containing 4,
AC004016.2,4.856297623,-1.795850718,0.788483499,0.002384263,0.006041109,NA,NA,
RP11-396B14.2,7.259574954,1.410420059,0.588407598,0.002399087,0.006076335,NA,NA,
CTC-526N19.1,4.051605561,2.156311464,0.943395775,0.002399061,0.006076335,NA,NA,
C11orf44,10.75379362,-1.159119021,0.465360718,0.002406996,0.006095782,NA,NA,
PLA1A,1.740722959,3.754796542,2.584828248,0.002407519,0.006096522,51365,phospholipase A1 member A,
PPARGC1A,4.291810704,1.95772329,0.850960352,0.002419295,0.006124647,10891,PPARG coactivator 1 alpha,
RP1-90L6.3,10.77215027,1.16074527,0.464215735,0.002422989,0.006133344,NA,NA,
CHKB-CPT1B,15.82760993,1.038314908,0.404897455,0.002439798,0.00617234,386593,CHKB-CPT1B readthrough (NMD candidate),
RP11-44F14.9,13.54134255,-1.017900339,0.395232268,0.002441076,0.006174391,NA,NA,
AC090505.6,6.737171956,-1.420106622,0.598738155,0.00244594,0.006185507,NA,NA,
AC009784.3,3.613699557,2.841707251,1.230648537,0.002452708,0.006200841,NA,NA,
SLC39A2,3.668722297,2.384331457,1.036839393,0.002481777,0.006271927,29986,solute carrier family 39 member 2,
KRT9,5.551438413,1.681648332,0.732676263,0.002495281,0.006304849,3857,keratin 9,
CTD-3193K9.3,5.761857367,1.583774011,0.679381778,0.002498093,0.006310387,NA,NA,
RP11-973N13.4,3.300092641,2.753475056,1.165940243,0.00251722,0.006354808,NA,NA,
RP11-15I11.3,5.329690701,1.778395566,0.790305141,0.002542624,0.006414033,NA,NA,
AC012065.6,12.68919493,-1.092504813,0.435776103,0.002551106,0.006433585,NA,NA,
DCDC2,4.717640982,1.833139792,0.807266584,0.00256726,0.006472469,51473,doublecortin domain containing 2,
RP1-1J6.2,5.641825332,1.706411861,0.753280114,0.002590499,0.006527316,NA,NA,
MASP1,5.054395142,1.731429242,0.75833651,0.002593127,0.00653269,5648,MBL associated serine protease 1,
IGLON5,5.659435016,1.69338382,0.74941782,0.002610209,0.006572587,402665,IgLON family member 5,
RP11-377D9.3,4.412198691,1.962133203,0.881785936,0.002693505,0.006770703,NA,NA,
CTA-481E9.2,2.078365277,-2.692455489,1.536619185,0.002698008,0.006780729,NA,NA,
RP11-142L4.3,15.89972908,-1.028254879,0.409142976,0.002721973,0.006838354,NA,NA,
RP11-58A12.3,4.947503946,-1.802086997,0.818525932,0.002726861,0.00684933,NA,NA,
RDH12,13.7449004,1.02182928,0.403393193,0.002742213,0.006884616,145226,retinol dehydrogenase 12,
LL21NC02-21A1.1,15.69954092,1.118479848,0.456158241,0.002769249,0.006947867,NA,NA,
CTD-2158P22.4,10.97132949,-1.12707497,0.459305814,0.00278704,0.006989847,NA,NA,
RP11-240G22.1,3.638017797,2.349357695,1.046936043,0.002803806,0.007027889,NA,NA,
CTD-2245F17.11,3.072844532,-2.732792559,1.201931323,0.002835172,0.007101787,NA,NA,
XXbac-B476C20.17,3.814435725,2.069966093,0.92860308,0.002942964,0.007362709,NA,NA,
LAMC3,5.763992615,1.565435173,0.693077921,0.002952459,0.007385064,10319,laminin subunit gamma 3,
RP11-305I9.3,11.3750266,-1.071278345,0.434017492,0.002956927,0.00739554,NA,NA,
AC005042.2,7.030566225,-1.375908306,0.595978088,0.002970661,0.007427076,NA,NA,
RP13-15E13.1,11.91640424,1.061081502,0.427647126,0.002972326,0.007429842,NA,NA,
RP11-660I20.4,10.24124673,-1.141795869,0.471392865,0.002972331,0.007429842,NA,NA,
CTC-490E21.11,8.107025696,1.260531887,0.530142324,0.002974494,0.007434544,NA,NA,
KIR2DL1,3.935816714,2.094308955,0.954117858,0.00298773,0.007465508,3802,"killer cell immunoglobulin like receptor, two Ig domains and long cytoplasmic tail 1",
RP11-576D8.1,6.875128063,-1.418346378,0.623803588,0.002996693,0.007485863,NA,NA,
RP11-893F2.13,6.736525274,1.400256371,0.605019633,0.002996728,0.007485863,NA,NA,
GRAP2,10.29446481,-1.161542019,0.482266733,0.00299863,0.007489907,9402,GRB2 related adaptor protein 2,
RP11-180C1.1,8.481222382,-1.506500077,0.685673453,0.003016959,0.007534263,NA,NA,
RP11-508N22.2,12.45073916,1.032391416,0.41533813,0.003113389,0.007764057,NA,NA,
TNFSF4,13.17062247,1.057406884,0.429549253,0.003117318,0.007772388,7292,TNF superfamily member 4,
AC005041.10,11.45014563,-1.084017529,0.444527256,0.003122647,0.007783469,NA,NA,
AC007365.1,4.336317358,1.92627061,0.89034037,0.003148223,0.007843435,NA,NA,
AC010969.1,3.809463082,2.052385136,0.936019392,0.003149725,0.007845777,NA,NA,
TMEM221,10.32489648,1.211249028,0.513306483,0.003158063,0.00786506,100130519,transmembrane protein 221,
AC097468.6,11.17879665,1.089276171,0.446403691,0.003188869,0.00793654,NA,NA,
SYN3,7.771905115,1.379479867,0.605905103,0.003192998,0.007946067,8224,synapsin III,
RP11-473M20.11,5.552703306,1.514184189,0.671182693,0.003206047,0.007977035,NA,NA,
AC092159.2,6.740535495,-1.386196098,0.613199386,0.003232752,0.008038936,NA,NA,
HCST,2.157743121,2.601566721,1.539499709,0.003247935,0.008073649,10870,hematopoietic cell signal transducer,
CCDC158,1.548114034,3.465852085,2.573902621,0.003248979,0.00807476,339965,coiled-coil domain containing 158,
RP11-48B24.2,3.221174909,-2.274166723,1.048927307,0.003296285,0.008181507,NA,NA,
NUTM1,7.180031669,-1.294754566,0.56207716,0.003320566,0.008237899,256646,NUT midline carcinoma family member 1,
RP11-790G19.2,1.518166888,3.439249757,2.56994341,0.003339973,0.008284488,NA,NA,
WFDC10B,12.21451381,1.038225609,0.424405265,0.003372821,0.008361251,280664,WAP four-disulfide core domain 10B,
EYS,12.93282366,-1.068430914,0.442574891,0.003376601,0.00836905,346007,eyes shut homolog,
CYCSP39,7.312122961,-1.316650407,0.577690978,0.003377112,0.00836953,342358,CYCS pseudogene 39,
MTTP,9.045975247,1.233892184,0.531992823,0.003430105,0.008490499,4547,microsomal triglyceride transfer protein,
RP11-191N8.2,6.440514692,1.428669276,0.638819507,0.00343162,0.008492656,NA,NA,
RP1-102K2.9,7.162421732,1.343608367,0.595862686,0.00344007,0.008511174,NA,NA,
RP11-982M15.7,2.137017304,2.56133028,1.550068001,0.003461035,0.008559034,NA,NA,
RP11-5C23.2,10.73426555,1.076036178,0.445538742,0.003475423,0.008592198,NA,NA,
HCAR2,13.43478003,1.07827603,0.449521356,0.00349192,0.008628941,338442,hydroxycarboxylic acid receptor 2,
RP11-168O16.1,2.934998782,-2.653859412,1.213957836,0.003492837,0.008630402,NA,NA,
CTD-2383M3.1,7.766529393,1.371782057,0.613061158,0.003511578,0.008672649,NA,NA,
RBAKDN,5.214487451,1.714201243,0.809808446,0.003512382,0.008673823,389458,RBAK downstream neighbor,
RP11-26L20.3,11.6293487,1.034127097,0.42376636,0.003517295,0.008682706,NA,NA,
LRRC14B,3.502794947,2.265079174,1.057132812,0.003520117,0.008688046,389257,leucine rich repeat containing 14B,
RP11-196I2.1,9.065363524,1.174125828,0.49874451,0.003521214,0.00868994,NA,NA,
Sept-05,8.696393543,1.325407358,0.590828814,0.003540835,0.00873428,NA,NA,
CD36,6.307922235,1.405274816,0.629295731,0.003608959,0.008891257,948,CD36 molecule (CD36 blood group),
RP11-521C20.2,5.799097322,1.542280183,0.713918577,0.003652677,0.008990838,NA,NA,
RP11-473E2.2,3.328390195,2.212807119,1.023955412,0.003653381,0.008991731,NA,NA,
AC016734.2,12.0353959,-1.002043953,0.412141605,0.003687829,0.009069749,NA,NA,
AC090587.5,11.09846176,1.061625718,0.442544745,0.003688237,0.009069908,NA,NA,
HSPB9,10.27301539,1.14033491,0.485897663,0.003692701,0.00908004,94086,heat shock protein family B (small) member 9,
PARD3B,11.32081618,1.083103859,0.455718649,0.003707664,0.009113437,117583,par-3 family cell polarity regulator beta,
AC063976.7,12.38731791,1.050020155,0.438463425,0.003730258,0.009167264,NA,NA,
RP11-326C3.7,12.85805216,1.011125493,0.417267924,0.003735872,0.009180207,NA,NA,
AC002310.7,3.533219589,-2.037687324,0.979524834,0.003756238,0.009226816,NA,NA,
RP11-449M6.1,4.073867469,1.828608558,0.861827696,0.003766534,0.009250386,NA,NA,
KB-208E9.1,12.34706667,1.012490865,0.417544529,0.003769982,0.009257992,NA,NA,
GAL3ST1,12.22535599,1.091518317,0.462991488,0.003814915,0.009357887,9514,galactose-3-O-sulfotransferase 1,
TRIM50,9.372709558,1.138507097,0.486719808,0.003828611,0.009386248,135892,tripartite motif containing 50,
TRAV39,5.249715306,1.723382494,0.83516981,0.003869038,0.0094748,28642,T cell receptor alpha variable 39,
IGKV2OR22-3,5.051034168,1.831520293,0.908934224,0.003884917,0.009510157,3529,immunoglobulin kappa variable 2/OR22-3 (pseudogene),
RP11-196G11.3,10.93310561,-1.05886545,0.447078203,0.003906664,0.009561619,NA,NA,
HHIPL1,6.104071128,1.484110923,0.689625938,0.003929784,0.009612857,84439,HHIP like 1,
RP11-757O6.2,12.68336985,1.031647566,0.432855927,0.003959302,0.009683267,NA,NA,
RP11-313D6.3,11.22589681,1.065432242,0.451363519,0.003986436,0.009746918,NA,NA,
LINC00649,12.13545587,1.028386835,0.431236152,0.004018527,0.009819015,100506334,long intergenic non-protein coding RNA 649,
IFNB1,2.150990191,2.504867468,1.602760878,0.004036591,0.009861326,3456,interferon beta 1,
RP11-274A11.4,1.940512334,-2.50172002,1.596055714,0.004058586,0.009912308,NA,NA,
RP11-434I12.2,9.575086765,1.100382275,0.470211765,0.004073679,0.009945997,NA,NA,
PPP1R14A,9.121820695,-1.217599731,0.543051895,0.004082,0.009964882,94274,protein phosphatase 1 regulatory inhibitor subunit 14A,
ADAMTS8,4.073868494,1.816911402,0.874053405,0.004093635,0.009991438,11095,ADAM metallopeptidase with thrombospondin type 1 motif 8,
FXYD4,7.246490385,1.267401174,0.565129856,0.004103559,0.010013808,53828,FXYD domain containing ion transport regulator 4,
RP11-1047D15.2,2.958055463,2.530870064,1.180053889,0.004109484,0.010026412,NA,NA,
PLVAP,2.962041169,2.529829263,1.181084129,0.004117532,0.010044192,83483,plasmalemma vesicle associated protein,
IRGM,7.178409372,-1.286358354,0.583248516,0.004190713,0.010208554,345611,immunity related GTPase M,
RP11-93B14.5,11.95903573,-1.084563036,0.468426688,0.004191642,0.010209875,NA,NA,
RN7SL472P,2.043166243,-2.538294456,1.662100822,0.004198081,0.010223671,106479395,"RNA, 7SL, cytoplasmic 472, pseudogene",
RP11-74J13.2,12.02412167,-1.026397766,0.436063261,0.004210534,0.010249269,NA,NA,
RP11-297N6.4,4.717210843,1.590214605,0.751891054,0.004226971,0.010286434,NA,NA,
C5orf60,3.055462635,2.551053866,1.2189891,0.004246467,0.010328165,NA,NA,
RP11-307B6.3,1.436231806,3.241697212,2.605097013,0.004250826,0.010337816,NA,NA,
STXBP5L,1.417976031,-3.369858563,2.709526284,0.004263579,0.010367874,9515,syntaxin binding protein 5L,
CCDC26,1.412070358,-3.362804985,2.709562901,0.004295501,0.010439729,137196,CCDC26 long non-coding RNA,
ECSCR,1.40527219,-3.355228078,2.709781584,0.004331816,0.010524113,641700,endothelial cell surface expressed chemotaxis and apoptosis regulator,
RP11-1008C21.2,9.954187094,-1.145776025,0.506531372,0.004343539,0.010550651,NA,NA,
RP11-351I21.2,8.287223091,-1.206295809,0.544459293,0.004417668,0.010716796,NA,NA,
CHRNG,7.763173718,-1.28269602,0.592182056,0.004442671,0.01077261,1146,cholinergic receptor nicotinic gamma subunit,
RP11-170K4.2,11.65514499,1.073237344,0.46475827,0.004457635,0.010804923,NA,NA,
RP11-139H15.6,5.813013304,1.408933679,0.65783477,0.004475088,0.010844242,NA,NA,
IGKV1OR22-1,4.022457904,2.020010689,1.034097415,0.004489583,0.01087519,3530,immunoglobulin kappa variable 1/OR22-1 (pseudogene),
GRM1,7.49102159,1.219698478,0.546760196,0.004511134,0.010923566,2911,glutamate metabotropic receptor 1,
IZUMO1,5.7077006,1.512982744,0.730772351,0.004555169,0.011023116,284359,izumo sperm-oocyte fusion 1,
CTD-2337I7.1,11.39544658,1.040477,0.447234322,0.004569802,0.011056498,NA,NA,
SHISA7,10.08680886,1.039045578,0.444945748,0.004570491,0.011057153,729956,shisa family member 7,
CTA-126B4.7,6.864607807,1.284276773,0.5875231,0.004580385,0.011077306,NA,NA,
CTC-548K16.2,7.95402987,1.209346841,0.544287792,0.004594961,0.011110242,NA,NA,
GRM4,7.115315194,1.237362079,0.559711798,0.004632728,0.011194381,2914,glutamate metabotropic receptor 4,
RP5-968J1.1,6.934193475,1.28886843,0.593688713,0.004656757,0.011248325,NA,NA,
RP11-126F18.1,1.917969053,-2.438164596,1.636485056,0.004664879,0.011265881,NA,NA,
KLHL10,7.226751505,1.255260208,0.573289449,0.004684212,0.011308432,317719,kelch like family member 10,
CTD-3065J16.6,9.192453811,-1.153272617,0.518185441,0.004701621,0.011347346,NA,NA,
CHRDL2,5.667832209,1.629228171,0.823340307,0.004740581,0.011436149,25884,chordin like 2,
RP11-367G6.2,2.86767812,2.458798977,1.183047409,0.004742425,0.011439551,NA,NA,
SRMS,10.29793297,1.066254659,0.464433359,0.004744291,0.011443006,6725,src-related kinase lacking C-terminal regulatory tyrosine and N-terminal myristylation sites,
RP11-43F13.3,5.357286447,1.554990797,0.765557818,0.00474594,0.011444891,NA,NA,
SAA1,3.983792656,1.770235203,0.87664331,0.00476776,0.011491211,6288,serum amyloid A1,
VMO1,6.302535967,1.376559936,0.652692672,0.00480407,0.011571328,284013,vitelline membrane outer layer 1 homolog,
RP13-941N14.1,4.324588605,1.648138318,0.809467324,0.004817409,0.011600283,NA,NA,
DUX4L50,6.565158253,1.325414163,0.620239415,0.004839655,0.011650662,106480350,double homeobox 4 like 50 (pseudogene),
KRT8P26,6.171286098,1.356156197,0.638171381,0.004842578,0.011656635,390211,keratin 8 pseudogene 26,
RP5-836E8.1,7.051856536,-1.250954861,0.57868008,0.004865017,0.011706377,NA,NA,
RP5-1063M23.3,11.64830939,-1.034859482,0.451888847,0.004873969,0.011726849,NA,NA,
NR2E1,6.131954939,1.345975449,0.633821475,0.004929988,0.011847593,7101,nuclear receptor subfamily 2 group E member 1,
AC108171.5,9.163099737,1.099430408,0.48635433,0.004953218,0.011899786,NA,NA,
KCNE3,7.22514226,1.447974022,0.713735036,0.004962042,0.011917027,10008,potassium voltage-gated channel subfamily E regulatory subunit 3,
RP11-510N19.5,3.419328542,2.175948691,1.115231816,0.004978678,0.011955895,NA,NA,
AC093611.1,10.50753216,1.098278981,0.488374304,0.004983895,0.011967333,NA,NA,
ACTN3,8.679446193,1.173158293,0.532184237,0.00499537,0.011992705,89,actinin alpha 3,
KIR3DL3,1.433320171,3.143897922,2.689797507,0.005089905,0.012200796,115653,"killer cell immunoglobulin like receptor, three Ig domains and long cytoplasmic tail 3",
CTD-2611K5.6,8.374254141,1.181918194,0.540797662,0.005103096,0.012227971,NA,NA,
RP5-1119A7.14,2.862855536,2.431951023,1.202970446,0.005151695,0.012334594,NA,NA,
RP3-510D11.2,3.664883031,1.915841446,0.983124554,0.005162598,0.012357089,NA,NA,
RP11-843B15.4,5.854357435,-1.379579065,0.670941718,0.005173564,0.012378846,NA,NA,
ALPPL2,7.133113243,1.424536008,0.70520564,0.005202281,0.012443045,NA,NA,
AC073465.1,9.438212923,-1.060927183,0.471068165,0.005210099,0.012460616,NA,NA,
RP3-347M6.2,4.416469951,-1.590409815,0.803052694,0.00522626,0.012494592,NA,NA,
SNORA66,8.521982165,-1.16996155,0.540102373,0.005231351,0.012504644,26782,"small nucleolar RNA, H/ACA box 66",
CTD-2561B21.5,7.94320842,-1.208983748,0.566542492,0.005264041,0.012575949,NA,NA,
RP11-385D13.1,5.767456383,1.392905686,0.673487824,0.005312988,0.01268485,NA,NA,
RP4-647C14.3,5.170931771,1.50485378,0.749869698,0.005328789,0.012721422,NA,NA,
RP11-162D16.4,6.329670754,-1.277939074,0.607115699,0.005352501,0.012774566,NA,NA,
RP1-120G22.11,9.646059366,1.150644744,0.529402775,0.005373268,0.012818332,NA,NA,
WI2-89031B12.1,9.603559847,1.080883829,0.484584969,0.005390248,0.012856516,NA,NA,
AC074391.1,7.755576022,-1.188603553,0.554462552,0.005408423,0.012897534,NA,NA,
TMEM170B,9.610122839,1.162230228,0.536920265,0.005443274,0.012970097,100113407,transmembrane protein 170B,
CTD-2245E15.3,4.81746615,1.58415649,0.80620611,0.005486507,0.01306532,NA,NA,
VWA2,7.089553405,1.22532627,0.572440796,0.005486702,0.01306532,340706,von Willebrand factor A domain containing 2,
AC018641.6,10.55538352,-1.031983639,0.46051425,0.005514527,0.013125659,NA,NA,
AC004988.1,2.035714581,2.343097314,1.662766435,0.005519075,0.013135298,NA,NA,
BTBD11,6.283245751,-1.270261522,0.605877219,0.005531692,0.013162953,NA,NA,
RP11-173E2.1,9.57898637,-1.019131379,0.451426999,0.005559357,0.013218628,NA,NA,
RP11-316C12.2,8.181566148,1.158754728,0.533945864,0.005566828,0.013233438,NA,NA,
DPRXP3,2.868259168,-2.478188952,1.311730961,0.005574151,0.013249653,503644,divergent-paired related homeobox pseudogene 3,
BEX2,10.16312002,1.111531269,0.507380279,0.005590494,0.013286105,84707,brain expressed X-linked 2,
AP000442.4,1.412317456,3.0748147,2.733303276,0.005606688,0.013315001,NA,NA,
SOWAHA,8.502975492,1.125745274,0.516038586,0.005678899,0.01347679,134548,sosondowah ankyrin repeat domain family member A,
RP11-23N2.4,3.266396482,2.068014714,1.087185726,0.005713308,0.013551136,NA,NA,
RP11-459K23.1,1.31049052,-3.087891692,2.784059932,0.005715929,0.013556136,NA,NA,
GJA9,1.925684468,2.255698343,1.609506849,0.005717464,0.013558559,81025,gap junction protein alpha 9,
C5orf49,5.229541996,1.645674373,0.880357279,0.005731142,0.013588552,NA,NA,
AC040963.1,1.916598477,2.276850582,1.609606486,0.005736046,0.013598958,NA,NA,
FABP4,3.380014448,-2.182965249,1.220208747,0.005744883,0.013618686,2167,fatty acid binding protein 4,
FABP5L3,5.497220298,-1.39447722,0.699740088,0.005773806,0.013682406,NA,NA,
AKAP14,3.946088512,1.715790395,0.897055771,0.005872995,0.013906147,158798,A-kinase anchoring protein 14,
ALLC,5.273484477,1.522896255,0.78597936,0.005877773,0.013914965,55821,allantoicase,
CTD-2373J19.1,11.11853358,-1.021669482,0.458853497,0.005877636,0.013914965,NA,NA,
AC022182.2,6.973424184,-1.205237308,0.574153006,0.00589739,0.013957651,NA,NA,
AC114730.2,4.869804639,1.568259882,0.816665303,0.005910968,0.013987277,NA,NA,
OR2A20P,8.36782261,1.171815327,0.551806683,0.005918227,0.0140032,401428,olfactory receptor family 2 subfamily A member 20 pseudogene,
AC011330.8,4.02211775,1.725783389,0.912563493,0.005943647,0.014057044,NA,NA,
RP11-17P16.1,8.931132312,-1.093065487,0.505993844,0.006042735,0.014273487,NA,NA,
RP11-74M13.5,10.86916516,1.012784649,0.454877125,0.006099277,0.014401888,NA,NA,
AC004797.1,8.997088078,-1.093555466,0.508386671,0.006113507,0.014434198,NA,NA,
NRXN3,3.302490218,2.081923561,1.1285865,0.006139601,0.014488032,9369,neurexin 3,
CTD-2527I21.5,10.06556513,1.018281788,0.458901891,0.00620196,0.014618195,NA,NA,
RP11-19G24.3,2.581900769,-2.360918338,1.238710291,0.006210527,0.014637079,NA,NA,
FAM87B,8.841755192,1.105157813,0.513079379,0.006220552,0.014659398,400728,family with sequence similarity 87 member B,
RNA5SP323,1.29993482,-3.024579475,2.836820537,0.006223482,0.014664992,100873589,"RNA, 5S ribosomal pseudogene 323",
RP11-424M24.3,6.957339842,-1.209177385,0.584064572,0.006261814,0.014748734,NA,NA,
TRG-AS1,9.175670235,1.083778621,0.501635315,0.006334126,0.0149124,100506776,T cell receptor gamma locus antisense RNA 1,
LGALS9B,1.274527138,-2.987607883,2.844193548,0.006446156,0.015157224,284194,galectin 9B,
RP11-255B23.3,3.713889523,-1.726915804,0.944385016,0.006448855,0.015161288,NA,NA,
TGFBR3L,11.25545343,-1.064874635,0.497091374,0.00645505,0.015174082,100507588,transforming growth factor beta receptor 3 like,
DPYS,4.622282114,1.498531515,0.777519286,0.006457879,0.015176677,1807,dihydropyrimidinase,
RP11-560I19.4,6.427649394,1.261958989,0.622119081,0.006484582,0.015234006,NA,NA,
MIR3153,5.129308946,-1.538808458,0.842564641,0.006541409,0.015359305,100422936,microRNA 3153,
MIR3176,7.401921637,-1.275098542,0.642803963,0.006556139,0.015391154,100423037,microRNA 3176,
PCNPP,8.056536426,-1.090106064,0.511806171,0.006617325,0.015530649,NA,NA,
AD000864.6,8.291450861,1.146423481,0.549512672,0.006661546,0.015623319,NA,NA,
RP11-9N20.3,3.25717983,2.029662541,1.126347471,0.006689445,0.015687358,NA,NA,
RP5-908M14.5,5.506237498,1.413465481,0.734544574,0.0067014,0.015711206,NA,NA,
ATP13A5,2.743748505,2.293793203,1.23110519,0.006757491,0.015837081,344905,ATPase 13A5,
RP11-333J10.3,4.119499364,-1.623710543,0.894966664,0.006768705,0.015861956,NA,NA,
SLC2A14,4.770397811,1.531998648,0.820639532,0.006776812,0.015879544,144195,solute carrier family 2 member 14,
CLDN18,7.657949639,1.222466163,0.602868664,0.006791756,0.015913147,51208,claudin 18,
AC005355.2,2.941882171,-2.014214638,1.120968075,0.006792911,0.015914441,NA,NA,
AC017080.1,4.202163612,-1.490501543,0.785657641,0.006803996,0.015938058,NA,NA,
AP000550.1,4.678404913,-1.458955454,0.77183065,0.006804443,0.015938058,NA,NA,
KEL,7.198249669,1.220819537,0.600991456,0.006811107,0.015948577,3792,Kell metallo-endopeptidase (Kell blood group),
RP11-231C14.3,6.09079849,-1.294647346,0.658159027,0.006815439,0.015956327,NA,NA,
CTD-2516F10.2,4.68269137,1.51442076,0.804476972,0.006818207,0.015960955,NA,NA,
FSBP,2.717129587,2.304585656,1.237044953,0.006875167,0.016088586,100861412,fibrinogen silencer binding protein,
CLDN24,11.89071064,-1.010659696,0.467309801,0.006879931,0.016098307,100132463,claudin 24,
L29074.3,3.067521925,1.994202653,1.08672238,0.006933865,0.016218755,NA,NA,
LY6G6C,1.933274275,2.169040775,1.702202726,0.006948419,0.016248479,80740,lymphocyte antigen 6 family member G6C,
RP11-673P17.4,2.561671602,-2.300261835,1.263266163,0.006949547,0.016249677,NA,NA,
SERPIND1,6.003597317,-1.391254494,0.737364549,0.006960349,0.016273493,3053,serpin family D member 1,
RASSF6,7.081776137,1.17994496,0.577274829,0.007054086,0.016476597,166824,Ras association domain family member 6,
RP11-478C19.2,4.578385104,-1.424752853,0.751686595,0.007071577,0.016514528,NA,NA,
RP11-694F24.2,7.493802686,-1.27929206,0.660629921,0.007086205,0.016545761,NA,NA,
KLRG2,7.089946684,-1.291374882,0.669152932,0.007102754,0.016581469,346689,killer cell lectin like receptor G2,
TSGA10IP,1.819916445,-2.143839982,1.75893314,0.007102465,0.016581469,254187,testis specific 10 interacting protein,
TF,4.822955604,1.397043567,0.722778941,0.007144308,0.016672137,7018,transferrin,
RP11-845M18.3,11.0775942,1.014436839,0.472355898,0.007154359,0.016693083,NA,NA,
AC084809.2,8.231021118,1.268604752,0.65554242,0.007231881,0.016860549,NA,NA,
RP5-856G1.2,1.315408801,2.790259302,2.845317685,0.007279622,0.016970354,NA,NA,
AC066692.5,1.314202242,2.788469044,2.845712082,0.00729089,0.016993619,NA,NA,
RP11-120M18.2,3.718431132,1.621189572,0.876157898,0.007294125,0.016999659,NA,NA,
SNORA51,4.217369701,-1.475811739,0.794798292,0.00733204,0.017079481,677831,"small nucleolar RNA, H/ACA box 51",
RP11-468E2.9,3.073125403,1.971029419,1.099236256,0.007353014,0.017123296,NA,NA,
RP11-501O2.2,7.03773119,-1.207557177,0.60820987,0.007383147,0.017187405,NA,NA,
PTGDS,7.760589284,1.203135518,0.605469717,0.007412685,0.017253123,5730,prostaglandin D2 synthase,
RP11-647K16.1,7.096845227,-1.131833361,0.553249347,0.007427868,0.017286937,NA,NA,
C22orf42,3.608902554,-1.656123933,0.932264213,0.007433413,0.017296791,150297,chromosome 22 open reading frame 42,
RP11-353N14.5,9.940626572,1.121077613,0.548044383,0.00744818,0.01732657,NA,NA,
RP5-1139B12.2,5.846629404,-1.242792914,0.631027511,0.007453227,0.017336782,NA,NA,
CTA-268H5.14,5.67530298,1.320623973,0.683675423,0.007460508,0.01735219,NA,NA,
AC005356.1,7.111255781,1.199654305,0.599030449,0.00747661,0.017380214,NA,NA,
EPHA8,4.47548677,1.45075808,0.77108568,0.007500869,0.017432238,2046,EPH receptor A8,
MIR589,5.050839756,-1.40261671,0.754853573,0.007507608,0.017446364,693174,microRNA 589,
AC109585.1,10.00804807,1.006346152,0.469300496,0.007518402,0.017468005,NA,NA,
RP11-9N20.1,3.083348976,1.968027527,1.108376873,0.007518906,0.017468005,NA,NA,
RP11-162G10.5,10.15782291,1.022156767,0.480807508,0.007547612,0.017529825,NA,NA,
DOK5,1.286668214,2.747512755,2.85548802,0.007554142,0.017542146,55816,docking protein 5,
PSG7,7.098789987,1.196781946,0.59858537,0.007564122,0.01756223,5676,pregnancy specific beta-1-glycoprotein 7,
PMS2P10,7.087683856,-1.132138201,0.556168255,0.00759484,0.017628899,100288713,"PMS1 homolog 2, mismatch repair system component pseudogene 10",
RP11-263F19.1,5.591929235,-1.282857909,0.665400543,0.007605493,0.017650374,NA,NA,
RP11-548C21.1,5.587815771,-1.285005194,0.666988418,0.007617854,0.017672992,NA,NA,
RP11-360O19.4,7.50365208,1.09734507,0.528157197,0.00761776,0.017672992,NA,NA,
RP11-688I9.2,4.117024743,-1.580334236,0.903172891,0.007653818,0.017751746,NA,NA,
RP11-290F5.2,7.983225921,1.095983556,0.529875289,0.007669608,0.017785242,NA,NA,
AC010746.4,8.723128823,-1.115430484,0.54986024,0.007680167,0.017806769,NA,NA,
RP11-23B5.1,1.291704134,-2.844781884,3.036643321,0.007682188,0.01780972,NA,NA,
CD247,5.419379524,1.369599893,0.729773992,0.007688401,0.01782256,919,CD247 molecule,
ALB,4.06470345,1.51358304,0.819371893,0.007737752,0.017932234,213,albumin,
RP11-399O19.5,10.1633073,-1.082428373,0.528990199,0.007761952,0.017986739,NA,NA,
RP11-510M2.5,3.174053416,-1.773825389,1.016249376,0.007816493,0.018105179,NA,NA,
RP11-964E11.2,1.312291293,2.724516392,2.919070845,0.00782078,0.018113519,NA,NA,
RP11-351J23.1,3.340595722,1.732232587,0.969812321,0.007871032,0.018220313,NA,NA,
AL928742.10,3.603191843,-1.653176104,0.948419535,0.007872889,0.018223015,NA,NA,
RP11-519G16.5,3.472825054,1.74662997,1.002427571,0.007935622,0.018361778,NA,NA,
RP11-388B24.3,9.849765821,-1.030770499,0.495201939,0.007941666,0.018372541,NA,NA,
RP5-1086D14.1,3.981271853,-1.544808531,0.876745568,0.00794915,0.018386853,NA,NA,
RP3-393E18.2,3.375996457,1.734216601,0.979036533,0.007951854,0.018389664,NA,NA,
RP11-567E21.3,3.94063665,1.662970841,0.956294251,0.007960343,0.018407682,NA,NA,
RP11-168K9.1,4.015933412,-1.716019401,1.05285213,0.008002136,0.018499463,NA,NA,
RNU1-47P,1.794712299,2.021297144,1.676917208,0.008055144,0.018607341,106480161,"RNA, U1 small nuclear 47, pseudogene",
RP11-486M23.3,2.433790951,-2.206102141,1.255428708,0.00807882,0.018653396,NA,NA,
CTD-2562G15.3,7.750165928,-1.081009201,0.530265269,0.00809561,0.018687733,NA,NA,
CTC-559E9.12,5.141940139,1.451557503,0.80755588,0.008109887,0.018717414,NA,NA,
RP11-92K15.3,6.684620266,1.194181442,0.607234508,0.008125872,0.018752667,NA,NA,
CTB-127C13.1,2.717907631,2.224368866,1.287083643,0.008158835,0.018822157,NA,NA,
AC012358.8,6.058337157,1.273619978,0.667912093,0.008173481,0.018852648,NA,NA,
PALM2-AKAP2,4.410529735,-1.379849082,0.743414095,0.008180143,0.018864717,NA,NA,
LRRC2-AS1,7.999627555,1.087086896,0.533677851,0.008266296,0.019051474,83598,LRRC2 antisense RNA 1,
EPX,9.716254392,1.011332764,0.483255701,0.008292987,0.019108259,8288,eosinophil peroxidase,
RP11-893F2.6,5.443360013,1.365021313,0.744417732,0.008295901,0.019113305,NA,NA,
C11orf72,5.326174255,1.346571526,0.725633045,0.008303451,0.019129028,NA,NA,
RP11-365F18.6,9.271973862,-1.014601055,0.487415228,0.008314323,0.019150731,NA,NA,
CTC-236F12.4,4.545584213,1.449624533,0.801671956,0.008335406,0.019195942,NA,NA,
AC064836.3,2.443637584,-2.196884353,1.272511295,0.008362225,0.019250988,NA,NA,
CTD-2325P2.2,1.292699183,2.651391644,2.984028034,0.008362969,0.019251021,NA,NA,
DSC3,7.854262214,1.070366284,0.522703559,0.008416537,0.01936251,1825,desmocollin 3,
RP11-734I18.1,4.476230568,-1.376598096,0.75218105,0.008444817,0.019422489,NA,NA,
RP11-440G5.2,6.442693704,1.149858719,0.579466028,0.008586269,0.019727192,NA,NA,
AC005392.13,1.770652736,2.003887179,1.701202376,0.008598977,0.01975123,NA,NA,
RP11-64D22.5,1.672721555,-2.009488611,1.752684665,0.008606196,0.019763271,NA,NA,
KRTAP2-3,12.42741906,-1.026829666,0.505189202,0.008613938,0.019778711,730755,keratin associated protein 2-3,
AC013470.7,5.2747904,1.331257513,0.721035487,0.008639295,0.019826584,NA,NA,
SLFN11,6.099223081,-1.181926846,0.61165111,0.008706879,0.019971266,91607,schlafen family member 11,
TTC6,2.682242411,2.163851586,1.285062961,0.008813044,0.020188465,319089,tetratricopeptide repeat domain 6,
RP5-874C20.7,3.448503312,1.727654061,1.029219791,0.008850308,0.020268053,NA,NA,
CATIP,4.792533734,1.357162592,0.741004654,0.008864312,0.020291817,375307,ciliogenesis associated TTC17 interacting protein,
RP11-747H12.3,2.432990929,-2.178724772,1.290552014,0.008869437,0.020301789,NA,NA,
CALCRL,10.43070688,1.102684987,0.559728275,0.008873204,0.020308649,10203,calcitonin receptor like receptor,
EGR4,3.584705136,-1.613038532,0.963363862,0.008916926,0.020401643,1961,early growth response 4,
AC004603.4,4.847456407,1.358797617,0.748549585,0.008992497,0.020562068,NA,NA,
RP11-563E2.2,1.677413476,-1.965110391,1.784831279,0.009030767,0.020642423,NA,NA,
RP11-326I19.2,3.68707876,1.582994463,0.915844283,0.009073101,0.020726625,NA,NA,
AC093642.1,9.979446007,1.045062688,0.518501851,0.009095675,0.020776395,NA,NA,
CERS1,7.891171012,1.069155942,0.53238393,0.009105086,0.020794293,10715,ceramide synthase 1,
TNNT3,2.718111678,2.174364773,1.327437776,0.009116384,0.020818294,7140,"troponin T3, fast skeletal type",
GNA14,4.446837994,1.409832891,0.791526585,0.009193909,0.020982624,9630,G protein subunit alpha 14,
RP4-774G10.1,1.653212353,-1.944152755,1.782396085,0.009239383,0.021079114,NA,NA,
CDSN,1.430200837,2.609371078,3.391919916,0.009242285,0.021083912,1041,corneodesmosin,
RP11-385F5.2,7.372403822,1.125401184,0.577696506,0.009252368,0.021105091,NA,NA,
RP11-338K17.10,5.273601695,-1.404363766,0.822110225,0.009256903,0.02111361,NA,NA,
AC006026.9,6.060370885,-1.178597204,0.618992966,0.00928907,0.021177828,NA,NA,
RP11-114H23.3,5.836182388,-1.220867275,0.656186325,0.009392659,0.021388132,NA,NA,
RP11-503G7.2,7.698836103,1.101914169,0.563106539,0.00943839,0.021482999,NA,NA,
RP4-798P15.3,2.951802055,1.859748378,1.120755704,0.009451778,0.021511618,NA,NA,
AC010504.2,6.487728217,1.158810946,0.602020243,0.009465561,0.021539272,NA,NA,
RP11-210N13.1,3.585052685,-1.588748925,0.969161046,0.009472987,0.021554311,NA,NA,
RP11-315D16.4,1.293905742,2.496975846,3.219382001,0.00951556,0.021638123,NA,NA,
GLT1D1,3.246232673,1.65634089,0.975420512,0.009535677,0.021680132,144423,glycosyltransferase 1 domain containing 1,
RP11-383C5.4,6.413457451,1.137733502,0.586540036,0.009547746,0.021703833,NA,NA,
RP11-817O13.9,6.065124295,1.164118105,0.607371164,0.009635047,0.021882886,NA,NA,
TMEM240,6.575021518,1.157750409,0.606635249,0.009641541,0.021894418,339453,transmembrane protein 240,
AC002115.7,4.095659511,1.486342188,0.867589033,0.00967555,0.021964089,NA,NA,
CD5,2.945273594,1.852515977,1.127985771,0.009704252,0.022023562,921,CD5 molecule,
CTC-303L1.1,1.698118339,-1.879372122,1.847861204,0.009706395,0.022026532,NA,NA,
RP11-437L7.2,8.157269101,-1.063769418,0.543320557,0.009720996,0.022055413,NA,NA,
RP11-18H21.1,3.830756602,-1.478161836,0.876542759,0.009733066,0.022079463,NA,NA,
CTC-498J12.1,5.382982094,1.340075268,0.761436752,0.009741008,0.022093681,NA,NA,
RP11-48O20.4,8.138954883,1.027161042,0.510953551,0.009755138,0.022123829,NA,NA,
IQGAP2,5.425782202,1.235404953,0.66589147,0.009771651,0.02215747,10788,IQ motif containing GTPase activating protein 2,
CASKIN1,3.682174293,1.552497073,0.921551175,0.009819777,0.022260431,57524,CASK interacting protein 1,
RP11-256I23.3,5.456199395,1.238067879,0.672023167,0.009914885,0.022461031,NA,NA,
RP11-436I9.2,8.529958324,1.018583296,0.507632151,0.009924297,0.022480423,NA,NA,
RP11-269M20.3,1.180112565,2.361213492,3.097302717,0.009953153,0.022536117,NA,NA,
RP4-529N6.1,1.180112565,2.361213492,3.097302717,0.009953153,0.022536117,NA,NA,
AP001476.3,3.442634175,-1.74078939,1.156060035,0.009958322,0.022545887,NA,NA,
RP3-413H6.2,1.178906007,2.358751018,3.098726549,0.009970257,0.022569037,NA,NA,
SFTPD,9.39183833,1.015960755,0.508192507,0.009976934,0.022582214,6441,surfactant protein D,
RP11-281P23.2,2.887230188,-1.874812276,1.217267596,0.009987955,0.022601344,NA,NA,
RP1-118J21.5,3.997963559,1.445085417,0.837069743,0.009997976,0.022622082,NA,NA,
RNA5SP108,1.661080886,-1.851854798,1.842925157,0.010044231,0.022720897,100873378,"RNA, 5S ribosomal pseudogene 108",
CACNG3,3.5476732,1.699647933,1.089385399,0.010125116,0.022892094,10368,calcium voltage-gated channel auxiliary subunit gamma 3,
AC139099.3,3.592510693,1.526911491,0.901388676,0.010136378,0.022913632,NA,NA,
UNC13C,4.163053497,1.462313591,0.871060602,0.010139601,0.022918955,440279,unc-13 homolog C,
FAM71F1,4.509302557,1.412123026,0.828479265,0.010206754,0.023060869,NA,NA,
CTD-2525I3.2,4.008665495,1.433697003,0.835878923,0.010217104,0.023081158,NA,NA,
FXYD1,3.587329326,1.518001256,0.897635625,0.010232128,0.023112262,5348,FXYD domain containing ion transport regulator 1,
RP11-118B23.6,3.589390334,1.522029206,0.901001624,0.010238539,0.023124764,NA,NA,
CTC-463N11.1,4.326115995,-1.31482942,0.743483673,0.010243383,0.023133726,NA,NA,
AC012087.1,1.310848331,-2.432865776,3.876700728,0.010329421,0.023318059,NA,NA,
RP11-603K19.2,5.122663972,-1.245865628,0.696030049,0.010346976,0.023353693,NA,NA,
AC074289.1,4.359126021,1.37289867,0.789765257,0.010376422,0.023414148,NA,NA,
RFPL1-AS1,4.687247131,1.314042079,0.740473136,0.010380898,0.023420242,NA,NA,
SRPX,3.066383841,-1.655054144,1.039118699,0.01049559,0.023656756,8406,sushi repeat containing protein X-linked,
RP11-221N13.4,1.70045425,-1.848452287,1.91559721,0.010502479,0.02366824,NA,NA,
PARM1,8.154558858,-1.013585013,0.513098363,0.010503945,0.023669524,25849,prostate androgen-regulated mucin-like protein 1,
RP11-152C15.1,6.064272138,-1.164182234,0.630904983,0.01053441,0.023732095,NA,NA,
AC099552.4,15.66376456,1.050235435,0.551832196,0.010546027,0.023755875,NA,NA,
RP11-597G23.1,7.773256283,-1.065255184,0.555556688,0.010546766,0.023755875,NA,NA,
AC108448.2,2.892235378,1.795072813,1.117664759,0.010564634,0.023788001,NA,NA,
RP11-382M14.1,4.793590685,1.33869094,0.771158814,0.01056663,0.023790467,NA,NA,
EXTL1,7.817856365,1.117758019,0.594915128,0.01060989,0.023881754,2134,exostosin like glycosyltransferase 1,
RP11-553A10.2,8.159666905,1.08172873,0.567476673,0.010608654,0.023881754,NA,NA,
NTN3,3.247713281,1.618653524,0.993202803,0.01060915,0.023881754,4917,netrin 3,
CYP2B7P1,9.300586659,1.049030617,0.543551948,0.01066137,0.023987402,NA,NA,
HIST1H1E,5.949148912,-1.129681847,0.604090884,0.010693344,0.02405114,NA,NA,
RP11-468E2.12,2.903932312,1.794007313,1.128198033,0.010741871,0.024158226,NA,NA,
RP11-426L16.9,2.524810286,2.039125558,1.290950146,0.010796196,0.024272128,NA,NA,
RP11-894J14.2,4.432224905,-1.335055353,0.78106955,0.01079598,0.024272128,NA,NA,
AC003682.17,2.495850077,2.043942333,1.287248274,0.010864538,0.024415379,NA,NA,
RP11-932O9.7,1.19749743,2.218610285,3.385605442,0.010907478,0.024503531,NA,NA,
RP5-1054A22.4,1.659301454,-1.814697832,1.910435927,0.010921596,0.024531493,NA,NA,
RP11-511B23.3,3.232828838,1.608483992,1.001115863,0.011048076,0.024798276,NA,NA,
SLC6A20,9.444464191,1.014218,0.52146842,0.011132528,0.024981462,54716,solute carrier family 6 member 20,
FAM209A,2.871141707,1.76800584,1.123796983,0.011144188,0.025005499,200232,family with sequence similarity 209 member A,
RP11-250B2.3,7.055302122,1.152700021,0.63098676,0.01114786,0.025011613,NA,NA,
CTD-2020K17.1,3.619555276,1.497394234,0.919290949,0.011208211,0.02513847,NA,NA,
CYP4F8,2.463923807,2.036702241,1.294565399,0.011210535,0.025141547,11283,cytochrome P450 family 4 subfamily F member 8,
SLC28A2,10.71429435,1.005397964,0.517407654,0.011236382,0.02519309,9153,solute carrier family 28 member 2,
RP1-262D12.1,4.934467286,-1.316827421,0.785973001,0.011257711,0.025234483,NA,NA,
RP13-554M15.5,2.336872038,-2.033083751,1.333307345,0.01139587,0.025522495,NA,NA,
RP1-228P16.7,4.99167347,1.230559401,0.692846194,0.011411155,0.025554559,NA,NA,
CTD-2195B23.3,3.033802088,-1.610475777,1.042774175,0.011474227,0.025691445,NA,NA,
CTB-55O6.13,1.699510546,1.723800422,1.791905205,0.011547248,0.025843981,NA,NA,
RP11-104L21.3,3.27176297,1.596270708,1.019929757,0.01157851,0.025911752,NA,NA,
RP3-431P23.6,1.695892695,1.72126001,1.790970845,0.011584323,0.025922562,NA,NA,
RP11-174O3.6,4.223705345,1.319609466,0.768124326,0.011591163,0.02593567,NA,NA,
THEG,6.571087389,1.134216867,0.621680204,0.011593912,0.025939621,NA,NA,
KCNN1,6.064479541,1.144487677,0.62621409,0.01161361,0.025977086,3780,potassium calcium-activated channel subfamily N member 1,
AHSG,2.301979021,-2.006945348,1.326347435,0.011643927,0.026031663,197,alpha 2-HS glycoprotein,
RP11-93B14.6,6.083495927,1.141213482,0.625153897,0.011668224,0.026079355,NA,NA,
CTD-2066L21.1,6.818584664,-1.047870548,0.553828426,0.011734538,0.02622313,NA,NA,
RP11-295B17.4,5.057807545,-1.221135665,0.702727947,0.01176039,0.026278677,NA,NA,
RP11-54D18.4,5.690253342,-1.154303815,0.646870244,0.011917645,0.026605289,NA,NA,
KRT17P3,2.401932945,1.97381788,1.275232361,0.012017244,0.026807229,729682,keratin 17 pseudogene 3,
RP11-789A7.1,3.939694735,-1.328982552,0.798784188,0.012069882,0.026915552,NA,NA,
RP11-116O18.3,2.488821273,1.988734242,1.331742286,0.012105289,0.026989948,NA,NA,
RP11-616M22.9,1.166345552,1.995135488,3.791726236,0.012142222,0.027065434,NA,NA,
RP11-783K16.14,4.63404543,1.261036892,0.734805678,0.012157146,0.027096411,NA,NA,
RP11-1191J2.5,5.324622865,1.184526387,0.668451877,0.012180263,0.027143353,NA,NA,
RP1-69D17.4,3.303177122,-1.469266116,0.934956625,0.012218718,0.027217558,NA,NA,
RP11-490G2.2,4.276936658,1.431230806,0.930899868,0.012295625,0.027363468,NA,NA,
AC097500.2,7.358465104,1.085101284,0.594381451,0.01231704,0.027401883,NA,NA,
AC012360.6,3.109172682,-1.586180129,1.075318905,0.012323993,0.027412732,NA,NA,
GDAP1L1,9.199412993,1.025523169,0.546508085,0.012339758,0.027443172,78997,ganglioside induced differentiation associated protein 1 like 1,
RP11-806L2.2,2.419703316,-2.002080635,1.423895854,0.012343991,0.027450275,NA,NA,
RP11-554D14.2,5.184581462,-1.148881331,0.644582207,0.012379628,0.027527203,NA,NA,
FANCD2OS,2.322464145,-1.974351017,1.36948498,0.012579597,0.02792715,115795,FANCD2 opposite strand,
RP11-209D14.2,8.136724003,1.00356357,0.528039838,0.012584402,0.027933359,NA,NA,
RP11-219I21.2,5.403418118,1.297712217,0.801866157,0.012642981,0.028048991,NA,NA,
SERPINE2,5.419876194,1.194571017,0.689862545,0.012649204,0.028060439,5270,serpin family E member 2,
RP11-3B7.1,5.930134352,-1.107357932,0.618202009,0.012741319,0.02824579,NA,NA,
CSH2,5.685327934,-1.146186145,0.655958122,0.012849838,0.028474405,1443,chorionic somatomammotropin hormone 2,
JCHAIN,3.857730643,1.498129147,1.022771349,0.012952573,0.028690015,3512,joining chain of multimeric IgA and IgM,
ELL3,3.110936438,1.537034633,0.994557829,0.012958163,0.02869758,80237,elongation factor for RNA polymerase II 3,
C9orf135,2.880288358,1.704571865,1.172136094,0.012988653,0.028755453,NA,NA,
RP11-547D24.1,1.545017775,-1.634542366,1.887065998,0.012990961,0.028758149,NA,NA,
CTD-2233C11.3,3.049735334,-1.569688347,1.079908306,0.013020251,0.028815738,NA,NA,
AC084809.3,2.364106368,1.93909531,1.301911481,0.013059456,0.02889766,NA,NA,
CTD-2291D10.1,3.305953804,1.566633536,1.072173756,0.013139365,0.029072044,NA,NA,
RP11-87C7.2,7.053138574,-1.00361506,0.53558318,0.013152404,0.029093576,NA,NA,
RP11-376O6.2,1.530697987,-1.60585771,1.879775037,0.013211799,0.029212719,NA,NA,
RP11-417L19.5,5.830278765,1.160992258,0.674143539,0.013311696,0.029411427,NA,NA,
CDH17,4.006480497,1.376222381,0.881384794,0.013328614,0.029443877,1015,cadherin 17,
ASTL,7.759907213,1.008341243,0.542472206,0.013542402,0.029873645,431705,astacin like metalloendopeptidase,
RP4-784A16.3,2.930085007,-1.536575731,1.045418306,0.01360783,0.030007942,NA,NA,
AC105053.3,2.859232187,1.688969771,1.192317803,0.013743606,0.030282056,NA,NA,
TRPM5,1.704967787,1.536776591,1.916111352,0.013810695,0.030424796,29850,transient receptor potential cation channel subfamily M member 5,
RP11-159J2.1,6.893371736,1.021580776,0.553436612,0.013823897,0.030451338,NA,NA,
RP11-187O7.3,1.63656306,1.584298677,1.86628937,0.013850642,0.030502616,NA,NA,
BOLA2B,6.182422374,-1.064709033,0.597440375,0.013934781,0.03066744,654483,bolA family member 2B,
RP11-419M24.6,1.552532202,-1.552199174,1.943298747,0.013951988,0.030700189,NA,NA,
AP000437.3,1.553108781,-1.534859784,1.941184473,0.014017916,0.030837547,NA,NA,
RP5-874C20.6,2.735292698,1.660296355,1.145816393,0.014133992,0.031077357,NA,NA,
RP11-459F3.3,1.704467444,1.504467687,1.930893009,0.014183958,0.031184622,NA,NA,
RP11-677M14.2,6.752504164,1.066939291,0.601819937,0.014320192,0.031465797,NA,NA,
HOXA1,1.663666746,1.505513699,1.896129921,0.01434158,0.03151017,3198,homeobox A1,
ERG,1.526947648,-1.525197613,1.934468031,0.014373328,0.031574667,2078,ETS transcription factor ERG,
DPEP1,5.808661826,1.159492668,0.691668778,0.014425742,0.031684532,1800,dipeptidase 1,
RP11-644F5.15,3.982633519,-1.289638252,0.828677889,0.014470591,0.031775107,NA,NA,
CTD-2532K18.2,6.643459976,1.054361913,0.592006929,0.014587919,0.03201942,NA,NA,
RP5-1142J19.1,6.512412596,1.03521372,0.573175275,0.014607017,0.032053342,NA,NA,
PDXP,4.295337684,-1.241378093,0.780847215,0.014635074,0.032109571,57026,pyridoxal phosphatase,
RP11-325I22.3,1.784921919,1.468009258,2.108591104,0.014682691,0.032206013,NA,NA,
DSC1,4.952564099,1.187827346,0.71868292,0.014697612,0.032233385,1823,desmocollin 1,
RP5-844F9.1,3.504962077,1.392224401,0.929168939,0.014819344,0.032484159,NA,NA,
RP11-23E19.2,3.371211016,-1.417300841,0.991044141,0.014847696,0.032543604,NA,NA,
RP13-638C3.3,2.554027335,-1.623687242,1.1767366,0.01488589,0.032619194,NA,NA,
EPGN,3.175563327,-1.389448858,0.929588763,0.01490567,0.032659826,255324,epithelial mitogen,
PRDM6,4.628288201,1.243133343,0.784761209,0.01512804,0.033100348,93166,PR/SET domain 6,
C3orf36,1.558889558,1.463875681,1.774317853,0.01519232,0.033232728,80111,chromosome 3 putative open reading frame 36,
HCG17,4.585532491,1.221993195,0.762236072,0.015197417,0.033241122,414778,HLA complex group 17,
AC079325.6,3.821944686,1.321289891,0.860889791,0.015206338,0.033257879,NA,NA,
AC007389.1,5.419205894,-1.083733636,0.629716636,0.01524964,0.03334706,NA,NA,
LINC00628,2.971633168,-1.487120519,1.078350557,0.015282267,0.033407333,127841,long intergenic non-protein coding RNA 628,
RP13-347D8.1,2.264220741,1.818576616,1.293088586,0.015281869,0.033407333,NA,NA,
AC073415.2,3.570796528,-1.312149492,0.874823134,0.015516098,0.033870805,NA,NA,
SLFN12L,5.189005557,-1.114105486,0.670045687,0.015780819,0.034400308,100506736,schlafen family member 12 like,
IGHG1,3.49665413,1.370841802,0.940452593,0.015872287,0.034579707,3500,immunoglobulin heavy constant gamma 1 (G1m marker),
RP11-95L3.1,2.935126692,-1.464012051,1.072278935,0.015907422,0.034650532,NA,NA,
FOXD3,6.011865317,1.07879379,0.635159283,0.015936682,0.034710223,27022,forkhead box D3,
CYP19A1,5.984019687,1.075901517,0.632240421,0.015986688,0.034800218,1588,cytochrome P450 family 19 subfamily A member 1,
AP001475.1,1.549946954,1.407910609,1.782119571,0.016021646,0.034873439,NA,NA,
EVA1C,5.586046817,-1.100075607,0.663031678,0.016054769,0.034936893,59271,eva-1 homolog C,
RP11-387H17.4,2.628722329,1.580786977,1.129609101,0.016119639,0.035060712,NA,NA,
ILDR1,1.537243113,1.432920684,1.795826076,0.016124356,0.035068082,286676,immunoglobulin like domain containing receptor 1,
AC006273.4,3.75562508,1.284113951,0.840188895,0.016182222,0.035176542,NA,NA,
CTD-2510L9.2,1.658913895,1.348569149,1.919237316,0.016196323,0.035199559,NA,NA,
RP11-215P8.3,7.43842195,-1.042017335,0.612557807,0.016210536,0.035224153,NA,NA,
RP11-104L21.2,5.978849401,1.078959387,0.638970821,0.016273938,0.035352618,NA,NA,
UBE2NL,3.02205792,-1.485353583,1.140917232,0.016282826,0.035369015,389898,ubiquitin conjugating enzyme E2 N like (gene/pseudogene),
CH507-9B2.1,5.908806749,1.071602758,0.631074502,0.016371597,0.035541366,NA,NA,
RP11-167H9.6,7.746758993,1.063562659,0.633063472,0.016434746,0.035672588,NA,NA,
XX-FW83128A1.2,6.654514713,1.031408532,0.596366378,0.016473535,0.035750903,NA,NA,
F13A1,4.177075492,-1.195293111,0.769544375,0.016677608,0.036164047,2162,coagulation factor XIII A chain,
IFITM5,3.551722185,1.356873298,0.963235954,0.016741789,0.036294274,387733,interferon induced transmembrane protein 5,
SIGLEC18P,1.537740605,1.369835647,1.796729041,0.016894484,0.036601249,114184,"sialic acid binding Ig like lectin 18, pseudogene",
HIST1H3C,6.135314865,-1.11422957,0.698959383,0.016987298,0.036784211,NA,NA,
RET,4.312857704,1.252988515,0.848731877,0.017054323,0.036926316,5979,ret proto-oncogene,
RCAN2,2.294945128,1.736891298,1.35343964,0.017117718,0.037042309,10231,regulator of calcineurin 2,
RP11-109J4.1,2.27543125,1.756159607,1.359350113,0.017125984,0.037057159,NA,NA,
IDO2,2.639288927,1.535735879,1.137644544,0.017177509,0.037162555,169355,"indoleamine 2,3-dioxygenase 2",
TBX21,2.244555246,1.741684128,1.339420031,0.017256272,0.037326836,30009,T-box transcription factor 21,
PF4V1,2.425482,-1.537869177,1.157307022,0.017282821,0.037381199,5197,platelet factor 4 variant 1,
RP11-335F8.1,3.741402107,1.265281881,0.847679667,0.017318794,0.037452869,NA,NA,
PALD1,5.133436638,-1.10287412,0.681466735,0.017344863,0.037496954,27143,phosphatase domain containing paladin 1,
RP11-64B16.3,2.26449764,1.725868428,1.347652515,0.017421433,0.037647069,NA,NA,
RP11-142A22.3,1.539224064,1.315209184,1.779841408,0.017443802,0.037689237,NA,NA,
NPSR1-AS1,3.376127152,1.324001775,0.923623631,0.017639287,0.038077316,404744,NPSR1 antisense RNA 1,
MLN,3.730004853,1.259234046,0.851786501,0.017790338,0.038381411,4295,motilin,
LA16c-429E7.1,3.862824459,1.27085157,0.883189622,0.017797576,0.038393888,NA,NA,
RP11-1191J2.2,6.066458698,1.008652558,0.585659402,0.017804159,0.038404951,NA,NA,
MIR4664,3.866848004,1.284305775,0.900672699,0.01783715,0.03847297,100616318,microRNA 4664,
BDH2P1,4.456533226,1.169763065,0.755476448,0.017940772,0.038677508,389416,"3-hydroxybutyrate dehydrogenase 2, pseudogene 1",
CEACAM20,6.583508717,1.002793392,0.586315311,0.017950413,0.038695131,125931,CEA cell adhesion molecule 20,
HCG20,6.187368635,1.086686897,0.681334027,0.01809618,0.038964804,105375013,HLA complex group 20,
DRAIC,6.297890039,1.032602222,0.618421594,0.018119524,0.039011887,145837,"downregulated RNA in cancer, inhibitor of cell invasion and migration",
ACSM1,5.390835067,1.120258316,0.717646983,0.018171897,0.039109701,116285,acyl-CoA synthetase medium chain family member 1,
ALAS2,2.73387827,1.521517329,1.216165541,0.018195584,0.039156481,212,5'-aminolevulinate synthase 2,
AC009499.1,5.119497014,1.087436784,0.670840685,0.018242692,0.039254656,NA,NA,
RP11-22L13.1,4.432793233,-1.128259232,0.722554558,0.018264957,0.039292957,NA,NA,
RP13-580F15.2,5.052769532,-1.069106717,0.659326557,0.018350756,0.039467882,NA,NA,
NUTM2B,1.531209294,1.27129883,1.781713618,0.01838463,0.039537515,729262,NUT family member 2B,
BIN2,4.770798362,1.129259017,0.717616117,0.018414244,0.03959475,51411,bridging integrator 2,
RP11-766H1.1,5.703688869,-1.023764711,0.616511577,0.018554093,0.039875964,NA,NA,
POU5F1,3.859089466,-1.207025039,0.829681539,0.018625948,0.040017361,5460,POU class 5 homeobox 1,
CTC-260E6.9,2.073762282,-1.672294134,1.37913525,0.018697357,0.040160974,NA,NA,
ADD2,1.54065224,1.24065992,1.776803484,0.018775187,0.040315025,119,adducin 2,
AC010761.14,3.01552214,1.372800838,1.024913039,0.018818097,0.040396581,NA,NA,
RP11-474N24.6,4.117081691,1.204256739,0.815934412,0.018842476,0.040438536,NA,NA,
PLCL1,1.744262781,1.065351488,1.780379354,0.018935838,0.040620328,5334,phospholipase C like 1 (inactive),
RP11-7F17.3,4.106362506,1.19899025,0.812192289,0.018993277,0.040726993,NA,NA,
ZBTB8B,2.984077787,1.374263799,1.028981691,0.019071059,0.040870537,728116,zinc finger and BTB domain containing 8B,
RP11-159F24.2,2.435683594,-1.490961781,1.199072499,0.019085319,0.040897777,NA,NA,
AC000124.1,1.572082844,1.184522942,1.750520669,0.019118953,0.040956549,NA,NA,
RP11-411B10.2,6.107107436,-1.076937164,0.69498323,0.019207563,0.041133015,NA,NA,
SCTR,2.265071368,1.650766164,1.395953595,0.019213462,0.041142309,6344,secretin receptor,
RP11-330L19.1,5.488932941,-1.053000786,0.659361725,0.019220893,0.041154883,NA,NA,
COL3A1,3.69359738,1.24584351,0.872384319,0.019345208,0.041394197,1281,collagen type III alpha 1 chain,
RP11-490F3.1,4.653723517,-1.075385853,0.677374089,0.019349739,0.041400536,NA,NA,
HOXB8,3.005233412,1.369837878,1.048179719,0.019566629,0.041840985,3218,homeobox B8,
RP11-367N14.2,4.431486575,-1.185642816,0.848603962,0.019612183,0.041931467,NA,NA,
CTD-2027I19.2,6.342325358,1.026751945,0.633293551,0.019626574,0.041950145,NA,NA,
RP11-191L9.6,6.36533987,1.041441664,0.648826245,0.019624197,0.041950145,NA,NA,
ABCC6P1,4.075209603,1.186058853,0.810369852,0.019724067,0.042148747,653190,ATP binding cassette subfamily C member 6 pseudogene 1,
TMEM105,5.531113924,1.061703985,0.668446034,0.019733591,0.042163718,284186,TMEM105 long non-coding RNA,
TEX38,2.173978737,1.642646701,1.34432721,0.019745549,0.042185853,374973,testis expressed 38,
HRC,4.076126538,1.192757546,0.819258824,0.019758293,0.042209663,3270,histidine rich calcium binding protein,
AC046143.6,1.585849858,1.132193556,1.717126027,0.019803557,0.042299513,NA,NA,
XXbac-BPG294E21.9,2.416890652,-1.467066283,1.199991113,0.019810739,0.04231143,NA,NA,
CTA-243E7.1,2.806899128,-1.361508583,1.075749002,0.019837379,0.042358043,NA,NA,
AC004471.9,3.345799354,-1.2993674,1.033710018,0.019859139,0.042401078,NA,NA,
AC008746.3,1.63535365,1.104016348,1.764612272,0.019883556,0.042449777,NA,NA,
EIF4A2P3,4.881838501,1.115866559,0.739226791,0.020083307,0.042845037,100133309,eukaryotic translation initiation factor 4A2 pseudogene 3,
KCNK2,4.070385193,1.179516057,0.8129275,0.020214301,0.043096628,3776,potassium two pore domain channel subfamily K member 2,
NECAB1,3.263617741,1.269214321,0.913674079,0.020222952,0.04311159,64168,N-terminal EF-hand calcium binding protein 1,
RP11-481F23.1,2.607858324,1.451131184,1.182355661,0.0203251,0.043304867,NA,NA,
MIR6835,1.572969238,-1.012012877,1.675410195,0.02033569,0.043320437,102465502,microRNA 6835,
GSPT2,4.569616488,-1.123003778,0.764650932,0.020344491,0.043335687,23708,G1 to S phase transition 2,
RP1-186E20.1,4.667504279,-1.066220499,0.683506046,0.020368851,0.043384074,NA,NA,
NKG7,3.32850917,1.281613809,0.949963548,0.020398743,0.043440732,4818,natural killer cell granule protein 7,
RP1-140K8.1,2.25867437,1.602990089,1.424472829,0.020410498,0.043462258,NA,NA,
NRAP,1.551505793,1.130239767,1.710015619,0.020421285,0.043478213,4892,nebulin related anchoring protein,
CTD-2265D6.1,4.951649574,-1.097452525,0.736970277,0.020452203,0.043537015,NA,NA,
AC139932.1,2.124662925,1.623108939,1.344519484,0.020565605,0.043757242,NA,NA,
PIH1D3,1.655653001,1.053601455,1.716866544,0.020614993,0.043846413,NA,NA,
RP11-400K9.1,1.441817649,-1.072432556,1.643301668,0.020692539,0.043995399,NA,NA,
ECT2L,2.136160208,1.606657681,1.343243604,0.020717187,0.044037161,345930,epithelial cell transforming 2 like,
PSMD10P,1.528796176,1.115820922,1.683763266,0.020898283,0.044397076,NA,NA,
RP11-219E7.2,5.036474645,1.063000306,0.680698776,0.020913419,0.044425656,NA,NA,
CTD-2024P10.2,2.181579443,1.591691777,1.372924642,0.020988377,0.044566952,NA,NA,
KRTAP5-10,3.232239568,1.250496907,0.908027636,0.021032448,0.044653348,387273,keratin associated protein 5-10,
SNORD42B,1.414623978,-1.076526081,1.649168679,0.021224296,0.045020821,26808,"small nucleolar RNA, C/D box 42B",
CALY,4.72996733,1.166742352,0.849415448,0.021302334,0.045164575,50632,calcyon neuron specific vesicular protein,
FGB,2.014945895,-1.583246967,1.422174547,0.021383849,0.0453192,2244,fibrinogen beta chain,
MTND1P15,2.505277482,1.419981021,1.14799132,0.021538686,0.045621707,100288998,MT-ND1 pseudogene 15,
RP11-65J3.14,3.252037551,1.240594953,0.918171283,0.021724183,0.045974028,NA,NA,
RP11-307E17.2,2.026443178,-1.565328094,1.440549218,0.02180393,0.046116911,NA,NA,
RP11-1000B6.5,2.534735183,1.404105611,1.15312954,0.021848877,0.046204571,NA,NA,
RNU12,2.508673715,1.406759787,1.14886331,0.021902947,0.046311493,267010,"RNA, U12 small nuclear",
AC005102.1,2.295099102,-1.402340024,1.159001381,0.022053263,0.046594471,NA,NA,
RP11-69M1.3,4.816829857,-1.061046221,0.714547412,0.022207482,0.046895294,NA,NA,
RP11-736N17.11,1.43238969,1.105104862,1.585444748,0.022240591,0.046961453,NA,NA,
ISL2,5.29645182,-1.004175825,0.639896625,0.022286285,0.047046645,64843,ISL LIM homeobox 2,
RP4-741O10.1,3.293838935,1.230516887,0.933859659,0.022456169,0.047348468,NA,NA,
RP11-381L18.2,2.776294839,-1.298264411,1.091623904,0.02257208,0.047573862,NA,NA,
RP1-20C7.6,5.541428186,1.02599791,0.67392319,0.022883501,0.048157161,NA,NA,
RP11-446E24.3,2.684561925,1.372826052,1.251037461,0.02293749,0.048263083,NA,NA,
OR7E39P,4.457435076,-1.072709588,0.746558572,0.023254777,0.048883927,253933,olfactory receptor family 7 subfamily E member 39 pseudogene,
HCG4B,5.488917594,-1.037191823,0.701079633,0.023379396,0.049110686,80868,HLA complex group 4B,
AC004947.2,2.290983758,-1.366517394,1.175256591,0.023465962,0.049280761,NA,NA,
CNDP1,4.344710622,1.086566925,0.751935144,0.023472006,0.049289531,84735,carnosine dipeptidase 1,
RP11-841C19.3,4.16276624,-1.116206158,0.820060753,0.023647399,0.049630204,NA,NA,
PDE10A,4.927350087,-1.008228901,0.660590392,0.023683581,0.049702189,10846,phosphodiesterase 10A,
PTGIS,5.015825064,1.036713661,0.690746342,0.023767689,0.049858877,5740,prostaglandin I2 synthase,
RP3-507I15.1,3.301723043,1.20693157,0.941165105,0.023786844,0.049892094,NA,NA,
SMOC1,2.118910682,1.496143897,1.40524135,0.023794585,0.049899435,64093,SPARC related modular calcium binding 1,
